date,name,symbol,open,high,low,close,adj_close,volume
2025-08-15,S&P 500,^GSPC,6477.3798828125,6481.33984375,6441.85009765625,6449.7998046875,6449.7998046875,4575060000
2025-08-18,S&P 500,^GSPC,6445.02001953125,6455.35009765625,6437.7001953125,6449.14990234375,6449.14990234375,4162290000
2025-08-19,S&P 500,^GSPC,6446.240234375,6456.47998046875,6400.22021484375,6411.3701171875,6411.3701171875,4377440000
2025-08-20,S&P 500,^GSPC,6406.6201171875,6408.39990234375,6343.85986328125,6395.77978515625,6395.77978515625,4470390000
2025-08-21,S&P 500,^GSPC,6380.830078125,6393.64990234375,6352.7099609375,6370.169921875,6370.169921875,4013560000
2025-08-22,S&P 500,^GSPC,6384.58984375,6478.89013671875,6384.58984375,6466.91015625,6466.91015625,5046860000
2025-08-25,S&P 500,^GSPC,6457.669921875,6466.89013671875,6438.06005859375,6439.31982421875,6439.31982421875,4059070000
2025-08-26,S&P 500,^GSPC,6435.490234375,6468.3701171875,6429.2099609375,6465.93994140625,6465.93994140625,4867680000
2025-08-27,S&P 500,^GSPC,6462.259765625,6487.06005859375,6457.83984375,6481.39990234375,6481.39990234375,4143680000
2025-08-28,S&P 500,^GSPC,6483.83984375,6508.22998046875,6466.9599609375,6501.85986328125,6501.85986328125,4283760000
2025-08-29,S&P 500,^GSPC,6489.27978515625,6491.759765625,6444.56982421875,6460.259765625,6460.259765625,4234840000
2025-09-02,S&P 500,^GSPC,6401.509765625,6416.5400390625,6360.580078125,6415.5400390625,6415.5400390625,4784000000
2025-09-03,S&P 500,^GSPC,6445.81982421875,6453.669921875,6416.169921875,6448.259765625,6448.259765625,4465360000
2025-09-04,S&P 500,^GSPC,6456.60009765625,6502.5400390625,6445.97998046875,6502.080078125,6502.080078125,4670770000
2025-09-05,S&P 500,^GSPC,6529.080078125,6532.64990234375,6443.97998046875,6481.5,6481.5,5066120000
2025-09-08,S&P 500,^GSPC,6498.08984375,6508.669921875,6483.2900390625,6495.14990234375,6495.14990234375,5211500000
2025-09-09,S&P 500,^GSPC,6503.330078125,6518.22998046875,6483.080078125,6512.60986328125,6512.60986328125,4798350000
2025-09-10,S&P 500,^GSPC,6550.2900390625,6555.97021484375,6516.33984375,6532.0400390625,6532.0400390625,5253010000
2025-09-11,S&P 500,^GSPC,6554.41015625,6592.89013671875,6545.7998046875,6587.47021484375,6587.47021484375,5426460000
2025-09-12,S&P 500,^GSPC,6590.66015625,6600.2099609375,6579.490234375,6584.2900390625,6584.2900390625,4641640000
2025-09-15,S&P 500,^GSPC,6603.490234375,6619.6201171875,6602.06982421875,6615.27978515625,6615.27978515625,5045020000
2025-09-16,S&P 500,^GSPC,6624.1298828125,6626.990234375,6600.10986328125,6606.759765625,6606.759765625,5359510000
2025-09-17,S&P 500,^GSPC,6604.8701171875,6624.39013671875,6551.14990234375,6600.35009765625,6600.35009765625,5805340000
2025-09-18,S&P 500,^GSPC,6626.85009765625,6656.7998046875,6611.89013671875,6631.9599609375,6631.9599609375,5292400000
2025-09-19,S&P 500,^GSPC,6647.10986328125,6671.81982421875,6630.31005859375,6664.35986328125,6664.35986328125,9125960000
2025-09-22,S&P 500,^GSPC,6654.27978515625,6698.8798828125,6648.06982421875,6693.75,6693.75,5642620000
2025-09-23,S&P 500,^GSPC,6692.43994140625,6699.52001953125,6645.580078125,6656.919921875,6656.919921875,5633620000
2025-09-24,S&P 500,^GSPC,6669.7900390625,6672.66015625,6621.759765625,6637.97021484375,6637.97021484375,5459180000
2025-09-25,S&P 500,^GSPC,6608.18994140625,6619.0,6569.22021484375,6604.72021484375,6604.72021484375,5874670000
2025-09-26,S&P 500,^GSPC,6615.3798828125,6648.97021484375,6604.43017578125,6643.7001953125,6643.7001953125,5103110000
2025-09-29,S&P 500,^GSPC,6661.580078125,6677.31005859375,6644.490234375,6661.2099609375,6661.2099609375,5358760000
2025-09-30,S&P 500,^GSPC,6656.18994140625,6691.25,6641.0,6688.4599609375,6688.4599609375,6057210000
2025-10-01,S&P 500,^GSPC,6664.919921875,6718.47998046875,6656.2001953125,6711.2001953125,6711.2001953125,6037950000
2025-10-02,S&P 500,^GSPC,6731.31005859375,6731.93994140625,6693.22998046875,6715.35009765625,6715.35009765625,5416130000
2025-10-03,S&P 500,^GSPC,6722.14013671875,6750.8701171875,6705.669921875,6715.7900390625,6715.7900390625,5713110000
2025-10-06,S&P 500,^GSPC,6733.85986328125,6749.52001953125,6717.77978515625,6740.27978515625,6740.27978515625,5604460000
2025-10-07,S&P 500,^GSPC,6746.14013671875,6754.490234375,6699.9599609375,6714.58984375,6714.58984375,5546150000
2025-10-08,S&P 500,^GSPC,6723.8701171875,6755.64013671875,6718.08984375,6753.72021484375,6753.72021484375,5383130000
2025-10-09,S&P 500,^GSPC,6760.5,6764.580078125,6716.169921875,6735.10986328125,6735.10986328125,5385020000
2025-10-10,S&P 500,^GSPC,6740.490234375,6762.39990234375,6550.77978515625,6552.509765625,6552.509765625,6596610000
2025-10-13,S&P 500,^GSPC,6622.52978515625,6668.68017578125,6620.7099609375,6654.72021484375,6654.72021484375,5303960000
2025-10-14,S&P 500,^GSPC,6602.490234375,6680.7001953125,6555.06982421875,6644.31005859375,6644.31005859375,5666920000
2025-10-15,S&P 500,^GSPC,6688.27001953125,6724.1201171875,6612.10986328125,6671.06005859375,6671.06005859375,5633060000
2025-10-16,S&P 500,^GSPC,6689.02001953125,6709.33984375,6593.990234375,6629.06982421875,6629.06982421875,6048180000
2025-10-17,S&P 500,^GSPC,6613.27001953125,6678.8798828125,6603.759765625,6664.009765625,6664.009765625,5358120000
2025-10-20,S&P 500,^GSPC,6690.0498046875,6744.35009765625,6690.0498046875,6735.1298828125,6735.1298828125,4672170000
2025-10-21,S&P 500,^GSPC,6736.75,6752.16015625,6722.02978515625,6735.35009765625,6735.35009765625,5245020000
2025-10-22,S&P 500,^GSPC,6741.33984375,6741.75,6655.68994140625,6699.39990234375,6699.39990234375,5710010000
2025-10-23,S&P 500,^GSPC,6703.64990234375,6749.52978515625,6700.14013671875,6738.43994140625,6738.43994140625,5565750000
2025-10-24,S&P 500,^GSPC,6772.06982421875,6807.10986328125,6772.06982421875,6791.68994140625,6791.68994140625,5058220000
2025-10-27,S&P 500,^GSPC,6845.4599609375,6877.27978515625,6843.93994140625,6875.16015625,6875.16015625,5290650000
2025-10-28,S&P 500,^GSPC,6897.740234375,6911.2998046875,6870.72998046875,6890.89013671875,6890.89013671875,5695930000
2025-10-29,S&P 500,^GSPC,6910.9501953125,6920.33984375,6851.91015625,6890.58984375,6890.58984375,6280130000
2025-10-30,S&P 500,^GSPC,6860.5,6880.75,6820.68994140625,6822.33984375,6822.33984375,6052700000
2025-10-31,S&P 500,^GSPC,6879.169921875,6879.169921875,6814.259765625,6840.2001953125,6840.2001953125,6398280000
2025-11-03,S&P 500,^GSPC,6882.31982421875,6882.31982421875,6820.6201171875,6851.97021484375,6851.97021484375,6065720000
2025-11-04,S&P 500,^GSPC,6788.52001953125,6820.2099609375,6766.7099609375,6771.5498046875,6771.5498046875,5739510000
2025-11-05,S&P 500,^GSPC,6769.77001953125,6829.77978515625,6763.10986328125,6796.2900390625,6796.2900390625,5939600000
2025-11-06,S&P 500,^GSPC,6787.58984375,6796.68017578125,6707.509765625,6720.31982421875,6720.31982421875,6051900000
2025-11-07,S&P 500,^GSPC,6696.18017578125,6730.10986328125,6631.43994140625,6728.7998046875,6728.7998046875,5926070000
2025-11-10,S&P 500,^GSPC,6785.35986328125,6841.31982421875,6770.56005859375,6832.43017578125,6832.43017578125,5366050000
2025-11-11,S&P 500,^GSPC,6815.64013671875,6855.1298828125,6806.8701171875,6846.60986328125,6846.60986328125,4983490000
2025-11-12,S&P 500,^GSPC,6867.77001953125,6869.91015625,6829.6201171875,6850.919921875,6850.919921875,5293610000
2025-11-13,S&P 500,^GSPC,6826.47021484375,6828.0498046875,6724.72021484375,6737.490234375,6737.490234375,5473720000
2025-11-14,S&P 500,^GSPC,6672.14013671875,6774.31005859375,6646.8701171875,6734.10986328125,6734.10986328125,5042660000
2025-11-17,S&P 500,^GSPC,6713.60986328125,6754.5,6638.89990234375,6672.41015625,6672.41015625,5204220000
2025-11-18,S&P 500,^GSPC,6641.18994140625,6666.6298828125,6574.31982421875,6617.31982421875,6617.31982421875,5159390000
2025-11-19,S&P 500,^GSPC,6625.83984375,6689.75,6603.5,6642.16015625,6642.16015625,5021610000
2025-11-20,S&P 500,^GSPC,6737.93017578125,6770.35009765625,6534.0498046875,6538.759765625,6538.759765625,5596080000
2025-11-21,S&P 500,^GSPC,6555.77001953125,6660.0498046875,6521.919921875,6602.990234375,6602.990234375,5929930000
2025-11-24,S&P 500,^GSPC,6636.5400390625,6715.75,6630.7001953125,6705.1201171875,6705.1201171875,6039740000
2025-11-25,S&P 500,^GSPC,6697.02978515625,6776.39990234375,6659.97998046875,6765.8798828125,6765.8798828125,5003330000
2025-11-26,S&P 500,^GSPC,6793.5498046875,6831.43994140625,6783.8701171875,6812.60986328125,6812.60986328125,4485000000
2025-11-28,S&P 500,^GSPC,6822.52001953125,6850.85986328125,6819.75,6849.08984375,6849.08984375,2558540000
2025-12-01,S&P 500,^GSPC,6812.2998046875,6843.64990234375,6799.93994140625,6812.6298828125,6812.6298828125,4549370000
2025-12-02,S&P 500,^GSPC,6830.9599609375,6851.5498046875,6806.7099609375,6829.3701171875,6829.3701171875,4582290000
2025-12-03,S&P 500,^GSPC,6815.2900390625,6862.419921875,6810.43017578125,6849.72021484375,6849.72021484375,4736780000
2025-12-04,S&P 500,^GSPC,6866.47021484375,6866.47021484375,6827.1201171875,6857.1201171875,6857.1201171875,4872440000
2025-12-05,S&P 500,^GSPC,6866.31982421875,6895.77978515625,6858.2900390625,6870.39990234375,6870.39990234375,4944560000
2025-12-08,S&P 500,^GSPC,6875.2001953125,6878.27001953125,6827.18994140625,6846.509765625,6846.509765625,4757130000
2025-12-09,S&P 500,^GSPC,6840.60986328125,6864.919921875,6837.43017578125,6840.509765625,6840.509765625,4508050000
2025-12-10,S&P 500,^GSPC,6833.490234375,6900.669921875,6824.68994140625,6886.68017578125,6886.68017578125,5526570000
2025-12-11,S&P 500,^GSPC,6861.2998046875,6903.4599609375,6833.4501953125,6901.0,6901.0,5021060000
2025-12-12,S&P 500,^GSPC,6886.85009765625,6899.85009765625,6801.7900390625,6827.41015625,6827.41015625,4910160000
2025-12-15,S&P 500,^GSPC,6860.18994140625,6861.58984375,6801.490234375,6816.509765625,6816.509765625,4975600000
2025-12-16,S&P 500,^GSPC,6800.1201171875,6819.27001953125,6759.740234375,6800.259765625,6800.259765625,4983180000
2025-12-17,S&P 500,^GSPC,6802.8798828125,6812.259765625,6720.43017578125,6721.43017578125,6721.43017578125,5122120000
2025-12-18,S&P 500,^GSPC,6778.06005859375,6816.1298828125,6758.5,6774.759765625,6774.759765625,5101190000
2025-12-19,S&P 500,^GSPC,6792.6201171875,6840.02001953125,6792.6201171875,6834.5,6834.5,8554470000
2025-12-22,S&P 500,^GSPC,6865.2099609375,6882.02978515625,6855.740234375,6878.490234375,6878.490234375,4465030000
2025-12-23,S&P 500,^GSPC,6872.41015625,6910.8798828125,6868.81005859375,6909.7900390625,6909.7900390625,3820560000
2025-12-24,S&P 500,^GSPC,6904.91015625,6937.31982421875,6904.91015625,6932.0498046875,6932.0498046875,1798270000
2025-12-26,S&P 500,^GSPC,6936.02001953125,6945.77001953125,6921.60009765625,6929.93994140625,6929.93994140625,2586550000
2025-12-29,S&P 500,^GSPC,6903.60009765625,6920.2099609375,6888.759765625,6905.740234375,6905.740234375,3541750000
2025-12-30,S&P 500,^GSPC,6900.43994140625,6913.25,6893.47021484375,6896.240234375,6896.240234375,3309930000
2025-12-31,S&P 500,^GSPC,6898.81982421875,6901.419921875,6844.5498046875,6845.5,6845.5,3261830000
2026-01-02,S&P 500,^GSPC,6878.10986328125,6894.8701171875,6824.31005859375,6858.47021484375,6858.47021484375,4184120000
2026-01-05,S&P 500,^GSPC,6892.18994140625,6920.3798828125,6891.56005859375,6902.0498046875,6902.0498046875,5771930000
2026-01-06,S&P 500,^GSPC,6908.02978515625,6948.68994140625,6904.02001953125,6944.81982421875,6944.81982421875,5509680000
2026-01-07,S&P 500,^GSPC,6945.06982421875,6965.68994140625,6919.18994140625,6920.93017578125,6920.93017578125,5214480000
2026-01-08,S&P 500,^GSPC,6914.10986328125,6931.27978515625,6899.330078125,6921.4599609375,6921.4599609375,5333200000
2026-01-09,S&P 500,^GSPC,6927.830078125,6978.35986328125,6917.64013671875,6966.27978515625,6966.27978515625,5163900000
2026-01-12,S&P 500,^GSPC,6944.1201171875,6986.330078125,6934.06982421875,6977.27001953125,6977.27001953125,5019040000
2026-01-13,S&P 500,^GSPC,6977.41015625,6985.830078125,6938.77001953125,6963.740234375,6963.740234375,5091730000
2026-01-14,S&P 500,^GSPC,6937.41015625,6941.2998046875,6885.740234375,6926.60009765625,6926.60009765625,5530830000
2026-01-15,S&P 500,^GSPC,6969.4599609375,6979.33984375,6937.93017578125,6944.47021484375,6944.47021484375,5114050000
2026-01-16,S&P 500,^GSPC,6960.5400390625,6967.2998046875,6925.08984375,6940.009765625,6940.009765625,5356550000
2026-01-20,S&P 500,^GSPC,6865.240234375,6871.169921875,6789.0498046875,6796.85986328125,6796.85986328125,5769500000
2026-01-21,S&P 500,^GSPC,6810.7099609375,6910.39013671875,6804.9599609375,6875.6201171875,6875.6201171875,5835520000
2026-01-22,S&P 500,^GSPC,6914.43994140625,6934.75,6893.6201171875,6913.35009765625,6913.35009765625,5307580000
2026-01-23,S&P 500,^GSPC,6907.85009765625,6932.9599609375,6895.5,6915.60986328125,6915.60986328125,4871930000
2026-01-26,S&P 500,^GSPC,6923.22998046875,6964.66015625,6921.60009765625,6950.22998046875,6950.22998046875,4968050000
2026-01-27,S&P 500,^GSPC,6965.9599609375,6988.81982421875,6958.830078125,6978.60009765625,6978.60009765625,5331720000
2026-01-28,S&P 500,^GSPC,7002.0,7002.27978515625,6963.4599609375,6978.02978515625,6978.02978515625,5507670000
2026-01-29,S&P 500,^GSPC,6977.740234375,6992.83984375,6870.7998046875,6969.009765625,6969.009765625,6877780000
2026-01-30,S&P 500,^GSPC,6947.27001953125,6964.08984375,6893.47998046875,6939.02978515625,6939.02978515625,6697340000
2026-02-02,S&P 500,^GSPC,6916.64013671875,6991.919921875,6914.33984375,6976.43994140625,6976.43994140625,5772050000
2026-02-03,S&P 500,^GSPC,6985.4501953125,6993.080078125,6862.0498046875,6917.81005859375,6917.81005859375,7017660000
2026-02-04,S&P 500,^GSPC,6924.5,6936.08984375,6838.7998046875,6882.72021484375,6882.72021484375,7475750000
2026-02-05,S&P 500,^GSPC,6837.39013671875,6857.85009765625,6780.1298828125,6798.39990234375,6798.39990234375,6989120000
2026-02-06,S&P 500,^GSPC,6816.740234375,6944.89013671875,6816.740234375,6932.2998046875,6932.2998046875,6283680000
2026-02-09,S&P 500,^GSPC,6917.259765625,6980.10009765625,6905.8701171875,6964.81982421875,6964.81982421875,5650260000
2026-02-10,S&P 500,^GSPC,6974.490234375,6986.830078125,6937.52978515625,6941.81005859375,6941.81005859375,5595950000
2026-02-11,S&P 500,^GSPC,6976.47998046875,6993.47998046875,6911.97021484375,6941.47021484375,6941.47021484375,6175510000
2026-02-12,S&P 500,^GSPC,6957.5400390625,6973.22021484375,6824.0400390625,6832.759765625,6832.759765625,7118700000
2026-02-13,S&P 500,^GSPC,6834.27001953125,6881.9599609375,6794.5498046875,6836.169921875,6836.169921875,5718360000
2026-02-17,S&P 500,^GSPC,6819.85986328125,6866.990234375,6775.5,6843.22021484375,6843.22021484375,5418480000
2026-02-18,S&P 500,^GSPC,6855.47998046875,6909.1201171875,6849.66015625,6881.31005859375,6881.31005859375,5098160000
2026-02-19,S&P 500,^GSPC,6861.33984375,6879.1201171875,6833.06005859375,6861.89013671875,6861.89013671875,5151690000
2026-02-20,S&P 500,^GSPC,6843.259765625,6915.85986328125,6836.330078125,6909.509765625,6909.509765625,5432480000
2026-02-23,S&P 500,^GSPC,6901.25,6916.9599609375,6819.81982421875,6837.75,6837.75,5638350000
2026-02-24,S&P 500,^GSPC,6837.3701171875,6899.169921875,6815.43017578125,6890.06982421875,6890.06982421875,5266090000
2026-02-25,S&P 500,^GSPC,6915.14990234375,6952.509765625,6915.14990234375,6946.1298828125,6946.1298828125,5328060000
2026-02-26,S&P 500,^GSPC,6944.740234375,6947.25,6859.72998046875,6908.85986328125,6908.85986328125,5889550000
2026-02-27,S&P 500,^GSPC,6856.5400390625,6882.9599609375,6831.740234375,6878.8798828125,6878.8798828125,6665660000
2026-03-02,S&P 500,^GSPC,6824.35986328125,6901.009765625,6796.85009765625,6881.6201171875,6881.6201171875,6079080000
2026-03-03,S&P 500,^GSPC,6800.259765625,6840.0498046875,6710.419921875,6816.6298828125,6816.6298828125,6442080000
2026-03-04,S&P 500,^GSPC,6831.68994140625,6885.93994140625,6811.64013671875,6869.5,6869.5,5252170000
2026-03-05,S&P 500,^GSPC,6851.080078125,6870.43017578125,6770.77978515625,6830.7099609375,6830.7099609375,5989300000
2026-03-06,S&P 500,^GSPC,6769.02978515625,6773.419921875,6711.56005859375,6740.02001953125,6740.02001953125,5793120000
2026-03-09,S&P 500,^GSPC,6699.7998046875,6810.43994140625,6636.0400390625,6795.990234375,6795.990234375,6709410000
2026-03-10,S&P 500,^GSPC,6796.56005859375,6845.080078125,6759.740234375,6781.47998046875,6781.47998046875,5944950000
2026-03-11,S&P 500,^GSPC,6790.08984375,6811.14990234375,6745.58984375,6775.7998046875,6775.7998046875,5511090000
2026-03-12,S&P 500,^GSPC,6740.8798828125,6740.8798828125,6670.39990234375,6672.6201171875,6672.6201171875,6292170000
2026-03-13,S&P 500,^GSPC,6673.490234375,6733.2998046875,6623.919921875,6632.18994140625,6632.18994140625,5337120000
2026-03-16,S&P 500,^GSPC,6674.3701171875,6729.7900390625,6674.3701171875,6699.3798828125,6699.3798828125,5176290000
2026-03-17,S&P 500,^GSPC,6722.35009765625,6754.2998046875,6710.7998046875,6716.08984375,6716.08984375,5063390000
2026-03-18,S&P 500,^GSPC,6697.16015625,6705.18017578125,6621.66015625,6624.7001953125,6624.7001953125,5275480000
2026-03-19,S&P 500,^GSPC,6583.1201171875,6636.740234375,6557.81982421875,6606.490234375,6606.490234375,5973390000
2026-03-20,S&P 500,^GSPC,6594.66015625,6594.66015625,6473.52001953125,6506.47998046875,6506.47998046875,10025820000
2026-03-23,S&P 500,^GSPC,6574.9599609375,6651.6201171875,6565.5498046875,6581.0,6581.0,6020650000
2026-03-24,S&P 500,^GSPC,6552.08984375,6595.75,6525.10986328125,6556.3701171875,6556.3701171875,5278580000
2026-03-25,S&P 500,^GSPC,6598.35009765625,6633.93994140625,6568.41015625,6591.89990234375,6591.89990234375,4936720000
2026-03-26,S&P 500,^GSPC,6555.85986328125,6573.22021484375,6473.7900390625,6477.16015625,6477.16015625,4845560000
2026-03-27,S&P 500,^GSPC,6453.89013671875,6453.89013671875,6356.080078125,6368.85009765625,6368.85009765625,5303490000
2026-03-30,S&P 500,^GSPC,6403.3701171875,6427.31005859375,6316.91015625,6343.72021484375,6343.72021484375,5458640000
2026-03-31,S&P 500,^GSPC,6395.8798828125,6539.0498046875,6395.8798828125,6528.52001953125,6528.52001953125,6396100000
2026-04-01,S&P 500,^GSPC,6556.56005859375,6609.669921875,6554.2900390625,6575.31982421875,6575.31982421875,5637260000
2026-04-02,S&P 500,^GSPC,6512.60986328125,6601.91015625,6474.93994140625,6582.68994140625,6582.68994140625,4740740000
2026-04-06,S&P 500,^GSPC,6587.66015625,6618.1298828125,6579.72021484375,6611.830078125,6611.830078125,3906440000
2026-04-07,S&P 500,^GSPC,6601.93017578125,6618.259765625,6534.5498046875,6616.85009765625,6616.85009765625,4555680000
2026-04-08,S&P 500,^GSPC,6754.35986328125,6793.5,6740.27978515625,6782.81005859375,6782.81005859375,5904880000
2026-04-09,S&P 500,^GSPC,6783.68994140625,6835.31005859375,6761.5498046875,6824.66015625,6824.66015625,4912410000
2026-04-10,S&P 500,^GSPC,6839.240234375,6845.77001953125,6808.4599609375,6816.89013671875,6816.89013671875,4393220000
2026-04-13,S&P 500,^GSPC,6806.47021484375,6887.0,6790.02001953125,6886.240234375,6886.240234375,4785840000
2026-04-14,S&P 500,^GSPC,6910.2001953125,6969.419921875,6905.169921875,6967.3798828125,6967.3798828125,5032380000
2026-04-15,S&P 500,^GSPC,6978.169921875,7026.240234375,6967.1298828125,7022.9501953125,7022.9501953125,5278610000
2026-04-16,S&P 500,^GSPC,7037.77978515625,7051.22998046875,7008.52001953125,7041.27978515625,7041.27978515625,5173650000
2026-04-17,S&P 500,^GSPC,7074.5498046875,7147.52001953125,7074.5498046875,7126.06005859375,7126.06005859375,6145300000
2026-04-20,S&P 500,^GSPC,7117.0498046875,7122.64990234375,7084.41015625,7109.14013671875,7109.14013671875,4661130000
2026-04-21,S&P 500,^GSPC,7122.64013671875,7137.27001953125,7050.2001953125,7064.009765625,7064.009765625,5160270000
2026-04-22,S&P 500,^GSPC,7102.91015625,7138.64013671875,7102.91015625,7137.89990234375,7137.89990234375,4919460000
2026-04-23,S&P 500,^GSPC,7118.7998046875,7147.77978515625,7046.5498046875,7108.39990234375,7108.39990234375,5307260000
2026-04-24,S&P 500,^GSPC,7136.47998046875,7168.58984375,7112.81982421875,7165.080078125,7165.080078125,4608830000
2026-04-27,S&P 500,^GSPC,7152.72021484375,7178.740234375,7146.72021484375,7173.91015625,7173.91015625,4783750000
2026-04-28,S&P 500,^GSPC,7133.740234375,7152.52001953125,7115.169921875,7138.7998046875,7138.7998046875,4900650000
2026-04-29,S&P 500,^GSPC,7131.60986328125,7145.6298828125,7107.85986328125,7135.9501953125,7135.9501953125,5123100000
2026-04-30,S&P 500,^GSPC,7161.75,7219.830078125,7126.14990234375,7209.009765625,7209.009765625,5723790000
2026-05-01,S&P 500,^GSPC,7234.5400390625,7272.52001953125,7229.31982421875,7230.1201171875,7230.1201171875,4847390000
2026-05-04,S&P 500,^GSPC,7228.3798828125,7244.5400390625,7174.1201171875,7200.75,7200.75,5215480000
2026-05-05,S&P 500,^GSPC,7233.6201171875,7273.259765625,7233.6201171875,7259.22021484375,7259.22021484375,5279760000
2026-05-06,S&P 500,^GSPC,7294.14013671875,7369.22021484375,7294.14013671875,7365.1201171875,7365.1201171875,6579640000
2026-05-07,S&P 500,^GSPC,7376.77978515625,7385.02001953125,7321.25,7337.10986328125,7337.10986328125,6237040000
2026-05-08,S&P 500,^GSPC,7362.97021484375,7401.5,7362.97021484375,7398.93017578125,7398.93017578125,5302740000
2026-05-11,S&P 500,^GSPC,7385.31005859375,7428.97021484375,7384.2001953125,7412.83984375,7412.83984375,5821910000
2026-05-12,S&P 500,^GSPC,7390.6298828125,7409.56982421875,7338.5400390625,7400.9599609375,7400.9599609375,5624790000
2026-05-13,S&P 500,^GSPC,7409.1201171875,7460.0400390625,7375.1298828125,7444.25,7444.25,5716600000
2026-05-14,S&P 500,^GSPC,7454.39990234375,7517.1201171875,7454.39990234375,7501.240234375,7501.240234375,5267050000
2026-05-15,S&P 500,^GSPC,7445.10986328125,7454.85009765625,7397.5,7408.5,7408.5,5582070000
2026-05-18,S&P 500,^GSPC,7415.06982421875,7434.06005859375,7353.169921875,7403.0498046875,7403.0498046875,5489500000
2026-05-19,S&P 500,^GSPC,7375.75,7395.31982421875,7333.68017578125,7353.60986328125,7353.60986328125,5441140000
2026-05-20,S&P 500,^GSPC,7369.18994140625,7435.68994140625,7357.4599609375,7432.97021484375,7432.97021484375,5384150000
2026-05-21,S&P 500,^GSPC,7410.77978515625,7465.9599609375,7389.47998046875,7445.72021484375,7445.72021484375,5440620000
2026-05-22,S&P 500,^GSPC,7468.81982421875,7506.31982421875,7463.2900390625,7473.47021484375,7473.47021484375,4952440000
2026-05-26,S&P 500,^GSPC,7511.7900390625,7539.08984375,7501.10009765625,7519.1201171875,7519.1201171875,5496060000
2026-05-27,S&P 500,^GSPC,7526.009765625,7530.72021484375,7499.72021484375,7520.35986328125,7520.35986328125,5524250000
2026-05-28,S&P 500,^GSPC,7519.81982421875,7568.72021484375,7508.0400390625,7563.6298828125,7563.6298828125,5494860000
2026-05-29,S&P 500,^GSPC,7579.330078125,7599.3798828125,7563.5498046875,7580.06005859375,7580.06005859375,7858290000
2026-06-01,S&P 500,^GSPC,7582.2900390625,7617.66015625,7562.60986328125,7599.9599609375,7599.9599609375,6583960000
2026-06-02,S&P 500,^GSPC,7595.39990234375,7620.89990234375,7582.990234375,7609.77978515625,7609.77978515625,5904410000
2026-06-03,S&P 500,^GSPC,7605.31005859375,7605.35009765625,7551.22021484375,7553.68017578125,7553.68017578125,5753860000
2026-06-04,S&P 500,^GSPC,7516.5400390625,7598.18994140625,7516.5400390625,7584.31005859375,7584.31005859375,5398910000
2026-06-05,S&P 500,^GSPC,7537.35986328125,7541.81005859375,7368.6298828125,7383.740234375,7383.740234375,5591290000
2026-06-08,S&P 500,^GSPC,7440.56982421875,7466.81005859375,7395.1298828125,7405.72998046875,7405.72998046875,4898180000
2026-06-09,S&P 500,^GSPC,7438.66015625,7483.14990234375,7237.85009765625,7386.64990234375,7386.64990234375,6006390000
2026-06-10,S&P 500,^GSPC,7350.5400390625,7396.56005859375,7265.93017578125,7266.990234375,7266.990234375,5247300000
2026-06-11,S&P 500,^GSPC,7287.669921875,7412.68017578125,7257.330078125,7394.2998046875,7394.2998046875,5658920000
2026-06-12,S&P 500,^GSPC,7410.85009765625,7456.39990234375,7363.009765625,7431.4599609375,7431.4599609375,4950530000
2026-06-15,S&P 500,^GSPC,7516.75,7577.919921875,7516.75,7554.2900390625,7554.2900390625,5674670000
2026-06-16,S&P 500,^GSPC,7548.77978515625,7564.9599609375,7508.68017578125,7511.35009765625,7511.35009765625,5286210000
2026-06-17,S&P 500,^GSPC,7524.5,7532.169921875,7402.60986328125,7420.10009765625,7420.10009765625,5883740000
2026-06-18,S&P 500,^GSPC,7487.35986328125,7511.06982421875,7468.31982421875,7500.580078125,7500.580078125,9061110000
2026-06-22,S&P 500,^GSPC,7500.43994140625,7530.009765625,7460.009765625,7472.7900390625,7472.7900390625,5976740000
2026-06-23,S&P 500,^GSPC,7366.509765625,7424.169921875,7347.60009765625,7365.4599609375,7365.4599609375,5640530000
2026-06-24,S&P 500,^GSPC,7370.8798828125,7428.06005859375,7336.81982421875,7358.22021484375,7358.22021484375,5994860000
2026-06-25,S&P 500,^GSPC,7404.91015625,7419.080078125,7323.5,7357.490234375,7357.490234375,5565760000
2026-06-26,S&P 500,^GSPC,7312.740234375,7392.9501953125,7294.18017578125,7354.02001953125,7354.02001953125,9105600000
2026-06-29,S&P 500,^GSPC,7391.8798828125,7444.31982421875,7348.8798828125,7440.43017578125,7440.43017578125,5794570000
2026-06-30,S&P 500,^GSPC,7441.27001953125,7508.2900390625,7438.0400390625,7499.35986328125,7499.35986328125,6037540000
2026-07-01,S&P 500,^GSPC,7478.83984375,7521.81005859375,7449.6298828125,7483.22998046875,7483.22998046875,5782730000
2026-07-02,S&P 500,^GSPC,7495.14013671875,7540.75,7427.5498046875,7483.240234375,7483.240234375,5463520000
2026-07-06,S&P 500,^GSPC,7506.9599609375,7551.31005859375,7500.97021484375,7537.43017578125,7537.43017578125,4971110000
2026-07-07,S&P 500,^GSPC,7516.6298828125,7536.06005859375,7478.6298828125,7503.85009765625,7503.85009765625,5049590000
2026-07-08,S&P 500,^GSPC,7476.5400390625,7488.509765625,7421.81982421875,7482.7099609375,7482.7099609375,5102020000
2026-07-09,S&P 500,^GSPC,7491.60009765625,7546.89013671875,7481.72998046875,7543.64013671875,7543.64013671875,4442950000
2026-07-10,S&P 500,^GSPC,7547.64013671875,7579.93017578125,7508.16015625,7575.39013671875,7575.39013671875,4006370000
2026-07-13,S&P 500,^GSPC,7547.52978515625,7565.3701171875,7506.41015625,7515.33984375,7515.33984375,4729990000
2026-07-14,S&P 500,^GSPC,7536.7001953125,7557.43994140625,7513.22998046875,7543.58984375,7543.58984375,4836950000
2026-07-15,S&P 500,^GSPC,7571.72021484375,7581.5,7526.9501953125,7572.39990234375,7572.39990234375,5236550000
2026-07-16,S&P 500,^GSPC,7558.7998046875,7570.740234375,7504.02001953125,7533.77001953125,7533.77001953125,5365300000
2026-07-17,S&P 500,^GSPC,7447.52001953125,7498.47021484375,7431.259765625,7457.68994140625,7457.68994140625,5303290000
2026-07-20,S&P 500,^GSPC,7489.18017578125,7513.22998046875,7440.52978515625,7443.27978515625,7443.27978515625,5152910000
2026-07-21,S&P 500,^GSPC,7489.9501953125,7515.31005859375,7467.85986328125,7509.2001953125,7509.2001953125,5149030000
2026-07-22,S&P 500,^GSPC,7497.47021484375,7525.93994140625,7485.85009765625,7498.9599609375,7498.9599609375,4890390000
2026-07-23,S&P 500,^GSPC,7418.2900390625,7450.1201171875,7376.0,7408.2998046875,7408.2998046875,5515210000
2026-07-24,S&P 500,^GSPC,7406.2998046875,7460.97998046875,7396.52978515625,7411.97998046875,7411.97998046875,4860620000
2026-07-27,S&P 500,^GSPC,7464.2001953125,7480.56982421875,7382.740234375,7413.18017578125,7413.18017578125,5038290000
2026-07-28,S&P 500,^GSPC,7395.5498046875,7452.08984375,7382.9501953125,7428.77978515625,7428.77978515625,5590890000
2026-07-29,S&P 500,^GSPC,7418.16015625,7450.83984375,7313.919921875,7316.14990234375,7316.14990234375,5836350000
2026-07-30,S&P 500,^GSPC,7390.4501953125,7448.75,7370.97998046875,7437.6298828125,7437.6298828125,5594430000
2026-07-31,S&P 500,^GSPC,7462.1298828125,7512.0400390625,7399.830078125,7489.72021484375,7489.72021484375,5391020000
2026-08-03,S&P 500,^GSPC,7504.77978515625,7610.0400390625,7504.77978515625,7600.5,7600.5,5201470000
2026-08-04,S&P 500,^GSPC,7630.6201171875,7758.2099609375,7629.10009765625,7736.52001953125,7736.52001953125,5906940000
2026-08-05,S&P 500,^GSPC,7771.6201171875,7793.68017578125,7720.169921875,7723.5498046875,7723.5498046875,5615640000
2026-08-06,S&P 500,^GSPC,7713.7900390625,7742.85009765625,7698.14990234375,7709.9599609375,7709.9599609375,5330830000
2026-08-07,S&P 500,^GSPC,7735.18017578125,7763.080078125,7719.18994140625,7757.64013671875,7757.64013671875,5019970000
2026-08-10,S&P 500,^GSPC,7751.740234375,7773.759765625,7743.10986328125,7753.10986328125,7753.10986328125,4879540000
2026-08-11,S&P 500,^GSPC,7767.509765625,7767.509765625,7717.25,7728.2001953125,7728.2001953125,4739500000
2026-08-12,S&P 500,^GSPC,7765.4599609375,7766.009765625,7737.9501953125,7748.5,7748.5,4574170000
2026-08-13,S&P 500,^GSPC,7763.18017578125,7816.7001953125,7763.18017578125,7798.990234375,7798.990234375,4833230000
2026-08-14,S&P 500,^GSPC,7806.60009765625,7810.009765625,7776.31005859375,7785.759765625,7785.759765625,4159900000
2025-08-15,Nasdaq,^IXIC,21709.33984375,21716.1796875,21567.4609375,21622.98046875,21622.98046875,8158830000
2025-08-18,Nasdaq,^IXIC,21616.8203125,21651.5,21559.330078125,21629.76953125,21629.76953125,8260970000
2025-08-19,Nasdaq,^IXIC,21607.44921875,21610.240234375,21277.7109375,21314.94921875,21314.94921875,8461660000
2025-08-20,Nasdaq,^IXIC,21269.669921875,21269.669921875,20905.990234375,21172.859375,21172.859375,7810310000
2025-08-21,Nasdaq,^IXIC,21112.51953125,21198.759765625,21013.529296875,21100.310546875,21100.310546875,6530580000
2025-08-22,Nasdaq,^IXIC,21139.830078125,21545.4296875,21092.359375,21496.5390625,21496.5390625,9401300000
2025-08-25,Nasdaq,^IXIC,21466.470703125,21572.1796875,21400.08984375,21449.2890625,21449.2890625,8443200000
2025-08-26,Nasdaq,^IXIC,21443.630859375,21550.9296875,21389.099609375,21544.26953125,21544.26953125,9087930000
2025-08-27,Nasdaq,^IXIC,21526.330078125,21616.169921875,21476.30078125,21590.140625,21590.140625,8040510000
2025-08-28,Nasdaq,^IXIC,21619.26953125,21742.4609375,21534.939453125,21705.16015625,21705.16015625,7807080000
2025-08-29,Nasdaq,^IXIC,21630.330078125,21631.150390625,21397.98046875,21455.55078125,21455.55078125,7715430000
2025-09-02,Nasdaq,^IXIC,21086.5703125,21293.689453125,21033.05078125,21279.630859375,21279.630859375,8183410000
2025-09-03,Nasdaq,^IXIC,21461.630859375,21553.98046875,21370.98046875,21497.73046875,21497.73046875,7488290000
2025-09-04,Nasdaq,^IXIC,21539.91015625,21711.9609375,21469.400390625,21707.689453125,21707.689453125,7282150000
2025-09-05,Nasdaq,^IXIC,21860.439453125,21878.810546875,21534.720703125,21700.390625,21700.390625,8413730000
2025-09-08,Nasdaq,^IXIC,21806.220703125,21885.619140625,21776.240234375,21798.69921875,21798.69921875,8435850000
2025-09-09,Nasdaq,^IXIC,21858.169921875,21891.419921875,21731.48046875,21879.490234375,21879.490234375,7877410000
2025-09-10,Nasdaq,^IXIC,21980.599609375,22000.970703125,21810.83984375,21886.060546875,21886.060546875,9090550000
2025-09-11,Nasdaq,^IXIC,21977.51953125,22059.7109375,21908.810546875,22043.0703125,22043.0703125,10025020000
2025-09-12,Nasdaq,^IXIC,22078.630859375,22182.33984375,22031.619140625,22141.099609375,22141.099609375,9023140000
2025-09-15,Nasdaq,^IXIC,22243.19921875,22352.25,22233.0,22348.75,22348.75,8904030000
2025-09-16,Nasdaq,^IXIC,22397.5,22397.5,22308.779296875,22333.9609375,22333.9609375,8592240000
2025-09-17,Nasdaq,^IXIC,22333.01953125,22339.5390625,22058.919921875,22261.330078125,22261.330078125,9325980000
2025-09-18,Nasdaq,^IXIC,22439.109375,22540.9296875,22358.48046875,22470.720703125,22470.720703125,10478450000
2025-09-19,Nasdaq,^IXIC,22554.310546875,22645.109375,22497.7109375,22631.48046875,22631.48046875,14632360000
2025-09-22,Nasdaq,^IXIC,22606.58984375,22801.900390625,22590.859375,22788.98046875,22788.98046875,9736270000
2025-09-23,Nasdaq,^IXIC,22782.720703125,22785.130859375,22539.0390625,22573.470703125,22573.470703125,9822620000
2025-09-24,Nasdaq,^IXIC,22656.01953125,22657.44921875,22397.0,22497.859375,22497.859375,9184030000
2025-09-25,Nasdaq,^IXIC,22318.76953125,22456.779296875,22185.869140625,22384.69921875,22384.69921875,9960330000
2025-09-26,Nasdaq,^IXIC,22403.26953125,22488.1796875,22285.439453125,22484.0703125,22484.0703125,8488400000
2025-09-29,Nasdaq,^IXIC,22605.30078125,22704.900390625,22536.05078125,22591.150390625,22591.150390625,9046720000
2025-09-30,Nasdaq,^IXIC,22580.359375,22671.390625,22493.9609375,22660.009765625,22660.009765625,8928070000
2025-10-01,Nasdaq,^IXIC,22530.94921875,22782.580078125,22516.740234375,22755.16015625,22755.16015625,10043980000
2025-10-02,Nasdaq,^IXIC,22885.900390625,22900.599609375,22729.75,22844.05078125,22844.05078125,9633200000
2025-10-03,Nasdaq,^IXIC,22886.16015625,22925.4296875,22695.8203125,22780.509765625,22780.509765625,10515730000
2025-10-06,Nasdaq,^IXIC,22894.349609375,22991.720703125,22827.560546875,22941.669921875,22941.669921875,10468830000
2025-10-07,Nasdaq,^IXIC,22972.369140625,23006.0703125,22718.759765625,22788.359375,22788.359375,10375920000
2025-10-08,Nasdaq,^IXIC,22852.3203125,23045.140625,22845.419921875,23043.380859375,23043.380859375,10925520000
2025-10-09,Nasdaq,^IXIC,23045.330078125,23062.619140625,22899.16015625,23024.630859375,23024.630859375,10713200000
2025-10-10,Nasdaq,^IXIC,23043.51953125,23119.91015625,22193.0703125,22204.4296875,22204.4296875,11635030000
2025-10-13,Nasdaq,^IXIC,22578.669921875,22718.75,22499.490234375,22694.609375,22694.609375,9018770000
2025-10-14,Nasdaq,^IXIC,22388.0390625,22691.0703125,22213.73046875,22521.69921875,22521.69921875,9776720000
2025-10-15,Nasdaq,^IXIC,22738.5,22841.689453125,22427.7890625,22670.080078125,22670.080078125,11374850000
2025-10-16,Nasdaq,^IXIC,22764.400390625,22886.869140625,22404.689453125,22562.5390625,22562.5390625,11343620000
2025-10-17,Nasdaq,^IXIC,22489.810546875,22736.009765625,22396.650390625,22679.970703125,22679.970703125,9552150000
2025-10-20,Nasdaq,^IXIC,22844.8203125,23031.869140625,22841.0,22990.5390625,22990.5390625,9440620000
2025-10-21,Nasdaq,^IXIC,22984.55078125,23010.349609375,22894.419921875,22953.669921875,22953.669921875,10845130000
2025-10-22,Nasdaq,^IXIC,22940.7890625,22978.400390625,22514.080078125,22740.400390625,22740.400390625,14361150000
2025-10-23,Nasdaq,^IXIC,22751.330078125,22983.4609375,22732.1796875,22941.80078125,22941.80078125,10363600000
2025-10-24,Nasdaq,^IXIC,23143.23046875,23261.259765625,23127.9609375,23204.869140625,23204.869140625,10308620000
2025-10-27,Nasdaq,^IXIC,23537.3203125,23658.66015625,23493.9609375,23637.4609375,23637.4609375,10757830000
2025-10-28,Nasdaq,^IXIC,23766.4609375,23901.359375,23675.189453125,23827.490234375,23827.490234375,10640830000
2025-10-29,Nasdaq,^IXIC,23987.2890625,24019.990234375,23763.990234375,23958.470703125,23958.470703125,10089540000
2025-10-30,Nasdaq,^IXIC,23793.080078125,23846.130859375,23578.470703125,23581.140625,23581.140625,10564160000
2025-10-31,Nasdaq,^IXIC,23941.779296875,23946.23046875,23628.8203125,23724.9609375,23724.9609375,10909250000
2025-11-03,Nasdaq,^IXIC,23951.91015625,23976.83984375,23764.869140625,23834.720703125,23834.720703125,10360170000
2025-11-04,Nasdaq,^IXIC,23458.2109375,23644.150390625,23333.3203125,23348.640625,23348.640625,10227700000
2025-11-05,Nasdaq,^IXIC,23358.0703125,23636.529296875,23286.869140625,23499.80078125,23499.80078125,10026890000
2025-11-06,Nasdaq,^IXIC,23461.2890625,23469.55078125,23011.060546875,23053.990234375,23053.990234375,11085130000
2025-11-07,Nasdaq,^IXIC,22892.919921875,23009.91015625,22563.419921875,23004.5390625,23004.5390625,10141910000
2025-11-10,Nasdaq,^IXIC,23354.849609375,23569.619140625,23290.05078125,23527.169921875,23527.169921875,9297320000
2025-11-11,Nasdaq,^IXIC,23407.720703125,23508.439453125,23315.279296875,23468.30078125,23468.30078125,7756810000
2025-11-12,Nasdaq,^IXIC,23563.83984375,23564.08984375,23278.30078125,23406.4609375,23406.4609375,8449920000
2025-11-13,Nasdaq,^IXIC,23262.640625,23264.26953125,22796.0703125,22870.359375,22870.359375,11351410000
2025-11-14,Nasdaq,^IXIC,22544.720703125,23073.1796875,22436.7890625,22900.58984375,22900.58984375,10841540000
2025-11-17,Nasdaq,^IXIC,22788.3203125,23044.55078125,22559.509765625,22708.0703125,22708.0703125,9744800000
2025-11-18,Nasdaq,^IXIC,22565.900390625,22643.009765625,22231.150390625,22432.849609375,22432.849609375,8606260000
2025-11-19,Nasdaq,^IXIC,22459.26953125,22821.240234375,22385.220703125,22564.23046875,22564.23046875,8434200000
2025-11-20,Nasdaq,^IXIC,23057.0,23147.330078125,22043.19921875,22078.05078125,22078.05078125,10548620000
2025-11-21,Nasdaq,^IXIC,22162.830078125,22531.83984375,21898.2890625,22273.080078125,22273.080078125,9931240000
2025-11-24,Nasdaq,^IXIC,22482.16015625,22916.400390625,22478.26953125,22872.009765625,22872.009765625,9232160000
2025-11-25,Nasdaq,^IXIC,22802.849609375,23070.08984375,22587.109375,23025.58984375,23025.58984375,8498500000
2025-11-26,Nasdaq,^IXIC,23163.189453125,23280.580078125,23074.390625,23214.689453125,23214.689453125,7291400000
2025-11-28,Nasdaq,^IXIC,23291.58984375,23365.7890625,23250.509765625,23365.689453125,23365.689453125,4541070000
2025-12-01,Nasdaq,^IXIC,23172.33984375,23363.849609375,23110.2109375,23275.919921875,23275.919921875,7859560000
2025-12-02,Nasdaq,^IXIC,23379.75,23526.23046875,23286.4609375,23413.669921875,23413.669921875,7588580000
2025-12-03,Nasdaq,^IXIC,23315.580078125,23499.9296875,23271.830078125,23454.08984375,23454.08984375,7962730000
2025-12-04,Nasdaq,^IXIC,23527.30078125,23528.529296875,23372.330078125,23505.140625,23505.140625,7456860000
2025-12-05,Nasdaq,^IXIC,23567.76953125,23680.029296875,23506.0,23578.130859375,23578.130859375,8248280000
2025-12-08,Nasdaq,^IXIC,23638.220703125,23698.9296875,23455.05078125,23545.900390625,23545.900390625,8533670000
2025-12-09,Nasdaq,^IXIC,23504.609375,23616.4609375,23449.73046875,23576.490234375,23576.490234375,7192600000
2025-12-10,Nasdaq,^IXIC,23536.0,23704.080078125,23435.169921875,23654.150390625,23654.150390625,7987900000
2025-12-11,Nasdaq,^IXIC,23509.220703125,23606.69921875,23308.94921875,23593.859375,23593.859375,8337770000
2025-12-12,Nasdaq,^IXIC,23488.869140625,23554.890625,23094.509765625,23195.169921875,23195.169921875,8724070000
2025-12-15,Nasdaq,^IXIC,23330.0390625,23345.560546875,23012.0,23057.41015625,23057.41015625,8649240000
2025-12-16,Nasdaq,^IXIC,22981.8203125,23162.599609375,22920.66015625,23111.4609375,23111.4609375,7759960000
2025-12-17,Nasdaq,^IXIC,23135.609375,23159.19921875,22692.0,22693.3203125,22693.3203125,8616140000
2025-12-18,Nasdaq,^IXIC,23012.060546875,23149.609375,22906.23046875,23006.359375,23006.359375,7977920000
2025-12-19,Nasdaq,^IXIC,23121.900390625,23307.91015625,23106.189453125,23307.619140625,23307.619140625,12874560000
2025-12-22,Nasdaq,^IXIC,23450.529296875,23476.5,23362.9296875,23428.830078125,23428.830078125,7244910000
2025-12-23,Nasdaq,^IXIC,23407.69921875,23563.4609375,23377.490234375,23561.83984375,23561.83984375,7518190000
2025-12-24,Nasdaq,^IXIC,23555.94921875,23621.720703125,23527.970703125,23613.310546875,23613.310546875,3885190000
2025-12-26,Nasdaq,^IXIC,23645.91015625,23665.150390625,23567.859375,23593.099609375,23593.099609375,5170300000
2025-12-29,Nasdaq,^IXIC,23414.6796875,23531.01953125,23397.51953125,23474.349609375,23474.349609375,6527530000
2025-12-30,Nasdaq,^IXIC,23465.669921875,23521.05078125,23414.830078125,23419.080078125,23419.080078125,6769300000
2025-12-31,Nasdaq,^IXIC,23420.849609375,23445.259765625,23237.779296875,23241.990234375,23241.990234375,5895130000
2026-01-02,Nasdaq,^IXIC,23481.490234375,23585.9609375,23119.490234375,23235.630859375,23235.630859375,7331460000
2026-01-05,Nasdaq,^IXIC,23449.669921875,23476.509765625,23332.23046875,23395.8203125,23395.8203125,8737320000
2026-01-06,Nasdaq,^IXIC,23446.9609375,23559.150390625,23389.5703125,23547.169921875,23547.169921875,9012640000
2026-01-07,Nasdaq,^IXIC,23544.890625,23723.369140625,23504.2109375,23584.279296875,23584.279296875,8396920000
2026-01-08,Nasdaq,^IXIC,23548.880859375,23558.169921875,23353.4609375,23480.01953125,23480.01953125,7723140000
2026-01-09,Nasdaq,^IXIC,23496.2109375,23721.150390625,23426.48046875,23671.349609375,23671.349609375,8124420000
2026-01-12,Nasdaq,^IXIC,23576.880859375,23804.0390625,23562.970703125,23733.900390625,23733.900390625,8707170000
2026-01-13,Nasdaq,^IXIC,23735.119140625,23813.30078125,23607.58984375,23709.869140625,23709.869140625,9416400000
2026-01-14,Nasdaq,^IXIC,23563.919921875,23590.19921875,23306.66015625,23471.75,23471.75,12165220000
2026-01-15,Nasdaq,^IXIC,23693.970703125,23721.109375,23502.1796875,23530.01953125,23530.01953125,9740630000
2026-01-16,Nasdaq,^IXIC,23639.689453125,23664.259765625,23446.810546875,23515.390625,23515.390625,9514500000
2026-01-20,Nasdaq,^IXIC,23142.689453125,23236.05078125,22916.830078125,22954.3203125,22954.3203125,9469480000
2026-01-21,Nasdaq,^IXIC,23017.6796875,23383.240234375,22927.880859375,23224.8203125,23224.8203125,9162740000
2026-01-22,Nasdaq,^IXIC,23440.7109375,23503.16015625,23335.150390625,23436.01953125,23436.01953125,9034850000
2026-01-23,Nasdaq,^IXIC,23440.919921875,23610.740234375,23374.259765625,23501.240234375,23501.240234375,8228760000
2026-01-26,Nasdaq,^IXIC,23529.279296875,23688.939453125,23486.080078125,23601.359375,23601.359375,7505250000
2026-01-27,Nasdaq,^IXIC,23734.75,23865.259765625,23694.380859375,23817.099609375,23817.099609375,8026050000
2026-01-28,Nasdaq,^IXIC,23965.109375,23988.26953125,23775.490234375,23857.44921875,23857.44921875,8151580000
2026-01-29,Nasdaq,^IXIC,23830.919921875,23840.55078125,23232.779296875,23685.119140625,23685.119140625,8782210000
2026-01-30,Nasdaq,^IXIC,23578.9609375,23662.25,23351.55078125,23461.8203125,23461.8203125,9255930000
2026-02-02,Nasdaq,^IXIC,23370.5390625,23686.830078125,23356.400390625,23592.109375,23592.109375,8882530000
2026-02-03,Nasdaq,^IXIC,23667.439453125,23691.599609375,23027.2109375,23255.189453125,23255.189453125,10306320000
2026-02-04,Nasdaq,^IXIC,23217.01953125,23270.0703125,22684.509765625,22904.580078125,22904.580078125,10862000000
2026-02-05,Nasdaq,^IXIC,22604.01953125,22841.279296875,22461.140625,22540.58984375,22540.58984375,10109230000
2026-02-06,Nasdaq,^IXIC,22625.30078125,23088.4609375,22586.400390625,23031.2109375,23031.2109375,9054400000
2026-02-09,Nasdaq,^IXIC,22952.240234375,23314.669921875,22878.369140625,23238.669921875,23238.669921875,8174050000
2026-02-10,Nasdaq,^IXIC,23271.220703125,23310.73046875,23089.099609375,23102.470703125,23102.470703125,8513440000
2026-02-11,Nasdaq,^IXIC,23278.2890625,23320.619140625,22902.009765625,23066.470703125,23066.470703125,9927010000
2026-02-12,Nasdaq,^IXIC,23142.869140625,23161.599609375,22548.01953125,22597.150390625,22597.150390625,8855290000
2026-02-13,Nasdaq,^IXIC,22561.4609375,22742.060546875,22402.380859375,22546.669921875,22546.669921875,7964830000
2026-02-17,Nasdaq,^IXIC,22394.759765625,22690.830078125,22256.759765625,22578.380859375,22578.380859375,7654300000
2026-02-18,Nasdaq,^IXIC,22629.849609375,22895.9609375,22597.76953125,22753.630859375,22753.630859375,7705590000
2026-02-19,Nasdaq,^IXIC,22639.880859375,22768.830078125,22583.609375,22682.73046875,22682.73046875,6984780000
2026-02-20,Nasdaq,^IXIC,22542.279296875,22948.869140625,22539.05078125,22886.0703125,22886.0703125,8063070000
2026-02-23,Nasdaq,^IXIC,22840.970703125,22893.220703125,22547.119140625,22627.26953125,22627.26953125,8263920000
2026-02-24,Nasdaq,^IXIC,22641.599609375,22895.48046875,22528.259765625,22863.6796875,22863.6796875,7932270000
2026-02-25,Nasdaq,^IXIC,23005.009765625,23169.6796875,23004.689453125,23152.080078125,23152.080078125,8427450000
2026-02-26,Nasdaq,^IXIC,23100.580078125,23109.4609375,22670.80078125,22878.380859375,22878.380859375,9033470000
2026-02-27,Nasdaq,^IXIC,22615.4296875,22735.779296875,22538.30078125,22668.2109375,22668.2109375,9552610000
2026-03-02,Nasdaq,^IXIC,22322.119140625,22802.80078125,22306.080078125,22748.859375,22748.859375,8303030000
2026-03-03,Nasdaq,^IXIC,22292.369140625,22601.58984375,22124.779296875,22516.689453125,22516.689453125,9705500000
2026-03-04,Nasdaq,^IXIC,22620.890625,22891.880859375,22570.669921875,22807.48046875,22807.48046875,10918410000
2026-03-05,Nasdaq,^IXIC,22707.470703125,22877.01953125,22500.2890625,22748.990234375,22748.990234375,10994660000
2026-03-06,Nasdaq,^IXIC,22421.169921875,22614.41015625,22328.130859375,22387.6796875,22387.6796875,9300220000
2026-03-09,Nasdaq,^IXIC,22184.05078125,22741.029296875,22061.970703125,22695.94921875,22695.94921875,9797740000
2026-03-10,Nasdaq,^IXIC,22722.939453125,22906.720703125,22608.23046875,22697.099609375,22697.099609375,8800580000
2026-03-11,Nasdaq,^IXIC,22771.26953125,22877.7109375,22602.330078125,22716.130859375,22716.130859375,8348570000
2026-03-12,Nasdaq,^IXIC,22526.58984375,22550.75,22290.48046875,22311.98046875,22311.98046875,8490850000
2026-03-13,Nasdaq,^IXIC,22425.69921875,22521.380859375,22069.240234375,22105.359375,22105.359375,8278740000
2026-03-16,Nasdaq,^IXIC,22340.390625,22521.58984375,22316.630859375,22374.1796875,22374.1796875,8208800000
2026-03-17,Nasdaq,^IXIC,22458.029296875,22569.640625,22409.0703125,22479.529296875,22479.529296875,8505210000
2026-03-18,Nasdaq,^IXIC,22421.9609375,22461.759765625,22144.759765625,22152.419921875,22152.419921875,9325170000
2026-03-19,Nasdaq,^IXIC,21871.0390625,22187.060546875,21851.05078125,22090.689453125,22090.689453125,8547870000
2026-03-20,Nasdaq,^IXIC,21989.330078125,21997.08984375,21522.75,21647.609375,21647.609375,11743490000
2026-03-23,Nasdaq,^IXIC,21995.779296875,22189.33984375,21865.80078125,21946.759765625,21946.759765625,8895880000
2026-03-24,Nasdaq,^IXIC,21807.599609375,21916.16015625,21712.0390625,21761.890625,21761.890625,8488380000
2026-03-25,Nasdaq,^IXIC,22006.4296875,22093.1796875,21865.4609375,21929.8203125,21929.8203125,8056920000
2026-03-26,Nasdaq,^IXIC,21693.1796875,21823.580078125,21395.76953125,21408.080078125,21408.080078125,7726590000
2026-03-27,Nasdaq,^IXIC,21287.189453125,21293.5,20909.9296875,20948.359375,20948.359375,8713310000
2026-03-30,Nasdaq,^IXIC,21096.240234375,21139.720703125,20690.25,20794.640625,20794.640625,9234380000
2026-03-31,Nasdaq,^IXIC,21064.330078125,21642.619140625,21063.380859375,21590.630859375,21590.630859375,10645070000
2026-04-01,Nasdaq,^IXIC,21742.7890625,21983.0703125,21723.720703125,21840.94921875,21840.94921875,8801740000
2026-04-02,Nasdaq,^IXIC,21472.51953125,21906.48046875,21371.3203125,21879.1796875,21879.1796875,8134780000
2026-04-06,Nasdaq,^IXIC,21939.80078125,22052.41015625,21864.5,21996.33984375,21996.33984375,7907270000
2026-04-07,Nasdaq,^IXIC,21927.08984375,22024.900390625,21611.0,22017.849609375,22017.849609375,10796020000
2026-04-08,Nasdaq,^IXIC,22821.2109375,22821.2109375,22501.279296875,22634.990234375,22634.990234375,10411670000
2026-04-09,Nasdaq,^IXIC,22646.349609375,22836.75,22529.2109375,22822.419921875,22822.419921875,8662470000
2026-04-10,Nasdaq,^IXIC,22913.91015625,23011.76953125,22845.05078125,22902.890625,22902.890625,8700640000
2026-04-13,Nasdaq,^IXIC,22849.23046875,23187.9609375,22795.8203125,23183.740234375,23183.740234375,7925320000
2026-04-14,Nasdaq,^IXIC,23331.5,23639.080078125,23331.5,23639.080078125,23639.080078125,9105660000
2026-04-15,Nasdaq,^IXIC,23688.119140625,24026.560546875,23672.259765625,24016.01953125,24016.01953125,10206480000
2026-04-16,Nasdaq,^IXIC,24062.44921875,24156.1796875,23894.91015625,24102.69921875,24102.69921875,9963610000
2026-04-17,Nasdaq,^IXIC,24338.009765625,24519.509765625,24286.470703125,24468.48046875,24468.48046875,10159120000
2026-04-20,Nasdaq,^IXIC,24417.529296875,24435.919921875,24221.529296875,24404.390625,24404.390625,8379940000
2026-04-21,Nasdaq,^IXIC,24465.33984375,24537.580078125,24198.990234375,24259.9609375,24259.9609375,9309940000
2026-04-22,Nasdaq,^IXIC,24462.310546875,24660.109375,24421.400390625,24657.5703125,24657.5703125,8080930000
2026-04-23,Nasdaq,^IXIC,24553.75,24664.869140625,24209.740234375,24438.5,24438.5,7956600000
2026-04-24,Nasdaq,^IXIC,24616.560546875,24854.0390625,24524.369140625,24836.599609375,24836.599609375,10203070000
2026-04-27,Nasdaq,^IXIC,24799.640625,24899.369140625,24694.8203125,24887.099609375,24887.099609375,8126500000
2026-04-28,Nasdaq,^IXIC,24609.5703125,24724.69921875,24524.23046875,24663.80078125,24663.80078125,7441950000
2026-04-29,Nasdaq,^IXIC,24606.529296875,24724.109375,24532.69921875,24673.240234375,24673.240234375,8147470000
2026-04-30,Nasdaq,^IXIC,24859.939453125,24935.599609375,24491.830078125,24892.310546875,24892.310546875,8139190000
2026-05-01,Nasdaq,^IXIC,24977.7890625,25223.119140625,24967.08984375,25114.439453125,25114.439453125,7534290000
2026-05-04,Nasdaq,^IXIC,25112.1796875,25210.470703125,24913.119140625,25067.80078125,25067.80078125,7849180000
2026-05-05,Nasdaq,^IXIC,25258.880859375,25361.05078125,25217.16015625,25326.130859375,25326.130859375,8090030000
2026-05-06,Nasdaq,^IXIC,25495.169921875,25850.189453125,25464.439453125,25838.939453125,25838.939453125,8864150000
2026-05-07,Nasdaq,^IXIC,25881.30078125,26036.380859375,25713.650390625,25806.19921875,25806.19921875,9118880000
2026-05-08,Nasdaq,^IXIC,25958.119140625,26248.619140625,25944.779296875,26247.080078125,26247.080078125,9577150000
2026-05-11,Nasdaq,^IXIC,26135.630859375,26359.310546875,26129.830078125,26274.130859375,26274.130859375,11989910000
2026-05-12,Nasdaq,^IXIC,26087.009765625,26190.48046875,25739.220703125,26088.19921875,26088.19921875,9631840000
2026-05-13,Nasdaq,^IXIC,26147.650390625,26474.1796875,25990.16015625,26402.33984375,26402.33984375,9734720000
2026-05-14,Nasdaq,^IXIC,26425.470703125,26707.140625,26423.2109375,26635.220703125,26635.220703125,9860060000
2026-05-15,Nasdaq,^IXIC,26288.919921875,26460.759765625,26097.5390625,26225.140625,26225.140625,9584430000
2026-05-18,Nasdaq,^IXIC,26289.490234375,26310.83984375,25867.30078125,26090.73046875,26090.73046875,10327940000
2026-05-19,Nasdaq,^IXIC,25923.490234375,26050.2890625,25701.439453125,25870.7109375,25870.7109375,9895620000
2026-05-20,Nasdaq,^IXIC,25991.509765625,26273.759765625,25928.330078125,26270.359375,26270.359375,9268370000
2026-05-21,Nasdaq,^IXIC,26143.619140625,26403.5703125,26039.369140625,26293.099609375,26293.099609375,8627780000
2026-05-22,Nasdaq,^IXIC,26381.560546875,26504.55078125,26309.80078125,26343.970703125,26343.970703125,9265090000
2026-05-26,Nasdaq,^IXIC,26590.5,26725.2890625,26520.30078125,26656.1796875,26656.1796875,9718120000
2026-05-27,Nasdaq,^IXIC,26695.439453125,26715.310546875,26538.310546875,26674.73046875,26674.73046875,9240640000
2026-05-28,Nasdaq,^IXIC,26686.529296875,26934.83984375,26588.51953125,26917.470703125,26917.470703125,9224620000
2026-05-29,Nasdaq,^IXIC,26960.83984375,27094.80078125,26859.26953125,26972.619140625,26972.619140625,11906000000
2026-06-01,Nasdaq,^IXIC,26952.580078125,27190.2109375,26913.119140625,27086.810546875,27086.810546875,10199240000
2026-06-02,Nasdaq,^IXIC,27030.0703125,27171.2890625,26932.76953125,27093.900390625,27093.900390625,9675650000
2026-06-03,Nasdaq,^IXIC,27092.849609375,27130.880859375,26769.150390625,26853.98046875,26853.98046875,9267670000
2026-06-04,Nasdaq,^IXIC,26579.30078125,26923.69921875,26554.240234375,26830.9609375,26830.9609375,8999970000
2026-06-05,Nasdaq,^IXIC,26536.58984375,26572.25,25648.470703125,25709.4296875,25709.4296875,11550140000
2026-06-08,Nasdaq,^IXIC,26065.0703125,26179.650390625,25872.6796875,25929.66015625,25929.66015625,10077650000
2026-06-09,Nasdaq,^IXIC,26110.310546875,26259.919921875,24980.380859375,25678.8203125,25678.8203125,12106940000
2026-06-10,Nasdaq,^IXIC,25512.0703125,25726.0,25145.30078125,25169.5,25169.5,9519620000
2026-06-11,Nasdaq,^IXIC,25309.779296875,25846.560546875,25109.390625,25809.66015625,25809.66015625,10101910000
2026-06-12,Nasdaq,^IXIC,25783.359375,26010.310546875,25599.939453125,25888.83984375,25888.83984375,10337400000
2026-06-15,Nasdaq,^IXIC,26447.23046875,26687.560546875,26438.76953125,26683.939453125,26683.939453125,10590270000
2026-06-16,Nasdaq,^IXIC,26649.970703125,26788.619140625,26369.390625,26376.33984375,26376.33984375,11132830000
2026-06-17,Nasdaq,^IXIC,26493.8203125,26511.55078125,25960.41015625,26021.66015625,26021.66015625,11443600000
2026-06-18,Nasdaq,^IXIC,26410.619140625,26559.740234375,26188.689453125,26517.9296875,26517.9296875,18286150000
2026-06-22,Nasdaq,^IXIC,26483.310546875,26561.119140625,26125.48046875,26166.599609375,26166.599609375,12844290000
2026-06-23,Nasdaq,^IXIC,25549.759765625,25882.5703125,25513.259765625,25587.0390625,25587.0390625,14631520000
2026-06-24,Nasdaq,^IXIC,25578.619140625,25840.560546875,25354.66015625,25476.640625,25476.640625,14936190000
2026-06-25,Nasdaq,^IXIC,25724.779296875,25724.779296875,25123.4296875,25358.599609375,25358.599609375,9870860000
2026-06-26,Nasdaq,^IXIC,25105.41015625,25491.380859375,25014.9609375,25297.619140625,25297.619140625,16594580000
2026-06-29,Nasdaq,^IXIC,25502.08984375,25834.349609375,25289.759765625,25820.140625,25820.140625,9776230000
2026-06-30,Nasdaq,^IXIC,25824.470703125,26253.0390625,25808.060546875,26213.720703125,26213.720703125,9809990000
2026-07-01,Nasdaq,^IXIC,26039.509765625,26238.060546875,25954.4609375,26040.029296875,26040.029296875,9094410000
2026-07-02,Nasdaq,^IXIC,26047.380859375,26261.08984375,25630.509765625,25832.669921875,25832.669921875,9529580000
2026-07-06,Nasdaq,^IXIC,25999.609375,26209.759765625,25963.439453125,26121.16015625,26121.16015625,7827050000
2026-07-07,Nasdaq,^IXIC,25960.130859375,26010.01953125,25684.150390625,25818.689453125,25818.689453125,8244680000
2026-07-08,Nasdaq,^IXIC,25704.66015625,25896.0703125,25526.4609375,25870.650390625,25870.650390625,7935740000
2026-07-09,Nasdaq,^IXIC,25918.310546875,26215.8203125,25825.849609375,26206.890625,26206.890625,7312220000
2026-07-10,Nasdaq,^IXIC,26175.5390625,26301.5390625,26009.490234375,26281.609375,26281.609375,7094480000
2026-07-13,Nasdaq,^IXIC,26088.310546875,26139.369140625,25822.099609375,25873.1796875,25873.1796875,7231310000
2026-07-14,Nasdaq,^IXIC,26015.490234375,26168.80078125,25912.400390625,26107.009765625,26107.009765625,7397960000
2026-07-15,Nasdaq,^IXIC,26261.1796875,26316.810546875,26041.130859375,26269.23046875,26269.23046875,7379560000
2026-07-16,Nasdaq,^IXIC,26155.400390625,26165.369140625,25765.44921875,25881.94921875,25881.94921875,8294880000
2026-07-17,Nasdaq,^IXIC,25412.259765625,25703.009765625,25250.630859375,25520.240234375,25520.240234375,7820470000
2026-07-20,Nasdaq,^IXIC,25720.869140625,25815.599609375,25501.099609375,25508.0703125,25508.0703125,7184070000
2026-07-21,Nasdaq,^IXIC,25772.55078125,25880.33984375,25672.830078125,25837.2109375,25837.2109375,8001540000
2026-07-22,Nasdaq,^IXIC,25693.720703125,25841.310546875,25681.3203125,25690.900390625,25690.900390625,7473050000
2026-07-23,Nasdaq,^IXIC,25245.5390625,25358.279296875,24954.76953125,25137.689453125,25137.689453125,7655810000
2026-07-24,Nasdaq,^IXIC,25107.380859375,25222.140625,24918.08984375,24975.8203125,24975.8203125,7266300000
2026-07-27,Nasdaq,^IXIC,25236.189453125,25261.91015625,24774.869140625,24932.080078125,24932.080078125,7797890000
2026-07-28,Nasdaq,^IXIC,24825.0703125,24984.5,24581.009765625,24876.91015625,24876.91015625,8584960000
2026-07-29,Nasdaq,^IXIC,24863.48046875,25054.529296875,24425.33984375,24442.939453125,24442.939453125,8276280000
2026-07-30,Nasdaq,^IXIC,24852.05078125,25171.439453125,24813.83984375,25122.1796875,25122.1796875,9048570000
2026-07-31,Nasdaq,^IXIC,25340.7109375,25460.859375,25004.330078125,25373.849609375,25373.849609375,11942500000
2026-08-03,Nasdaq,^IXIC,25452.66015625,25967.439453125,25420.349609375,25913.900390625,25913.900390625,11118460000
2026-08-04,Nasdaq,^IXIC,26088.0390625,26679.91015625,26088.0390625,26584.990234375,26584.990234375,9717920000
2026-08-05,Nasdaq,^IXIC,26698.01953125,26739.0,26348.509765625,26363.439453125,26363.439453125,9116070000
2026-08-06,Nasdaq,^IXIC,26268.83984375,26499.419921875,26208.4296875,26348.349609375,26348.349609375,8936850000
2026-08-07,Nasdaq,^IXIC,26534.66015625,26712.619140625,26478.009765625,26690.619140625,26690.619140625,8183970000
2026-08-10,Nasdaq,^IXIC,26680.439453125,26724.630859375,26548.259765625,26605.359375,26605.359375,7675200000
2026-08-11,Nasdaq,^IXIC,26672.1796875,26679.259765625,26372.310546875,26445.44921875,26445.44921875,7684920000
2026-08-12,Nasdaq,^IXIC,26680.470703125,26688.240234375,26531.9296875,26588.490234375,26588.490234375,7873190000
2026-08-13,Nasdaq,^IXIC,26631.33984375,26875.51953125,26612.849609375,26803.029296875,26803.029296875,8380820000
2026-08-14,Nasdaq,^IXIC,26851.150390625,26862.169921875,26661.94921875,26729.16015625,26729.16015625,7212180000
2025-08-15,Dow,^DJI,45159.91015625,45203.51953125,44897.98046875,44946.12109375,44946.12109375,547270000
2025-08-18,Dow,^DJI,44963.171875,44998.828125,44868.3203125,44911.8203125,44911.8203125,416460000
2025-08-19,Dow,^DJI,44952.359375,45207.390625,44816.5,44922.26953125,44922.26953125,466010000
2025-08-20,Dow,^DJI,44922.69921875,45033.75,44767.96875,44938.30859375,44938.30859375,512550000
2025-08-21,Dow,^DJI,44808.2109375,44892.609375,44579.03125,44785.5,44785.5,407540000
2025-08-22,Dow,^DJI,44952.87890625,45757.83984375,44952.87890625,45631.73828125,45631.73828125,484720000
2025-08-25,Dow,^DJI,45605.25,45605.25,45273.08984375,45282.46875,45282.46875,393960000
2025-08-26,Dow,^DJI,45236.828125,45437.62109375,45192.2890625,45418.0703125,45418.0703125,490980000
2025-08-27,Dow,^DJI,45417.4609375,45621.078125,45372.78125,45565.23046875,45565.23046875,430980000
2025-08-28,Dow,^DJI,45581.03125,45682.828125,45442.6796875,45636.8984375,45636.8984375,540880000
2025-08-29,Dow,^DJI,45590.9609375,45616.16015625,45377.2109375,45544.87890625,45544.87890625,494870000
2025-09-02,Dow,^DJI,45287.73046875,45295.80859375,44948.16015625,45295.80859375,45295.80859375,533180000
2025-09-03,Dow,^DJI,45309.4296875,45309.4296875,44980.359375,45271.23046875,45271.23046875,479210000
2025-09-04,Dow,^DJI,45204.87109375,45632.390625,45160.73828125,45621.2890625,45621.2890625,457490000
2025-09-05,Dow,^DJI,45656.48828125,45770.19921875,45211.78125,45400.859375,45400.859375,558920000
2025-09-08,Dow,^DJI,45430.609375,45542.55859375,45277.73046875,45514.94921875,45514.94921875,472240000
2025-09-09,Dow,^DJI,45547.62109375,45764.19921875,45433.51171875,45711.33984375,45711.33984375,449650000
2025-09-10,Dow,^DJI,45731.5,45731.5,45380.05859375,45490.921875,45490.921875,579920000
2025-09-11,Dow,^DJI,45577.08984375,46137.19921875,45577.08984375,46108.0,46108.0,448340000
2025-09-12,Dow,^DJI,46077.140625,46077.140625,45813.9296875,45834.21875,45834.21875,421730000
2025-09-15,Dow,^DJI,45848.390625,45978.4296875,45771.87890625,45883.44921875,45883.44921875,401500000
2025-09-16,Dow,^DJI,45919.5390625,45967.109375,45667.421875,45757.8984375,45757.8984375,443400000
2025-09-17,Dow,^DJI,45778.3984375,46261.94921875,45687.58984375,46018.3203125,46018.3203125,509830000
2025-09-18,Dow,^DJI,46056.55078125,46317.51953125,45954.73046875,46142.421875,46142.421875,489090000
2025-09-19,Dow,^DJI,46211.16015625,46396.46875,46105.01953125,46315.26953125,46315.26953125,972580000
2025-09-22,Dow,^DJI,46206.69140625,46447.12890625,46035.828125,46381.5390625,46381.5390625,627450000
2025-09-23,Dow,^DJI,46364.109375,46714.26953125,46217.578125,46292.78125,46292.78125,541530000
2025-09-24,Dow,^DJI,46368.94140625,46453.0703125,46096.390625,46121.28125,46121.28125,421040000
2025-09-25,Dow,^DJI,46097.4296875,46122.421875,45785.171875,45947.3203125,45947.3203125,509180000
2025-09-26,Dow,^DJI,46101.44921875,46353.03125,46051.921875,46247.2890625,46247.2890625,434270000
2025-09-29,Dow,^DJI,46306.33984375,46387.05859375,46149.05078125,46316.0703125,46316.0703125,479740000
2025-09-30,Dow,^DJI,46282.62890625,46425.30078125,46103.390625,46397.890625,46397.890625,584780000
2025-10-01,Dow,^DJI,46366.78125,46528.78125,46276.390625,46441.1015625,46441.1015625,552790000
2025-10-02,Dow,^DJI,46461.109375,46589.30859375,46283.5703125,46519.71875,46519.71875,442010000
2025-10-03,Dow,^DJI,46583.94921875,47049.640625,46566.87109375,46758.28125,46758.28125,425050000
2025-10-06,Dow,^DJI,46776.0390625,46846.44921875,46426.9609375,46694.96875,46694.96875,500000000
2025-10-07,Dow,^DJI,46700.8984375,46868.48828125,46448.01953125,46602.98046875,46602.98046875,411280000
2025-10-08,Dow,^DJI,46649.3203125,46816.28125,46498.390625,46601.78125,46601.78125,423510000
2025-10-09,Dow,^DJI,46622.30859375,46684.41015625,46271.3984375,46358.421875,46358.421875,493080000
2025-10-10,Dow,^DJI,46394.87890625,46641.73828125,45470.71875,45479.6015625,45479.6015625,658100000
2025-10-13,Dow,^DJI,45698.4609375,46153.48828125,45698.4609375,46067.578125,46067.578125,414070000
2025-10-14,Dow,^DJI,45871.890625,46522.671875,45452.03125,46270.4609375,46270.4609375,515330000
2025-10-15,Dow,^DJI,46375.171875,46693.33984375,46027.23046875,46253.30859375,46253.30859375,488700000
2025-10-16,Dow,^DJI,46289.08984375,46422.33984375,45781.1796875,45952.23828125,45952.23828125,481610000
2025-10-17,Dow,^DJI,45862.3984375,46327.0703125,45862.37109375,46190.609375,46190.609375,492870000
2025-10-20,Dow,^DJI,46312.87890625,46759.26953125,46312.87890625,46706.578125,46706.578125,444010000
2025-10-21,Dow,^DJI,46707.078125,47125.66015625,46688.25,46924.73828125,46924.73828125,430490000
2025-10-22,Dow,^DJI,46941.55859375,46941.55859375,46461.51953125,46590.41015625,46590.41015625,458450000
2025-10-23,Dow,^DJI,46519.12890625,46802.1484375,46490.05859375,46734.609375,46734.609375,407570000
2025-10-24,Dow,^DJI,46811.51171875,47326.73046875,46811.51171875,47207.12109375,47207.12109375,403500000
2025-10-27,Dow,^DJI,47412.80078125,47564.51953125,47375.9609375,47544.58984375,47544.58984375,426790000
2025-10-28,Dow,^DJI,47752.3515625,47943.16015625,47675.69921875,47706.37109375,47706.37109375,603670000
2025-10-29,Dow,^DJI,47746.7890625,48040.640625,47448.58984375,47632.0,47632.0,683470000
2025-10-30,Dow,^DJI,47446.87890625,48014.921875,47381.91015625,47522.12109375,47522.12109375,593890000
2025-10-31,Dow,^DJI,47659.9609375,47718.37890625,47347.28125,47562.87109375,47562.87109375,704620000
2025-11-03,Dow,^DJI,47697.328125,47697.328125,47135.9609375,47336.6796875,47336.6796875,571740000
2025-11-04,Dow,^DJI,47148.0390625,47274.8984375,46877.05859375,47085.23828125,47085.23828125,514650000
2025-11-05,Dow,^DJI,47097.30859375,47460.359375,47041.30859375,47311.0,47311.0,469010000
2025-11-06,Dow,^DJI,47255.12109375,47359.2890625,46787.44140625,46912.30078125,46912.30078125,552150000
2025-11-07,Dow,^DJI,46797.03125,46996.7109375,46495.62109375,46987.1015625,46987.1015625,591090000
2025-11-10,Dow,^DJI,47095.05859375,47412.890625,46934.3515625,47368.62890625,47368.62890625,490070000
2025-11-11,Dow,^DJI,47384.51171875,47974.37109375,47384.51171875,47927.9609375,47927.9609375,454970000
2025-11-12,Dow,^DJI,48015.7890625,48431.5703125,48015.7890625,48254.8203125,48254.8203125,497550000
2025-11-13,Dow,^DJI,48173.921875,48233.25,47411.1015625,47457.21875,47457.21875,608110000
2025-11-14,Dow,^DJI,47222.37890625,47380.0703125,46863.05078125,47147.48046875,47147.48046875,552330000
2025-11-17,Dow,^DJI,47068.05859375,47202.55859375,46430.26953125,46590.23828125,46590.23828125,503830000
2025-11-18,Dow,^DJI,46382.921875,46382.921875,45913.6015625,46091.73828125,46091.73828125,596360000
2025-11-19,Dow,^DJI,46138.6796875,46299.12890625,45905.19140625,46138.76953125,46138.76953125,555370000
2025-11-20,Dow,^DJI,46567.51171875,46856.75,45728.9296875,45752.26171875,45752.26171875,721440000
2025-11-21,Dow,^DJI,45808.6484375,46577.5,45781.578125,46245.41015625,46245.41015625,790560000
2025-11-24,Dow,^DJI,46351.9296875,46587.7109375,46108.01171875,46448.26953125,46448.26953125,743580000
2025-11-25,Dow,^DJI,46482.359375,47182.8984375,46341.3515625,47112.44921875,47112.44921875,648860000
2025-11-26,Dow,^DJI,47196.1484375,47571.3984375,47196.1484375,47427.12109375,47427.12109375,454980000
2025-11-28,Dow,^DJI,47482.25,47750.76953125,47475.609375,47716.421875,47716.421875,272500000
2025-12-01,Dow,^DJI,47580.8515625,47676.03125,47271.109375,47289.328125,47289.328125,482190000
2025-12-02,Dow,^DJI,47416.91015625,47597.109375,47263.921875,47474.4609375,47474.4609375,510900000
2025-12-03,Dow,^DJI,47371.62109375,47969.640625,47371.62109375,47882.8984375,47882.8984375,490380000
2025-12-04,Dow,^DJI,47888.16015625,48049.71875,47692.9609375,47850.94140625,47850.94140625,498740000
2025-12-05,Dow,^DJI,47879.6015625,48133.5390625,47871.51171875,47954.98828125,47954.98828125,456100000
2025-12-08,Dow,^DJI,47971.51171875,47971.51171875,47611.9296875,47739.3203125,47739.3203125,505490000
2025-12-09,Dow,^DJI,47724.51953125,47957.7890625,47533.6015625,47560.2890625,47560.2890625,425470000
2025-12-10,Dow,^DJI,47573.9609375,48197.30078125,47462.94140625,48057.75,48057.75,545610000
2025-12-11,Dow,^DJI,48082.8984375,48756.33984375,48082.8984375,48704.01171875,48704.01171875,493950000
2025-12-12,Dow,^DJI,48714.75,48886.859375,48334.1015625,48458.05078125,48458.05078125,495830000
2025-12-15,Dow,^DJI,48594.359375,48679.140625,48283.26953125,48416.55859375,48416.55859375,516630000
2025-12-16,Dow,^DJI,48380.171875,48452.171875,47946.25,48114.26171875,48114.26171875,457400000
2025-12-17,Dow,^DJI,48128.05078125,48387.328125,47856.7890625,47885.96875,47885.96875,534260000
2025-12-18,Dow,^DJI,48101.1796875,48365.9296875,47849.48046875,47951.8515625,47951.8515625,521430000
2025-12-19,Dow,^DJI,47974.8203125,48289.62890625,47974.8203125,48134.890625,48134.890625,1227520000
2025-12-22,Dow,^DJI,48211.87890625,48457.46875,48199.12890625,48362.6796875,48362.6796875,427050000
2025-12-23,Dow,^DJI,48320.58984375,48527.5,48254.30859375,48442.41015625,48442.41015625,418920000
2025-12-24,Dow,^DJI,48424.7109375,48771.3203125,48386.58984375,48731.16015625,48731.16015625,206740000
2025-12-26,Dow,^DJI,48712.46875,48782.0,48589.0703125,48710.96875,48710.96875,288770000
2025-12-29,Dow,^DJI,48636.62890625,48704.828125,48390.91015625,48461.9296875,48461.9296875,321850000
2025-12-30,Dow,^DJI,48434.87890625,48471.69921875,48297.26171875,48367.05859375,48367.05859375,282570000
2025-12-31,Dow,^DJI,48371.51953125,48394.51171875,48050.87890625,48063.2890625,48063.2890625,336060000
2026-01-02,Dow,^DJI,48105.98046875,48404.05859375,47853.0390625,48382.390625,48382.390625,465060000
2026-01-05,Dow,^DJI,48475.80859375,49209.94921875,48449.62109375,48977.1796875,48977.1796875,578580000
2026-01-06,Dow,^DJI,48987.359375,49509.921875,48923.828125,49462.078125,49462.078125,541220000
2026-01-07,Dow,^DJI,49512.71875,49621.4296875,48951.98828125,48996.078125,48996.078125,506140000
2026-01-08,Dow,^DJI,48850.171875,49357.73828125,48792.33984375,49266.109375,49266.109375,515070000
2026-01-09,Dow,^DJI,49234.80859375,49571.41015625,49197.05859375,49504.0703125,49504.0703125,444480000
2026-01-12,Dow,^DJI,49499.671875,49633.3515625,49011.30859375,49590.19921875,49590.19921875,516430000
2026-01-13,Dow,^DJI,49616.94921875,49616.94921875,49056.30859375,49191.98828125,49191.98828125,549950000
2026-01-14,Dow,^DJI,49088.25,49195.1015625,48851.98046875,49149.62890625,49149.62890625,530670000
2026-01-15,Dow,^DJI,49201.1015625,49581.1796875,49201.1015625,49442.44140625,49442.44140625,541520000
2026-01-16,Dow,^DJI,49466.69921875,49616.69921875,49246.23828125,49359.328125,49359.328125,992970000
2026-01-20,Dow,^DJI,49005.01171875,49005.01171875,48428.12890625,48488.58984375,48488.58984375,676030000
2026-01-21,Dow,^DJI,48546.03125,49295.03125,48546.03125,49077.23046875,49077.23046875,600840000
2026-01-22,Dow,^DJI,49201.80859375,49607.2890625,49201.80859375,49384.01171875,49384.01171875,455130000
2026-01-23,Dow,^DJI,49264.5390625,49265.4609375,48963.05078125,49098.7109375,49098.7109375,461030000
2026-01-26,Dow,^DJI,49137.6484375,49488.80859375,49137.6484375,49412.3984375,49412.3984375,454370000
2026-01-27,Dow,^DJI,49103.578125,49157.80078125,48862.51953125,49003.41015625,49003.41015625,533780000
2026-01-28,Dow,^DJI,49024.6796875,49150.33984375,48901.48828125,49015.6015625,49015.6015625,470990000
2026-01-29,Dow,^DJI,48938.26953125,49292.80859375,48597.21875,49071.55859375,49071.55859375,693040000
2026-01-30,Dow,^DJI,48991.62109375,49047.6796875,48459.87890625,48892.46875,48892.46875,761990000
2026-02-02,Dow,^DJI,48777.76953125,49484.94921875,48673.578125,49407.66015625,49407.66015625,632100000
2026-02-03,Dow,^DJI,49358.58984375,49653.12890625,48832.78125,49240.98828125,49240.98828125,741310000
2026-02-04,Dow,^DJI,49323.58984375,49649.859375,49112.4296875,49501.30078125,49501.30078125,742920000
2026-02-05,Dow,^DJI,49313.0390625,49340.8984375,48829.1015625,48908.71875,48908.71875,710270000
2026-02-06,Dow,^DJI,49032.19140625,50169.6484375,49032.19140625,50115.671875,50115.671875,775490000
2026-02-09,Dow,^DJI,50047.7890625,50219.3984375,49837.44921875,50135.87109375,50135.87109375,623640000
2026-02-10,Dow,^DJI,50193.48828125,50512.7890625,50115.03125,50188.140625,50188.140625,532700000
2026-02-11,Dow,^DJI,50243.1484375,50499.0390625,49901.609375,50121.3984375,50121.3984375,569380000
2026-02-12,Dow,^DJI,50170.26953125,50447.01171875,49420.28125,49451.98046875,49451.98046875,765340000
2026-02-13,Dow,^DJI,49439.578125,49743.98046875,49084.3515625,49500.9296875,49500.9296875,597100000
2026-02-17,Dow,^DJI,49525.37109375,49732.37109375,49169.83984375,49533.19140625,49533.19140625,558570000
2026-02-18,Dow,^DJI,49571.921875,49897.30859375,49469.05859375,49662.66015625,49662.66015625,493390000
2026-02-19,Dow,^DJI,49576.21875,49606.171875,49197.53125,49395.16015625,49395.16015625,439980000
2026-02-20,Dow,^DJI,49323.0,49712.55859375,49158.28125,49625.96875,49625.96875,574810000
2026-02-23,Dow,^DJI,49536.5390625,49695.609375,48731.4609375,48804.05859375,48804.05859375,574610000
2026-02-24,Dow,^DJI,48827.80078125,49295.2109375,48752.73828125,49174.5,49174.5,524270000
2026-02-25,Dow,^DJI,49357.62890625,49517.359375,49206.87109375,49482.1484375,49482.1484375,541620000
2026-02-26,Dow,^DJI,49544.578125,49815.21875,49237.37890625,49499.19921875,49499.19921875,684630000
2026-02-27,Dow,^DJI,49253.5703125,49253.5703125,48678.78125,48977.921875,48977.921875,811800000
2026-03-02,Dow,^DJI,48794.421875,49064.671875,48377.9609375,48904.78125,48904.78125,552340000
2026-03-03,Dow,^DJI,48493.109375,48695.359375,47626.8515625,48501.26953125,48501.26953125,533540000
2026-03-04,Dow,^DJI,48589.76953125,48854.05078125,48354.37109375,48739.41015625,48739.41015625,511380000
2026-03-05,Dow,^DJI,48526.73046875,48526.73046875,47577.109375,47954.73828125,47954.73828125,625110000
2026-03-06,Dow,^DJI,47634.55078125,47634.55078125,47009.01171875,47501.55078125,47501.55078125,541850000
2026-03-09,Dow,^DJI,47371.28125,47876.05859375,46615.51953125,47740.80078125,47740.80078125,560020000
2026-03-10,Dow,^DJI,47771.4296875,48220.5390625,47444.23046875,47706.51171875,47706.51171875,490360000
2026-03-11,Dow,^DJI,47690.76171875,47711.26171875,47185.890625,47417.26953125,47417.26953125,419500000
2026-03-12,Dow,^DJI,47242.51953125,47242.51953125,46662.23046875,46677.8515625,46677.8515625,535900000
2026-03-13,Dow,^DJI,46689.23828125,47123.98828125,46494.62890625,46558.46875,46558.46875,453250000
2026-03-16,Dow,^DJI,46707.3984375,47176.140625,46707.3984375,46946.41015625,46946.41015625,514980000
2026-03-17,Dow,^DJI,47085.53125,47428.12109375,46975.51953125,46993.26171875,46993.26171875,479900000
2026-03-18,Dow,^DJI,46913.9296875,46913.9296875,46193.05859375,46225.1484375,46225.1484375,472020000
2026-03-19,Dow,^DJI,46134.87109375,46247.21875,45733.69921875,46021.4296875,46021.4296875,482890000
2026-03-20,Dow,^DJI,45975.6484375,46068.30859375,45369.390625,45577.46875,45577.46875,1044540000
2026-03-23,Dow,^DJI,45803.8203125,46712.328125,45803.8203125,46208.46875,46208.46875,530140000
2026-03-24,Dow,^DJI,46099.859375,46400.8203125,45769.69140625,46124.05859375,46124.05859375,474450000
2026-03-25,Dow,^DJI,46314.23828125,46718.421875,46196.91015625,46429.48828125,46429.48828125,462990000
2026-03-26,Dow,^DJI,46344.640625,46547.58984375,45910.75,45960.109375,45960.109375,505010000
2026-03-27,Dow,^DJI,45904.25,45904.25,45063.328125,45166.640625,45166.640625,555090000
2026-03-30,Dow,^DJI,45283.05859375,45625.76171875,45057.28125,45216.140625,45216.140625,540680000
2026-03-31,Dow,^DJI,45541.76171875,46383.3984375,45480.30078125,46341.51171875,46341.51171875,639410000
2026-04-01,Dow,^DJI,46396.12109375,46803.359375,46396.12109375,46565.73828125,46565.73828125,604140000
2026-04-02,Dow,^DJI,46469.359375,46754.71875,45897.23828125,46504.671875,46504.671875,446710000
2026-04-06,Dow,^DJI,46472.19921875,46701.1015625,46354.94921875,46669.87890625,46669.87890625,339870000
2026-04-07,Dow,^DJI,46744.76171875,46744.76171875,46214.76953125,46584.4609375,46584.4609375,450740000
2026-04-08,Dow,^DJI,46978.171875,48017.08984375,46978.171875,47909.921875,47909.921875,523710000
2026-04-09,Dow,^DJI,47840.62890625,48323.94921875,47690.26953125,48185.80078125,48185.80078125,445240000
2026-04-10,Dow,^DJI,48199.390625,48235.05859375,47856.1796875,47916.5703125,47916.5703125,477060000
2026-04-13,Dow,^DJI,47718.2109375,48221.37109375,47505.96875,48218.25,48218.25,455850000
2026-04-14,Dow,^DJI,48272.03125,48592.2890625,48192.30078125,48535.98828125,48535.98828125,527910000
2026-04-15,Dow,^DJI,48549.140625,48709.01171875,48281.62109375,48463.71875,48463.71875,529870000
2026-04-16,Dow,^DJI,48557.8203125,48683.44921875,48337.37890625,48578.71875,48578.71875,456610000
2026-04-17,Dow,^DJI,48788.80859375,49717.98046875,48788.80859375,49447.4296875,49447.4296875,585650000
2026-04-20,Dow,^DJI,49422.37109375,49489.62890625,49245.6015625,49442.55859375,49442.55859375,411270000
2026-04-21,Dow,^DJI,49688.37109375,49848.69140625,49046.5390625,49149.37890625,49149.37890625,476630000
2026-04-22,Dow,^DJI,49271.5,49624.48046875,49271.5,49490.03125,49490.03125,426410000
2026-04-23,Dow,^DJI,49284.8515625,49522.94140625,48861.30859375,49310.3203125,49310.3203125,455470000
2026-04-24,Dow,^DJI,49320.2890625,49393.33984375,49085.75,49230.7109375,49230.7109375,536950000
2026-04-27,Dow,^DJI,49112.19921875,49353.69140625,49029.46875,49167.7890625,49167.7890625,514570000
2026-04-28,Dow,^DJI,49276.80078125,49381.328125,49077.75,49141.9296875,49141.9296875,508210000
2026-04-29,Dow,^DJI,49163.78125,49163.78125,48708.5703125,48861.80859375,48861.80859375,453280000
2026-04-30,Dow,^DJI,48762.9296875,49753.26171875,48762.9296875,49652.140625,49652.140625,733120000
2026-05-01,Dow,^DJI,49832.5703125,49988.55859375,49496.46875,49499.26953125,49499.26953125,465300000
2026-05-04,Dow,^DJI,49416.66015625,49441.4296875,48913.05859375,48941.8984375,48941.8984375,439460000
2026-05-05,Dow,^DJI,49037.12109375,49365.21875,49009.109375,49298.25,49298.25,395600000
2026-05-06,Dow,^DJI,49442.19140625,50011.53125,49442.19140625,49910.58984375,49910.58984375,552640000
2026-05-07,Dow,^DJI,50002.390625,50130.19921875,49487.96875,49596.96875,49596.96875,482010000
2026-05-08,Dow,^DJI,49581.08984375,49830.69921875,49486.9609375,49609.16015625,49609.16015625,456510000
2026-05-11,Dow,^DJI,49549.0703125,49771.23828125,49475.78125,49704.46875,49704.46875,493230000
2026-05-12,Dow,^DJI,49739.62109375,49823.94140625,49307.66015625,49760.55859375,49760.55859375,498360000
2026-05-13,Dow,^DJI,49674.578125,49747.609375,49451.0,49693.19921875,49693.19921875,485990000
2026-05-14,Dow,^DJI,49843.578125,50200.5390625,49843.578125,50063.4609375,50063.4609375,504090000
2026-05-15,Dow,^DJI,49930.26171875,49930.26171875,49503.5703125,49526.171875,49526.171875,587920000
2026-05-18,Dow,^DJI,49481.0390625,49761.16015625,49352.55859375,49686.12109375,49686.12109375,461520000
2026-05-19,Dow,^DJI,49696.53125,49696.53125,49245.109375,49363.87890625,49363.87890625,494840000
2026-05-20,Dow,^DJI,49348.828125,50067.21875,49235.73828125,50009.3515625,50009.3515625,513230000
2026-05-21,Dow,^DJI,49983.80078125,50381.41015625,49697.46875,50285.66015625,50285.66015625,560940000
2026-05-22,Dow,^DJI,50434.6484375,50830.23828125,50434.6484375,50579.69921875,50579.69921875,463470000
2026-05-26,Dow,^DJI,50686.1484375,50785.6796875,50356.640625,50461.6796875,50461.6796875,530360000
2026-05-27,Dow,^DJI,50487.16015625,50830.41015625,50487.16015625,50644.28125,50644.28125,503580000
2026-05-28,Dow,^DJI,50660.98046875,50764.0390625,50314.33984375,50668.96875,50668.96875,505090000
2026-05-29,Dow,^DJI,50773.91015625,51094.1796875,50698.26953125,51032.4609375,51032.4609375,894700000
2026-06-01,Dow,^DJI,51161.1015625,51161.1015625,50767.3203125,51078.87890625,51078.87890625,625190000
2026-06-02,Dow,^DJI,50912.83984375,51369.609375,50829.55078125,51307.7890625,51307.7890625,548760000
2026-06-03,Dow,^DJI,51220.921875,51220.921875,50687.0703125,50687.0703125,50687.0703125,546850000
2026-06-04,Dow,^DJI,50986.1015625,51657.890625,50986.1015625,51561.9296875,51561.9296875,520670000
2026-06-05,Dow,^DJI,51610.01953125,51660.3984375,50781.44921875,50866.78125,50866.78125,638680000
2026-06-08,Dow,^DJI,50997.23046875,51277.1484375,50732.3515625,50786.01171875,50786.01171875,477180000
2026-06-09,Dow,^DJI,50814.421875,51260.921875,50211.12109375,50872.109375,50872.109375,566610000
2026-06-10,Dow,^DJI,50760.12109375,50769.26171875,49909.0703125,49918.78125,49918.78125,503790000
2026-06-11,Dow,^DJI,49972.0703125,50968.94921875,49972.0703125,50848.75,50848.75,516860000
2026-06-12,Dow,^DJI,51148.73046875,51409.69921875,50827.83984375,51202.26171875,51202.26171875,427710000
2026-06-15,Dow,^DJI,51364.55078125,51945.890625,51364.55078125,51671.03125,51671.03125,509660000
2026-06-16,Dow,^DJI,51712.62890625,52190.2890625,51712.62890625,51999.671875,51999.671875,447100000
2026-06-17,Dow,^DJI,51937.55859375,52281.19140625,51392.578125,51492.55078125,51492.55078125,496040000
2026-06-18,Dow,^DJI,51571.8515625,51949.26171875,51554.53125,51564.69921875,51564.69921875,985370000
2026-06-22,Dow,^DJI,51555.19140625,51887.8515625,51555.19140625,51712.7109375,51712.7109375,529120000
2026-06-23,Dow,^DJI,51735.640625,51872.55859375,51301.76953125,51666.83984375,51666.83984375,548870000
2026-06-24,Dow,^DJI,51660.75,52248.69140625,51617.73046875,51848.8984375,51848.8984375,560270000
2026-06-25,Dow,^DJI,52009.01953125,52655.66015625,51857.78125,51920.62109375,51920.62109375,639230000
2026-06-26,Dow,^DJI,51803.76953125,52130.0703125,51614.73828125,51876.109375,51876.109375,1297680000
2026-06-29,Dow,^DJI,51995.140625,52311.62890625,51949.5390625,52182.73828125,52182.73828125,580440000
2026-06-30,Dow,^DJI,52168.1796875,52387.44921875,52033.12890625,52319.19921875,52319.19921875,622980000
2026-07-01,Dow,^DJI,52231.1796875,52742.66015625,52026.640625,52305.23828125,52305.23828125,622970000
2026-07-02,Dow,^DJI,52395.21875,52903.8515625,52395.21875,52900.0703125,52900.0703125,548820000
2026-07-06,Dow,^DJI,52828.44921875,53060.1015625,52648.69140625,53055.91015625,53055.91015625,467390000
2026-07-07,Dow,^DJI,53104.05859375,53289.30078125,52774.171875,52925.1484375,52925.1484375,442010000
2026-07-08,Dow,^DJI,52758.46875,52758.46875,52069.87109375,52348.390625,52348.390625,454130000
2026-07-09,Dow,^DJI,52249.44140625,52574.890625,52249.44140625,52487.41015625,52487.41015625,456760000
2026-07-10,Dow,^DJI,52622.921875,52709.75,52266.80859375,52637.01171875,52637.01171875,408090000
2026-07-13,Dow,^DJI,52676.53125,52846.51171875,52351.12109375,52498.640625,52498.640625,399240000
2026-07-14,Dow,^DJI,52046.359375,52695.05859375,52046.359375,52508.26953125,52508.26953125,464870000
2026-07-15,Dow,^DJI,52604.19921875,52823.94921875,52428.5390625,52658.640625,52658.640625,506020000
2026-07-16,Dow,^DJI,52924.859375,52924.859375,52367.421875,52552.96875,52552.96875,528320000
2026-07-17,Dow,^DJI,52426.4609375,52610.96875,51986.73828125,52146.421875,52146.421875,549690000
2026-07-20,Dow,^DJI,52154.5703125,52411.8984375,51781.8984375,51839.26171875,51839.26171875,397690000
2026-07-21,Dow,^DJI,51916.7890625,52370.6484375,51890.1015625,52224.640625,52224.640625,404610000
2026-07-22,Dow,^DJI,52287.140625,52511.2109375,52148.87109375,52218.578125,52218.578125,449100000
2026-07-23,Dow,^DJI,51755.5390625,51885.140625,51542.05859375,51711.6484375,51711.6484375,496570000
2026-07-24,Dow,^DJI,51791.37109375,52118.19140625,51682.359375,51947.25,51947.25,437530000
2026-07-27,Dow,^DJI,52173.421875,52607.78125,51985.37890625,52210.078125,52210.078125,487490000
2026-07-28,Dow,^DJI,52492.87890625,52901.87109375,52443.51953125,52747.3203125,52747.3203125,544740000
2026-07-29,Dow,^DJI,52674.2109375,52674.2109375,51551.1796875,51594.140625,51594.140625,531850000
2026-07-30,Dow,^DJI,52114.26953125,52266.44921875,51655.51953125,52208.05859375,52208.05859375,631410000
2026-07-31,Dow,^DJI,52235.03125,52623.140625,51996.3203125,52485.03125,52485.03125,697510000
2026-08-03,Dow,^DJI,52759.05859375,53230.078125,52759.05859375,53178.41015625,53178.41015625,598420000
2026-08-04,Dow,^DJI,53641.2109375,54272.6015625,53641.2109375,54085.87890625,54085.87890625,580350000
2026-08-05,Dow,^DJI,54266.12109375,54744.328125,54266.12109375,54349.12109375,54349.12109375,519020000
2026-08-06,Dow,^DJI,54426.8515625,54502.87109375,53835.01953125,53885.1015625,53885.1015625,416810000
2026-08-07,Dow,^DJI,53849.26171875,54094.6484375,53807.94140625,54036.9296875,54036.9296875,378680000
2026-08-10,Dow,^DJI,54072.66015625,54072.66015625,53850.19140625,53975.98046875,53975.98046875,413890000
2026-08-11,Dow,^DJI,53961.6015625,54222.8515625,53746.4296875,53791.8515625,53791.8515625,379390000
2026-08-12,Dow,^DJI,53797.46875,53969.359375,53731.9609375,53770.26953125,53770.26953125,410990000
2026-08-13,Dow,^DJI,53828.55078125,54049.140625,53622.4609375,53839.98828125,53839.98828125,417340000
2026-08-14,Dow,^DJI,53842.80078125,53890.83984375,53673.46875,53732.41015625,53732.41015625,319610000
2025-08-15,Russell 2000,^RUT,2304.199951171875,2305.0,2279.570068359375,2286.52001953125,2286.52001953125,4575060000
2025-08-18,Russell 2000,^RUT,2287.110107421875,2298.27001953125,2285.800048828125,2294.469970703125,2294.469970703125,4162290000
2025-08-19,Russell 2000,^RUT,2295.1201171875,2300.510009765625,2272.860107421875,2276.610107421875,2276.610107421875,4377440000
2025-08-20,Russell 2000,^RUT,2273.7900390625,2274.68994140625,2252.429931640625,2269.35009765625,2269.35009765625,4470390000
2025-08-21,Russell 2000,^RUT,2258.93994140625,2277.010009765625,2254.550048828125,2274.10009765625,2274.10009765625,4013560000
2025-08-22,Russell 2000,^RUT,2285.179931640625,2366.60009765625,2285.179931640625,2361.949951171875,2361.949951171875,5046860000
2025-08-25,Russell 2000,^RUT,2357.389892578125,2357.389892578125,2339.070068359375,2339.169921875,2339.169921875,4059070000
2025-08-26,Russell 2000,^RUT,2339.169921875,2361.7099609375,2339.169921875,2358.60009765625,2358.60009765625,4867680000
2025-08-27,Russell 2000,^RUT,2353.929931640625,2375.7099609375,2352.780029296875,2373.800048828125,2373.800048828125,4143680000
2025-08-28,Russell 2000,^RUT,2382.590087890625,2384.010009765625,2370.1201171875,2378.409912109375,2378.409912109375,4283760000
2025-08-29,Russell 2000,^RUT,2381.159912109375,2382.1298828125,2359.39990234375,2366.419921875,2366.419921875,4234840000
2025-09-02,Russell 2000,^RUT,2339.860107421875,2354.989990234375,2329.949951171875,2352.2099609375,2352.2099609375,4784000000
2025-09-03,Russell 2000,^RUT,2352.3701171875,2359.199951171875,2340.489990234375,2349.969970703125,2349.969970703125,4465360000
2025-09-04,Russell 2000,^RUT,2354.409912109375,2379.7900390625,2351.340087890625,2379.610107421875,2379.610107421875,4670770000
2025-09-05,Russell 2000,^RUT,2389.97998046875,2407.3701171875,2366.780029296875,2391.050048828125,2391.050048828125,5066120000
2025-09-08,Russell 2000,^RUT,2395.64990234375,2398.139892578125,2378.820068359375,2394.889892578125,2394.889892578125,5211500000
2025-09-09,Russell 2000,^RUT,2393.550048828125,2393.989990234375,2370.2099609375,2381.820068359375,2381.820068359375,4798350000
2025-09-10,Russell 2000,^RUT,2384.68994140625,2394.159912109375,2369.010009765625,2378.010009765625,2378.010009765625,5253010000
2025-09-11,Russell 2000,^RUT,2380.93994140625,2422.330078125,2379.989990234375,2421.530029296875,2421.530029296875,5426460000
2025-09-12,Russell 2000,^RUT,2416.0,2416.050048828125,2396.7099609375,2397.06005859375,2397.06005859375,4641640000
2025-09-15,Russell 2000,^RUT,2402.93994140625,2411.52001953125,2399.780029296875,2405.1298828125,2405.1298828125,5045020000
2025-09-16,Russell 2000,^RUT,2405.0,2406.919921875,2388.25,2403.030029296875,2403.030029296875,5359510000
2025-09-17,Russell 2000,^RUT,2406.10009765625,2453.360107421875,2396.10009765625,2407.340087890625,2407.340087890625,5805340000
2025-09-18,Russell 2000,^RUT,2420.590087890625,2470.070068359375,2420.590087890625,2467.699951171875,2467.699951171875,5292400000
2025-09-19,Russell 2000,^RUT,2471.9599609375,2472.27001953125,2445.860107421875,2448.77001953125,2448.77001953125,9125960000
2025-09-22,Russell 2000,^RUT,2445.89990234375,2466.889892578125,2431.6201171875,2463.340087890625,2463.340087890625,5642620000
2025-09-23,Russell 2000,^RUT,2467.27001953125,2488.840087890625,2455.070068359375,2457.510009765625,2457.510009765625,5633620000
2025-09-24,Russell 2000,^RUT,2459.2900390625,2461.489990234375,2434.97998046875,2434.97998046875,2434.97998046875,5459180000
2025-09-25,Russell 2000,^RUT,2418.97998046875,2418.97998046875,2393.81005859375,2411.0400390625,2411.0400390625,5874670000
2025-09-26,Russell 2000,^RUT,2414.969970703125,2435.14990234375,2413.550048828125,2434.320068359375,2434.320068359375,5103110000
2025-09-29,Russell 2000,^RUT,2442.659912109375,2449.260009765625,2428.300048828125,2435.25,2435.25,5358760000
2025-09-30,Russell 2000,^RUT,2432.639892578125,2438.330078125,2413.280029296875,2436.47998046875,2436.47998046875,6057210000
2025-10-01,Russell 2000,^RUT,2428.22998046875,2447.4599609375,2424.8798828125,2442.35009765625,2442.35009765625,6037950000
2025-10-02,Russell 2000,^RUT,2448.97998046875,2458.550048828125,2435.7900390625,2458.489990234375,2458.489990234375,5416130000
2025-10-03,Russell 2000,^RUT,2466.679931640625,2497.360107421875,2466.679931640625,2476.179931640625,2476.179931640625,5713110000
2025-10-06,Russell 2000,^RUT,2489.139892578125,2501.919921875,2481.340087890625,2486.35009765625,2486.35009765625,5604460000
2025-10-07,Russell 2000,^RUT,2490.429931640625,2493.10009765625,2451.31005859375,2458.419921875,2458.419921875,5546150000
2025-10-08,Russell 2000,^RUT,2467.6298828125,2487.639892578125,2458.669921875,2483.989990234375,2483.989990234375,5383130000
2025-10-09,Russell 2000,^RUT,2485.739990234375,2490.75,2459.6298828125,2468.85009765625,2468.85009765625,5385020000
2025-10-10,Russell 2000,^RUT,2473.2900390625,2484.35009765625,2393.85009765625,2394.590087890625,2394.590087890625,5385020000
2025-10-13,Russell 2000,^RUT,2423.0,2462.919921875,2423.0,2461.419921875,2461.419921875,5303960000
2025-10-14,Russell 2000,^RUT,2444.22998046875,2512.679931640625,2417.739990234375,2495.5,2495.5,5666920000
2025-10-15,Russell 2000,^RUT,2510.570068359375,2541.669921875,2490.56005859375,2519.75,2519.75,5633060000
2025-10-16,Russell 2000,^RUT,2523.050048828125,2529.2900390625,2458.25,2467.02001953125,2467.02001953125,6048180000
2025-10-17,Russell 2000,^RUT,2455.659912109375,2465.090087890625,2433.18994140625,2452.169921875,2452.169921875,5358120000
2025-10-20,Russell 2000,^RUT,2471.14990234375,2500.530029296875,2471.14990234375,2499.909912109375,2499.909912109375,4672170000
2025-10-21,Russell 2000,^RUT,2495.679931640625,2500.550048828125,2473.570068359375,2487.68994140625,2487.68994140625,5245020000
2025-10-22,Russell 2000,^RUT,2483.330078125,2485.139892578125,2426.530029296875,2451.550048828125,2451.550048828125,5710010000
2025-10-23,Russell 2000,^RUT,2457.330078125,2488.35009765625,2457.330078125,2482.659912109375,2482.659912109375,5565750000
2025-10-24,Russell 2000,^RUT,2502.110107421875,2526.840087890625,2502.110107421875,2513.469970703125,2513.469970703125,5058220000
2025-10-27,Russell 2000,^RUT,2527.2099609375,2539.93994140625,2515.570068359375,2520.43994140625,2520.43994140625,5290650000
2025-10-28,Russell 2000,^RUT,2516.1201171875,2523.780029296875,2500.81005859375,2506.64990234375,2506.64990234375,5695930000
2025-10-29,Russell 2000,^RUT,2505.43994140625,2527.5400390625,2467.7099609375,2484.81005859375,2484.81005859375,6280130000
2025-10-30,Russell 2000,^RUT,2476.830078125,2496.050048828125,2464.81005859375,2465.949951171875,2465.949951171875,6052700000
2025-10-31,Russell 2000,^RUT,2469.179931640625,2484.199951171875,2455.969970703125,2479.3798828125,2479.3798828125,6398280000
2025-11-03,Russell 2000,^RUT,2481.050048828125,2481.050048828125,2441.909912109375,2471.239990234375,2471.239990234375,6065720000
2025-11-04,Russell 2000,^RUT,2447.610107421875,2457.1201171875,2426.6201171875,2427.340087890625,2427.340087890625,5739510000
2025-11-05,Russell 2000,^RUT,2429.1298828125,2473.360107421875,2429.1298828125,2464.780029296875,2464.780029296875,5939600000
2025-11-06,Russell 2000,^RUT,2460.239990234375,2461.469970703125,2417.090087890625,2418.820068359375,2418.820068359375,6051900000
2025-11-07,Russell 2000,^RUT,2407.969970703125,2432.909912109375,2380.070068359375,2432.820068359375,2432.820068359375,5926070000
2025-11-10,Russell 2000,^RUT,2451.75,2468.889892578125,2440.330078125,2455.64990234375,2455.64990234375,5366050000
2025-11-11,Russell 2000,^RUT,2451.81005859375,2463.570068359375,2443.409912109375,2458.280029296875,2458.280029296875,4983490000
2025-11-12,Russell 2000,^RUT,2463.360107421875,2478.139892578125,2449.530029296875,2450.800048828125,2450.800048828125,5293610000
2025-11-13,Russell 2000,^RUT,2441.610107421875,2441.610107421875,2375.3701171875,2382.97998046875,2382.97998046875,5473720000
2025-11-14,Russell 2000,^RUT,2359.159912109375,2400.449951171875,2345.10009765625,2388.22998046875,2388.22998046875,5042660000
2025-11-17,Russell 2000,^RUT,2381.68994140625,2390.919921875,2334.260009765625,2341.3798828125,2341.3798828125,5204220000
2025-11-18,Russell 2000,^RUT,2333.409912109375,2363.580078125,2325.110107421875,2348.739990234375,2348.739990234375,5159390000
2025-11-19,Russell 2000,^RUT,2349.35009765625,2375.3798828125,2340.550048828125,2347.889892578125,2347.889892578125,5021610000
2025-11-20,Russell 2000,^RUT,2365.330078125,2404.25,2303.4599609375,2305.110107421875,2305.110107421875,5596080000
2025-11-21,Russell 2000,^RUT,2306.780029296875,2383.550048828125,2306.780029296875,2369.590087890625,2369.590087890625,5929930000
2025-11-24,Russell 2000,^RUT,2372.800048828125,2418.31005859375,2372.340087890625,2414.280029296875,2414.280029296875,6039740000
2025-11-25,Russell 2000,^RUT,2417.669921875,2470.830078125,2417.669921875,2465.97998046875,2465.97998046875,5003330000
2025-11-26,Russell 2000,^RUT,2466.010009765625,2502.9599609375,2464.7099609375,2486.1201171875,2486.1201171875,4485000000
2025-11-28,Russell 2000,^RUT,2492.050048828125,2501.4599609375,2492.050048828125,2500.429931640625,2500.429931640625,2558540000
2025-12-01,Russell 2000,^RUT,2482.22998046875,2488.580078125,2468.010009765625,2469.1298828125,2469.1298828125,4549370000
2025-12-02,Russell 2000,^RUT,2480.050048828125,2487.639892578125,2464.97998046875,2464.97998046875,2464.97998046875,4582290000
2025-12-03,Russell 2000,^RUT,2469.639892578125,2512.449951171875,2468.64990234375,2512.139892578125,2512.139892578125,4736780000
2025-12-04,Russell 2000,^RUT,2508.239990234375,2540.010009765625,2501.77001953125,2531.159912109375,2531.159912109375,4872440000
2025-12-05,Russell 2000,^RUT,2530.449951171875,2538.3701171875,2517.909912109375,2521.47998046875,2521.47998046875,4944560000
2025-12-08,Russell 2000,^RUT,2532.419921875,2540.89990234375,2517.139892578125,2520.97998046875,2520.97998046875,4757130000
2025-12-09,Russell 2000,^RUT,2515.7900390625,2541.77001953125,2514.090087890625,2526.239990234375,2526.239990234375,4508050000
2025-12-10,Russell 2000,^RUT,2524.47998046875,2576.31005859375,2519.169921875,2559.610107421875,2559.610107421875,5526570000
2025-12-11,Russell 2000,^RUT,2560.97998046875,2593.889892578125,2558.4599609375,2590.610107421875,2590.610107421875,5021060000
2025-12-12,Russell 2000,^RUT,2593.360107421875,2595.97998046875,2548.81005859375,2551.4599609375,2551.4599609375,4910160000
2025-12-15,Russell 2000,^RUT,2562.5,2567.4599609375,2529.3701171875,2530.669921875,2530.669921875,4975600000
2025-12-16,Russell 2000,^RUT,2526.5,2536.6201171875,2506.550048828125,2519.300048828125,2519.300048828125,4983180000
2025-12-17,Russell 2000,^RUT,2522.110107421875,2540.25,2487.97998046875,2492.300048828125,2492.300048828125,5122120000
2025-12-18,Russell 2000,^RUT,2517.659912109375,2531.7900390625,2504.489990234375,2507.8701171875,2507.8701171875,5101190000
2025-12-19,Russell 2000,^RUT,2508.590087890625,2534.820068359375,2508.590087890625,2529.429931640625,2529.429931640625,8554470000
2025-12-22,Russell 2000,^RUT,2538.800048828125,2572.89990234375,2538.800048828125,2558.780029296875,2558.780029296875,4465030000
2025-12-23,Russell 2000,^RUT,2548.639892578125,2553.199951171875,2537.93994140625,2541.1201171875,2541.1201171875,3820560000
2025-12-24,Russell 2000,^RUT,2539.330078125,2549.9599609375,2535.1298828125,2548.080078125,2548.080078125,1798270000
2025-12-26,Russell 2000,^RUT,2546.780029296875,2546.780029296875,2527.360107421875,2534.35009765625,2534.35009765625,2586550000
2025-12-29,Russell 2000,^RUT,2524.840087890625,2533.64990234375,2515.679931640625,2519.800048828125,2519.800048828125,3541750000
2025-12-30,Russell 2000,^RUT,2519.89990234375,2520.909912109375,2500.489990234375,2500.590087890625,2500.590087890625,3309930000
2025-12-31,Russell 2000,^RUT,2500.3701171875,2501.77001953125,2480.679931640625,2481.909912109375,2481.909912109375,3261830000
2026-01-02,Russell 2000,^RUT,2491.820068359375,2509.719970703125,2481.590087890625,2508.219970703125,2508.219970703125,4184120000
2026-01-05,Russell 2000,^RUT,2516.81005859375,2556.239990234375,2516.81005859375,2547.919921875,2547.919921875,5771930000
2026-01-06,Russell 2000,^RUT,2544.9599609375,2582.989990234375,2541.6298828125,2582.89990234375,2582.89990234375,5509680000
2026-01-07,Russell 2000,^RUT,2585.6201171875,2585.6201171875,2563.39990234375,2575.419921875,2575.419921875,5214480000
2026-01-08,Russell 2000,^RUT,2567.610107421875,2608.580078125,2566.659912109375,2603.909912109375,2603.909912109375,5333200000
2026-01-09,Russell 2000,^RUT,2614.72998046875,2635.800048828125,2606.659912109375,2624.219970703125,2624.219970703125,5163900000
2026-01-12,Russell 2000,^RUT,2614.090087890625,2636.719970703125,2606.89990234375,2635.68994140625,2635.68994140625,5019040000
2026-01-13,Russell 2000,^RUT,2644.489990234375,2647.0400390625,2627.39990234375,2633.110107421875,2633.110107421875,5091730000
2026-01-14,Russell 2000,^RUT,2631.06005859375,2653.31005859375,2624.2900390625,2651.639892578125,2651.639892578125,5530830000
2026-01-15,Russell 2000,^RUT,2661.110107421875,2689.280029296875,2659.2900390625,2674.56005859375,2674.56005859375,5114050000
2026-01-16,Russell 2000,^RUT,2676.81005859375,2692.22998046875,2668.56005859375,2677.739990234375,2677.739990234375,5356550000
2026-01-20,Russell 2000,^RUT,2636.840087890625,2670.320068359375,2632.360107421875,2645.360107421875,2645.360107421875,5769500000
2026-01-21,Russell 2000,^RUT,2662.1201171875,2703.75,2651.469970703125,2698.169921875,2698.169921875,5835520000
2026-01-22,Russell 2000,^RUT,2717.800048828125,2735.10009765625,2714.989990234375,2718.77001953125,2718.77001953125,5307580000
2026-01-23,Russell 2000,^RUT,2712.699951171875,2712.699951171875,2664.550048828125,2669.159912109375,2669.159912109375,4871930000
2026-01-26,Russell 2000,^RUT,2672.3701171875,2684.989990234375,2657.419921875,2659.669921875,2659.669921875,4968050000
2026-01-27,Russell 2000,^RUT,2659.929931640625,2668.56005859375,2650.639892578125,2666.699951171875,2666.699951171875,5331720000
2026-01-28,Russell 2000,^RUT,2681.010009765625,2685.860107421875,2647.6298828125,2653.550048828125,2653.550048828125,5507670000
2026-01-29,Russell 2000,^RUT,2660.610107421875,2665.06005859375,2616.139892578125,2654.780029296875,2654.780029296875,6877780000
2026-01-30,Russell 2000,^RUT,2633.7900390625,2648.27001953125,2599.570068359375,2613.739990234375,2613.739990234375,6697340000
2026-02-02,Russell 2000,^RUT,2604.47998046875,2654.840087890625,2603.7900390625,2640.280029296875,2640.280029296875,5772050000
2026-02-03,Russell 2000,^RUT,2648.1298828125,2666.85009765625,2605.8798828125,2648.5,2648.5,7017660000
2026-02-04,Russell 2000,^RUT,2657.449951171875,2660.43994140625,2591.8701171875,2624.550048828125,2624.550048828125,7475750000
2026-02-05,Russell 2000,^RUT,2606.7099609375,2629.830078125,2569.22998046875,2577.64990234375,2577.64990234375,6989120000
2026-02-06,Russell 2000,^RUT,2611.2900390625,2676.219970703125,2611.2900390625,2670.340087890625,2670.340087890625,6283680000
2026-02-09,Russell 2000,^RUT,2667.43994140625,2695.449951171875,2659.9599609375,2689.050048828125,2689.050048828125,5650260000
2026-02-10,Russell 2000,^RUT,2691.7900390625,2704.080078125,2678.5,2679.77001953125,2679.77001953125,5595950000
2026-02-11,Russell 2000,^RUT,2700.330078125,2706.360107421875,2643.159912109375,2669.469970703125,2669.469970703125,6175510000
2026-02-12,Russell 2000,^RUT,2684.989990234375,2692.77001953125,2604.5,2615.830078125,2615.830078125,7118700000
2026-02-13,Russell 2000,^RUT,2620.139892578125,2668.2900390625,2610.340087890625,2646.699951171875,2646.699951171875,5718360000
2026-02-17,Russell 2000,^RUT,2644.199951171875,2659.4599609375,2611.340087890625,2646.590087890625,2646.590087890625,5418480000
2026-02-18,Russell 2000,^RUT,2646.929931640625,2686.760009765625,2644.47998046875,2658.610107421875,2658.610107421875,5098160000
2026-02-19,Russell 2000,^RUT,2648.10009765625,2665.219970703125,2637.580078125,2665.090087890625,2665.090087890625,5151690000
2026-02-20,Russell 2000,^RUT,2660.2900390625,2682.419921875,2642.070068359375,2663.780029296875,2663.780029296875,5432480000
2026-02-23,Russell 2000,^RUT,2654.830078125,2659.300048828125,2600.989990234375,2620.989990234375,2620.989990234375,5638350000
2026-02-24,Russell 2000,^RUT,2620.31005859375,2656.139892578125,2619.030029296875,2652.330078125,2652.330078125,5266090000
2026-02-25,Russell 2000,^RUT,2661.10009765625,2671.25,2643.919921875,2663.330078125,2663.330078125,5328060000
2026-02-26,Russell 2000,^RUT,2665.18994140625,2679.610107421875,2640.659912109375,2677.2900390625,2677.2900390625,5889550000
2026-02-27,Russell 2000,^RUT,2652.75,2652.75,2616.10009765625,2632.360107421875,2632.360107421875,6665660000
2026-03-02,Russell 2000,^RUT,2608.889892578125,2658.6201171875,2596.68994140625,2655.93994140625,2655.93994140625,6079080000
2026-03-03,Russell 2000,^RUT,2613.64990234375,2624.89990234375,2550.969970703125,2608.360107421875,2608.360107421875,6442080000
2026-03-04,Russell 2000,^RUT,2621.56005859375,2644.14990234375,2608.5,2636.010009765625,2636.010009765625,5252170000
2026-03-05,Russell 2000,^RUT,2619.31005859375,2621.64990234375,2560.989990234375,2585.570068359375,2585.570068359375,5989300000
2026-03-06,Russell 2000,^RUT,2554.659912109375,2554.659912109375,2518.31005859375,2525.300048828125,2525.300048828125,5793120000
2026-03-09,Russell 2000,^RUT,2503.18994140625,2559.169921875,2463.3798828125,2553.669921875,2553.669921875,6709410000
2026-03-10,Russell 2000,^RUT,2551.010009765625,2591.330078125,2544.389892578125,2548.080078125,2548.080078125,5944950000
2026-03-11,Russell 2000,^RUT,2538.919921875,2556.85009765625,2524.530029296875,2542.89990234375,2542.89990234375,5511090000
2026-03-12,Russell 2000,^RUT,2520.830078125,2520.830078125,2483.320068359375,2488.989990234375,2488.989990234375,6292170000
2026-03-13,Russell 2000,^RUT,2501.409912109375,2519.929931640625,2471.909912109375,2480.050048828125,2480.050048828125,5337120000
2026-03-16,Russell 2000,^RUT,2499.669921875,2525.6201171875,2499.110107421875,2503.2900390625,2503.2900390625,5176290000
2026-03-17,Russell 2000,^RUT,2512.8701171875,2534.68994140625,2511.590087890625,2519.989990234375,2519.989990234375,5063390000
2026-03-18,Russell 2000,^RUT,2511.159912109375,2511.159912109375,2478.1201171875,2478.639892578125,2478.639892578125,5275480000
2026-03-19,Russell 2000,^RUT,2459.050048828125,2515.010009765625,2447.719970703125,2494.7099609375,2494.7099609375,5973390000
2026-03-20,Russell 2000,^RUT,2494.27001953125,2496.590087890625,2422.989990234375,2438.449951171875,2438.449951171875,10025820000
2026-03-23,Russell 2000,^RUT,2465.39990234375,2529.550048828125,2465.39990234375,2494.22998046875,2494.22998046875,6020650000
2026-03-24,Russell 2000,^RUT,2481.330078125,2517.85009765625,2472.199951171875,2505.43994140625,2505.43994140625,5278580000
2026-03-25,Russell 2000,^RUT,2526.56005859375,2547.929931640625,2518.35009765625,2536.3798828125,2536.3798828125,4936720000
2026-03-26,Russell 2000,^RUT,2517.010009765625,2534.639892578125,2490.510009765625,2493.320068359375,2493.320068359375,4845560000
2026-03-27,Russell 2000,^RUT,2481.110107421875,2482.1298828125,2443.6298828125,2449.699951171875,2449.699951171875,5303490000
2026-03-30,Russell 2000,^RUT,2461.550048828125,2467.010009765625,2404.989990234375,2414.010009765625,2414.010009765625,5458640000
2026-03-31,Russell 2000,^RUT,2437.669921875,2501.7900390625,2437.669921875,2496.3701171875,2496.3701171875,6396100000
2026-04-01,Russell 2000,^RUT,2510.8798828125,2540.590087890625,2510.8798828125,2512.3701171875,2512.3701171875,5637260000
2026-04-02,Russell 2000,^RUT,2482.590087890625,2535.320068359375,2468.7900390625,2530.0400390625,2530.0400390625,4740740000
2026-04-06,Russell 2000,^RUT,2527.8798828125,2544.89990234375,2523.639892578125,2540.639892578125,2540.639892578125,3906440000
2026-04-07,Russell 2000,^RUT,2534.550048828125,2547.919921875,2515.5,2544.949951171875,2544.949951171875,4555680000
2026-04-08,Russell 2000,^RUT,2596.1298828125,2636.52001953125,2596.1298828125,2620.4599609375,2620.4599609375,5904880000
2026-04-09,Russell 2000,^RUT,2612.64990234375,2645.14990234375,2608.969970703125,2636.31005859375,2636.31005859375,4912410000
2026-04-10,Russell 2000,^RUT,2640.820068359375,2646.3701171875,2623.070068359375,2630.590087890625,2630.590087890625,4393220000
2026-04-13,Russell 2000,^RUT,2625.68994140625,2671.050048828125,2622.139892578125,2670.489990234375,2670.489990234375,4785840000
2026-04-14,Russell 2000,^RUT,2679.7099609375,2711.919921875,2679.7099609375,2705.669921875,2705.669921875,5032380000
2026-04-15,Russell 2000,^RUT,2705.989990234375,2714.9599609375,2694.830078125,2713.659912109375,2713.659912109375,5278610000
2026-04-16,Russell 2000,^RUT,2713.989990234375,2720.050048828125,2700.93994140625,2719.60009765625,2719.60009765625,5173650000
2026-04-17,Russell 2000,^RUT,2741.739990234375,2793.1201171875,2741.739990234375,2776.89990234375,2776.89990234375,6145300000
2026-04-20,Russell 2000,^RUT,2771.139892578125,2795.510009765625,2764.6298828125,2792.9599609375,2792.9599609375,4661130000
2026-04-21,Russell 2000,^RUT,2798.510009765625,2817.9599609375,2759.1201171875,2764.969970703125,2764.969970703125,5160270000
2026-04-22,Russell 2000,^RUT,2783.27001953125,2799.27001953125,2770.02001953125,2785.3798828125,2785.3798828125,4919460000
2026-04-23,Russell 2000,^RUT,2784.820068359375,2796.10009765625,2741.5400390625,2775.10009765625,2775.10009765625,5307260000
2026-04-24,Russell 2000,^RUT,2783.47998046875,2796.679931640625,2762.22998046875,2787.0,2787.0,4608830000
2026-04-27,Russell 2000,^RUT,2788.6201171875,2796.739990234375,2781.5,2788.18994140625,2788.18994140625,4783750000
2026-04-28,Russell 2000,^RUT,2782.280029296875,2790.60009765625,2746.0,2756.050048828125,2756.050048828125,4900650000
2026-04-29,Russell 2000,^RUT,2753.68994140625,2760.64990234375,2725.22998046875,2739.469970703125,2739.469970703125,5123100000
2026-04-30,Russell 2000,^RUT,2744.7900390625,2801.080078125,2744.090087890625,2799.909912109375,2799.909912109375,5723790000
2026-05-01,Russell 2000,^RUT,2803.85009765625,2815.68994140625,2788.52001953125,2812.820068359375,2812.820068359375,4847390000
2026-05-04,Russell 2000,^RUT,2809.8798828125,2826.409912109375,2782.489990234375,2796.0,2796.0,5215480000
2026-05-05,Russell 2000,^RUT,2806.0,2846.669921875,2806.0,2845.0,2845.0,5279760000
2026-05-06,Russell 2000,^RUT,2857.110107421875,2888.6201171875,2853.97998046875,2886.77001953125,2886.77001953125,6579640000
2026-05-07,Russell 2000,^RUT,2886.8798828125,2886.8798828125,2832.72998046875,2839.6298828125,2839.6298828125,6237040000
2026-05-08,Russell 2000,^RUT,2852.070068359375,2866.239990234375,2844.080078125,2861.2099609375,2861.2099609375,5302740000
2026-05-11,Russell 2000,^RUT,2864.199951171875,2888.2099609375,2864.199951171875,2870.639892578125,2870.639892578125,5821910000
2026-05-12,Russell 2000,^RUT,2861.830078125,2861.830078125,2799.68994140625,2842.830078125,2842.830078125,5624790000
2026-05-13,Russell 2000,^RUT,2846.25,2852.719970703125,2815.9599609375,2843.929931640625,2843.929931640625,5716600000
2026-05-14,Russell 2000,^RUT,2852.75,2873.8701171875,2838.8798828125,2863.090087890625,2863.090087890625,5267050000
2026-05-15,Russell 2000,^RUT,2839.320068359375,2839.320068359375,2791.5,2793.300048828125,2793.300048828125,5582070000
2026-05-18,Russell 2000,^RUT,2793.300048828125,2802.840087890625,2757.02001953125,2775.10009765625,2775.10009765625,5489500000
2026-05-19,Russell 2000,^RUT,2753.159912109375,2766.389892578125,2722.85009765625,2747.070068359375,2747.070068359375,5441140000
2026-05-20,Russell 2000,^RUT,2764.409912109375,2817.989990234375,2755.7099609375,2817.3701171875,2817.3701171875,5384150000
2026-05-21,Russell 2000,^RUT,2802.360107421875,2850.6201171875,2798.25,2843.449951171875,2843.449951171875,5440620000
2026-05-22,Russell 2000,^RUT,2855.1201171875,2878.610107421875,2855.1201171875,2869.22998046875,2869.22998046875,4952440000
2026-05-26,Russell 2000,^RUT,2899.010009765625,2923.0400390625,2892.31005859375,2920.5400390625,2920.5400390625,5496060000
2026-05-27,Russell 2000,^RUT,2924.360107421875,2932.739990234375,2908.639892578125,2919.93994140625,2919.93994140625,5524250000
2026-05-28,Russell 2000,^RUT,2915.0400390625,2942.610107421875,2897.85009765625,2936.570068359375,2936.570068359375,5494860000
2026-05-29,Russell 2000,^RUT,2932.570068359375,2932.570068359375,2898.830078125,2919.340087890625,2919.340087890625,7858290000
2026-06-01,Russell 2000,^RUT,2899.090087890625,2919.570068359375,2880.889892578125,2905.760009765625,2905.760009765625,6583960000
2026-06-02,Russell 2000,^RUT,2900.949951171875,2934.949951171875,2900.699951171875,2931.9599609375,2931.9599609375,5904410000
2026-06-03,Russell 2000,^RUT,2921.239990234375,2921.239990234375,2885.52001953125,2893.510009765625,2893.510009765625,5753860000
2026-06-04,Russell 2000,^RUT,2895.0,2943.969970703125,2884.510009765625,2935.330078125,2935.330078125,5398910000
2026-06-05,Russell 2000,^RUT,2914.030029296875,2914.030029296875,2819.030029296875,2833.5,2833.5,5591290000
2026-06-08,Russell 2000,^RUT,2862.760009765625,2882.8701171875,2853.31005859375,2855.419921875,2855.419921875,4898180000
2026-06-09,Russell 2000,^RUT,2879.47998046875,2921.330078125,2795.47998046875,2867.02001953125,2867.02001953125,6006390000
2026-06-10,Russell 2000,^RUT,2861.929931640625,2905.280029296875,2833.469970703125,2835.4599609375,2835.4599609375,5247300000
2026-06-11,Russell 2000,^RUT,2854.22998046875,2923.929931640625,2854.22998046875,2921.030029296875,2921.030029296875,5658920000
2026-06-12,Russell 2000,^RUT,2930.820068359375,2969.429931640625,2921.27001953125,2943.989990234375,2943.989990234375,4950530000
2026-06-15,Russell 2000,^RUT,2982.35009765625,2996.419921875,2960.679931640625,2965.090087890625,2965.090087890625,5674670000
2026-06-16,Russell 2000,^RUT,2971.610107421875,2984.81005859375,2936.360107421875,2939.199951171875,2939.199951171875,5286210000
2026-06-17,Russell 2000,^RUT,2945.7900390625,2977.199951171875,2910.9599609375,2917.97998046875,2917.97998046875,5883740000
2026-06-18,Russell 2000,^RUT,2952.580078125,2980.60009765625,2939.820068359375,2979.77001953125,2979.77001953125,9061110000
2026-06-22,Russell 2000,^RUT,2992.360107421875,3015.409912109375,2985.090087890625,3004.39990234375,3004.39990234375,5976740000
2026-06-23,Russell 2000,^RUT,2964.27001953125,2996.9599609375,2951.22998046875,2975.47998046875,2975.47998046875,5640530000
2026-06-24,Russell 2000,^RUT,2977.760009765625,3015.050048828125,2969.719970703125,2986.6298828125,2986.6298828125,5994860000
2026-06-25,Russell 2000,^RUT,3005.469970703125,3033.75,2989.199951171875,3007.860107421875,3007.860107421875,5565760000
2026-06-26,Russell 2000,^RUT,2990.06005859375,3018.8701171875,2979.110107421875,3010.080078125,3010.080078125,9105600000
2026-06-29,Russell 2000,^RUT,3000.909912109375,3011.949951171875,2969.8701171875,3010.419921875,3010.419921875,5794570000
2026-06-30,Russell 2000,^RUT,3007.14990234375,3030.610107421875,3000.25,3024.3701171875,3024.3701171875,6037540000
2026-07-01,Russell 2000,^RUT,3018.489990234375,3046.590087890625,3010.8798828125,3012.590087890625,3012.590087890625,5782730000
2026-07-02,Russell 2000,^RUT,3023.77001953125,3039.840087890625,2971.169921875,2996.110107421875,2996.110107421875,5463520000
2026-07-06,Russell 2000,^RUT,2996.97998046875,3024.3701171875,2996.97998046875,3009.5400390625,3009.5400390625,4971110000
2026-07-07,Russell 2000,^RUT,3008.510009765625,3016.570068359375,2974.139892578125,2982.489990234375,2982.489990234375,5049590000
2026-07-08,Russell 2000,^RUT,2969.6298828125,2971.14990234375,2927.1201171875,2956.389892578125,2956.389892578125,5102020000
2026-07-09,Russell 2000,^RUT,2963.280029296875,2998.27001953125,2963.280029296875,2992.5400390625,2992.5400390625,4442950000
2026-07-10,Russell 2000,^RUT,2996.110107421875,2998.179931640625,2963.159912109375,2977.81005859375,2977.81005859375,4006370000
2026-07-13,Russell 2000,^RUT,2974.489990234375,2974.489990234375,2947.239990234375,2953.169921875,2953.169921875,4729990000
2026-07-14,Russell 2000,^RUT,2967.68994140625,2977.3798828125,2957.889892578125,2964.760009765625,2964.760009765625,4836950000
2026-07-15,Russell 2000,^RUT,2970.31005859375,2987.68994140625,2961.419921875,2976.260009765625,2976.260009765625,5236550000
2026-07-16,Russell 2000,^RUT,2970.27001953125,2996.280029296875,2963.510009765625,2974.570068359375,2974.570068359375,5365300000
2026-07-17,Russell 2000,^RUT,2948.580078125,2979.320068359375,2934.1201171875,2962.219970703125,2962.219970703125,5303290000
2026-07-20,Russell 2000,^RUT,2968.1201171875,2978.090087890625,2942.330078125,2942.429931640625,2942.429931640625,5152910000
2026-07-21,Russell 2000,^RUT,2949.449951171875,2988.429931640625,2949.449951171875,2987.39990234375,2987.39990234375,5149030000
2026-07-22,Russell 2000,^RUT,2982.56005859375,2983.429931640625,2955.60009765625,2959.93994140625,2959.93994140625,4890390000
2026-07-23,Russell 2000,^RUT,2943.31005859375,2952.5400390625,2924.330078125,2940.159912109375,2940.159912109375,5515210000
2026-07-24,Russell 2000,^RUT,2949.669921875,2956.8798828125,2927.489990234375,2930.0,2930.0,4860620000
2026-07-27,Russell 2000,^RUT,2944.610107421875,2972.4599609375,2931.43994140625,2948.0400390625,2948.0400390625,5038290000
2026-07-28,Russell 2000,^RUT,2946.669921875,2955.39990234375,2923.27001953125,2953.800048828125,2953.800048828125,5590890000
2026-07-29,Russell 2000,^RUT,2950.6201171875,2953.760009765625,2903.669921875,2906.31005859375,2906.31005859375,5836350000
2026-07-30,Russell 2000,^RUT,2918.860107421875,2948.409912109375,2912.18994140625,2946.10009765625,2946.10009765625,5594430000
2026-07-31,Russell 2000,^RUT,2952.860107421875,2955.830078125,2902.469970703125,2931.340087890625,2931.340087890625,5391020000
2026-08-03,Russell 2000,^RUT,2935.260009765625,2985.679931640625,2935.260009765625,2981.909912109375,2981.909912109375,5201470000
2026-08-04,Russell 2000,^RUT,2990.14990234375,3043.110107421875,2990.14990234375,3036.97998046875,3036.97998046875,5906940000
2026-08-05,Russell 2000,^RUT,3038.419921875,3048.85009765625,3018.419921875,3019.18994140625,3019.18994140625,5615640000
2026-08-06,Russell 2000,^RUT,3016.300048828125,3032.219970703125,2999.510009765625,3001.550048828125,3001.550048828125,5330830000
2026-08-07,Russell 2000,^RUT,3009.5400390625,3037.340087890625,3009.5400390625,3034.489990234375,3034.489990234375,5019970000
2026-08-10,Russell 2000,^RUT,3026.340087890625,3031.81005859375,3013.1298828125,3017.39990234375,3017.39990234375,4879540000
2026-08-11,Russell 2000,^RUT,3024.0,3036.090087890625,3023.469970703125,3027.1201171875,3027.1201171875,4739500000
2026-08-12,Russell 2000,^RUT,3039.280029296875,3051.02001953125,3029.56005859375,3045.47998046875,3045.47998046875,4574170000
2026-08-13,Russell 2000,^RUT,3051.090087890625,3065.840087890625,3047.080078125,3052.85009765625,3052.85009765625,4833230000
2026-08-14,Russell 2000,^RUT,3052.820068359375,3069.7099609375,3050.22998046875,3068.419921875,3068.419921875,4159900000
2025-08-15,Euro Stoxx 50,^STOXX50E,5441.259765625,5465.56982421875,5440.56982421875,5448.60986328125,5448.60986328125,19688000
2025-08-18,Euro Stoxx 50,^STOXX50E,5446.77978515625,5451.66015625,5412.22021484375,5434.64013671875,5434.64013671875,15599400
2025-08-19,Euro Stoxx 50,^STOXX50E,5438.97998046875,5489.4599609375,5438.97998046875,5483.27978515625,5483.27978515625,18466800
2025-08-20,Euro Stoxx 50,^STOXX50E,5475.580078125,5491.52001953125,5450.830078125,5472.31982421875,5472.31982421875,15401400
2025-08-21,Euro Stoxx 50,^STOXX50E,5469.919921875,5470.60009765625,5439.27001953125,5462.16015625,5462.16015625,14607700
2025-08-22,Euro Stoxx 50,^STOXX50E,5457.93994140625,5510.68994140625,5448.56005859375,5488.22998046875,5488.22998046875,17438800
2025-08-25,Euro Stoxx 50,^STOXX50E,5480.52978515625,5480.52978515625,5441.080078125,5443.9599609375,5443.9599609375,15040400
2025-08-26,Euro Stoxx 50,^STOXX50E,5413.31982421875,5413.31982421875,5376.10986328125,5383.68017578125,5383.68017578125,42983000
2025-08-27,Euro Stoxx 50,^STOXX50E,5385.68994140625,5403.990234375,5365.97021484375,5393.06982421875,5393.06982421875,23057100
2025-08-28,Euro Stoxx 50,^STOXX50E,5398.5400390625,5430.81005859375,5378.0498046875,5396.72998046875,5396.72998046875,17621600
2025-08-29,Euro Stoxx 50,^STOXX50E,5384.93017578125,5395.22998046875,5351.64013671875,5351.72998046875,5351.72998046875,20497300
2025-09-01,Euro Stoxx 50,^STOXX50E,5351.43994140625,5377.740234375,5351.43994140625,5367.080078125,5367.080078125,11151300
2025-09-02,Euro Stoxx 50,^STOXX50E,5367.56005859375,5368.759765625,5290.4599609375,5291.0400390625,5291.0400390625,21324200
2025-09-03,Euro Stoxx 50,^STOXX50E,5311.89013671875,5342.4501953125,5304.97998046875,5325.009765625,5325.009765625,19576300
2025-09-04,Euro Stoxx 50,^STOXX50E,5327.0498046875,5351.5400390625,5313.22021484375,5346.7099609375,5346.7099609375,19402400
2025-09-05,Euro Stoxx 50,^STOXX50E,5356.7900390625,5372.259765625,5301.18017578125,5318.14990234375,5318.14990234375,20122800
2025-09-08,Euro Stoxx 50,^STOXX50E,5324.66015625,5368.35986328125,5324.66015625,5362.81005859375,5362.81005859375,16843100
2025-09-09,Euro Stoxx 50,^STOXX50E,5364.72021484375,5387.83984375,5348.14990234375,5368.81982421875,5368.81982421875,20398700
2025-09-10,Euro Stoxx 50,^STOXX50E,5387.4599609375,5413.06005859375,5354.56005859375,5361.47021484375,5361.47021484375,21572900
2025-09-11,Euro Stoxx 50,^STOXX50E,5362.85986328125,5403.93017578125,5354.60986328125,5386.77001953125,5386.77001953125,20909000
2025-09-12,Euro Stoxx 50,^STOXX50E,5387.14990234375,5397.2001953125,5359.31005859375,5390.7099609375,5390.7099609375,19173800
2025-09-15,Euro Stoxx 50,^STOXX50E,5402.89990234375,5446.169921875,5402.89990234375,5440.39990234375,5440.39990234375,19628900
2025-09-16,Euro Stoxx 50,^STOXX50E,5439.919921875,5446.18994140625,5370.580078125,5372.31005859375,5372.31005859375,22788000
2025-09-17,Euro Stoxx 50,^STOXX50E,5381.68994140625,5393.919921875,5361.10986328125,5369.7001953125,5369.7001953125,22502500
2025-09-18,Euro Stoxx 50,^STOXX50E,5389.0,5463.14990234375,5389.0,5456.669921875,5456.669921875,22972600
2025-09-19,Euro Stoxx 50,^STOXX50E,5459.25,5494.1298828125,5452.85986328125,5458.419921875,5458.419921875,69929600
2025-09-22,Euro Stoxx 50,^STOXX50E,5462.64990234375,5462.64990234375,5426.580078125,5442.0498046875,5442.0498046875,16025300
2025-09-23,Euro Stoxx 50,^STOXX50E,5445.830078125,5495.02001953125,5445.830078125,5472.39013671875,5472.39013671875,16867200
2025-09-24,Euro Stoxx 50,^STOXX50E,5472.08984375,5481.93017578125,5450.1201171875,5464.56005859375,5464.56005859375,19178300
2025-09-25,Euro Stoxx 50,^STOXX50E,5463.5498046875,5463.5498046875,5415.31005859375,5444.89013671875,5444.89013671875,17378500
2025-09-26,Euro Stoxx 50,^STOXX50E,5448.89013671875,5503.68994140625,5448.89013671875,5499.7001953125,5499.7001953125,18660700
2025-09-29,Euro Stoxx 50,^STOXX50E,5514.490234375,5520.89013671875,5496.33984375,5506.85009765625,5506.85009765625,16086000
2025-09-30,Euro Stoxx 50,^STOXX50E,5503.259765625,5529.9599609375,5484.22021484375,5529.9599609375,5529.9599609375,17427000
2025-10-01,Euro Stoxx 50,^STOXX50E,5513.14990234375,5590.490234375,5503.990234375,5581.2099609375,5581.2099609375,20868500
2025-10-02,Euro Stoxx 50,^STOXX50E,5617.169921875,5674.5498046875,5617.169921875,5645.81005859375,5645.81005859375,18133500
2025-10-03,Euro Stoxx 50,^STOXX50E,5658.06005859375,5667.919921875,5641.35009765625,5651.7099609375,5651.7099609375,13976800
2025-10-06,Euro Stoxx 50,^STOXX50E,5655.169921875,5655.169921875,5605.52001953125,5628.72021484375,5628.72021484375,16208100
2025-10-07,Euro Stoxx 50,^STOXX50E,5629.64013671875,5643.60986328125,5610.5,5613.6201171875,5613.6201171875,13579900
2025-10-08,Euro Stoxx 50,^STOXX50E,5594.08984375,5657.33984375,5594.08984375,5649.72998046875,5649.72998046875,18527600
2025-10-09,Euro Stoxx 50,^STOXX50E,5651.02978515625,5665.02978515625,5625.56005859375,5625.56005859375,5625.56005859375,16282500
2025-10-10,Euro Stoxx 50,^STOXX50E,5628.830078125,5648.58984375,5529.6298828125,5531.31982421875,5531.31982421875,19991400
2025-10-13,Euro Stoxx 50,^STOXX50E,5540.5400390625,5591.2900390625,5540.5400390625,5568.18994140625,5568.18994140625,13913600
2025-10-14,Euro Stoxx 50,^STOXX50E,5552.490234375,5553.22021484375,5487.669921875,5552.0498046875,5552.0498046875,19976600
2025-10-15,Euro Stoxx 50,^STOXX50E,5566.97021484375,5639.9501953125,5566.97021484375,5605.02978515625,5605.02978515625,17119800
2025-10-16,Euro Stoxx 50,^STOXX50E,5604.33984375,5652.10986328125,5585.9501953125,5652.009765625,5652.009765625,19328400
2025-10-17,Euro Stoxx 50,^STOXX50E,5618.47998046875,5640.56005859375,5555.25,5607.39013671875,5607.39013671875,29083500
2025-10-20,Euro Stoxx 50,^STOXX50E,5626.25,5688.169921875,5626.25,5680.93017578125,5680.93017578125,18044000
2025-10-21,Euro Stoxx 50,^STOXX50E,5686.77001953125,5699.1298828125,5670.64990234375,5686.830078125,5686.830078125,14789500
2025-10-22,Euro Stoxx 50,^STOXX50E,5672.240234375,5685.2998046875,5635.89990234375,5639.2099609375,5639.2099609375,18004600
2025-10-23,Euro Stoxx 50,^STOXX50E,5651.89990234375,5673.10986328125,5639.81982421875,5668.330078125,5668.330078125,16245700
2025-10-24,Euro Stoxx 50,^STOXX50E,5685.52001953125,5694.77978515625,5650.419921875,5674.5,5674.5,15672600
2025-10-27,Euro Stoxx 50,^STOXX50E,5691.89013671875,5712.77978515625,5684.66015625,5711.06005859375,5711.06005859375,17232900
2025-10-28,Euro Stoxx 50,^STOXX50E,5696.0498046875,5712.169921875,5686.580078125,5704.35009765625,5704.35009765625,15811100
2025-10-29,Euro Stoxx 50,^STOXX50E,5701.240234375,5734.27978515625,5691.81982421875,5705.81005859375,5705.81005859375,22067900
2025-10-30,Euro Stoxx 50,^STOXX50E,5702.77001953125,5716.02001953125,5667.10009765625,5699.18017578125,5699.18017578125,20450600
2025-10-31,Euro Stoxx 50,^STOXX50E,5695.85009765625,5697.58984375,5654.2998046875,5662.0400390625,5662.0400390625,25985900
2025-11-03,Euro Stoxx 50,^STOXX50E,5664.18017578125,5705.77001953125,5656.14990234375,5679.25,5679.25,16717700
2025-11-04,Euro Stoxx 50,^STOXX50E,5646.2001953125,5660.60986328125,5577.2099609375,5660.2001953125,5660.2001953125,18464500
2025-11-05,Euro Stoxx 50,^STOXX50E,5619.2099609375,5681.60986328125,5605.47021484375,5669.1298828125,5669.1298828125,16592500
2025-11-06,Euro Stoxx 50,^STOXX50E,5665.58984375,5672.3701171875,5606.56982421875,5611.18017578125,5611.18017578125,18667000
2025-11-07,Euro Stoxx 50,^STOXX50E,5617.81982421875,5633.75,5554.52978515625,5566.52978515625,5566.52978515625,16857200
2025-11-10,Euro Stoxx 50,^STOXX50E,5608.669921875,5677.490234375,5608.669921875,5664.4599609375,5664.4599609375,23607400
2025-11-11,Euro Stoxx 50,^STOXX50E,5670.93994140625,5730.990234375,5670.93994140625,5725.7001953125,5725.7001953125,19400800
2025-11-12,Euro Stoxx 50,^STOXX50E,5734.68017578125,5804.66015625,5734.68017578125,5787.31005859375,5787.31005859375,25359300
2025-11-13,Euro Stoxx 50,^STOXX50E,5795.919921875,5818.06982421875,5740.97021484375,5742.7900390625,5742.7900390625,19286400
2025-11-14,Euro Stoxx 50,^STOXX50E,5731.16015625,5731.16015625,5631.18017578125,5693.77001953125,5693.77001953125,23151100
2025-11-17,Euro Stoxx 50,^STOXX50E,5692.1298828125,5701.64013671875,5629.33984375,5640.93994140625,5640.93994140625,16799000
2025-11-18,Euro Stoxx 50,^STOXX50E,5610.75,5610.75,5509.10009765625,5534.7099609375,5534.7099609375,23805300
2025-11-19,Euro Stoxx 50,^STOXX50E,5532.91015625,5584.35009765625,5506.10009765625,5542.0498046875,5542.0498046875,19950000
2025-11-20,Euro Stoxx 50,^STOXX50E,5569.47021484375,5625.2099609375,5569.47021484375,5569.919921875,5569.919921875,18291000
2025-11-21,Euro Stoxx 50,^STOXX50E,5537.669921875,5539.490234375,5473.8798828125,5515.08984375,5515.08984375,22858600
2025-11-24,Euro Stoxx 50,^STOXX50E,5523.6298828125,5562.009765625,5504.9599609375,5528.669921875,5528.669921875,38300300
2025-11-25,Euro Stoxx 50,^STOXX50E,5528.60986328125,5581.919921875,5510.47998046875,5573.91015625,5573.91015625,18585600
2025-11-26,Euro Stoxx 50,^STOXX50E,5583.81982421875,5655.580078125,5583.81982421875,5655.580078125,5655.580078125,16441000
2025-11-27,Euro Stoxx 50,^STOXX50E,5650.47021484375,5665.02001953125,5638.39013671875,5653.169921875,5653.169921875,10351300
2025-11-28,Euro Stoxx 50,^STOXX50E,5655.16015625,5676.81982421875,5641.330078125,5668.169921875,5668.169921875,13112400
2025-12-01,Euro Stoxx 50,^STOXX50E,5659.91015625,5672.080078125,5622.9501953125,5667.47998046875,5667.47998046875,16257400
2025-12-02,Euro Stoxx 50,^STOXX50E,5667.41015625,5710.830078125,5665.2900390625,5686.169921875,5686.169921875,17124300
2025-12-03,Euro Stoxx 50,^STOXX50E,5696.25,5725.31982421875,5676.919921875,5694.56005859375,5694.56005859375,19446900
2025-12-04,Euro Stoxx 50,^STOXX50E,5709.830078125,5731.93994140625,5704.43994140625,5718.080078125,5718.080078125,17703900
2025-12-05,Euro Stoxx 50,^STOXX50E,5726.64013671875,5749.06005859375,5723.91015625,5723.93017578125,5723.93017578125,15470400
2025-12-08,Euro Stoxx 50,^STOXX50E,5717.64990234375,5734.72998046875,5711.0,5725.58984375,5725.58984375,13360900
2025-12-09,Euro Stoxx 50,^STOXX50E,5724.7099609375,5753.47998046875,5708.52978515625,5718.31982421875,5718.31982421875,15545600
2025-12-10,Euro Stoxx 50,^STOXX50E,5710.7001953125,5722.77001953125,5692.58984375,5708.1201171875,5708.1201171875,16616100
2025-12-11,Euro Stoxx 50,^STOXX50E,5707.759765625,5770.18994140625,5684.93017578125,5753.9599609375,5753.9599609375,18166900
2025-12-12,Euro Stoxx 50,^STOXX50E,5766.83984375,5794.7001953125,5718.97021484375,5720.7099609375,5720.7099609375,16271300
2025-12-15,Euro Stoxx 50,^STOXX50E,5724.16015625,5763.2099609375,5724.16015625,5752.52001953125,5752.52001953125,18949300
2025-12-16,Euro Stoxx 50,^STOXX50E,5755.81982421875,5757.35009765625,5710.2099609375,5717.830078125,5717.830078125,21797500
2025-12-17,Euro Stoxx 50,^STOXX50E,5735.2099609375,5745.8701171875,5678.52978515625,5681.669921875,5681.669921875,18917000
2025-12-18,Euro Stoxx 50,^STOXX50E,5684.0,5746.97998046875,5679.60986328125,5741.7099609375,5741.7099609375,17594000
2025-12-19,Euro Stoxx 50,^STOXX50E,5742.14013671875,5772.35009765625,5728.64990234375,5760.35009765625,5760.35009765625,44042100
2025-12-22,Euro Stoxx 50,^STOXX50E,5754.39013671875,5770.990234375,5733.7900390625,5743.68994140625,5743.68994140625,12600900
2025-12-23,Euro Stoxx 50,^STOXX50E,5742.56005859375,5754.52978515625,5729.33984375,5749.27978515625,5749.27978515625,12209500
2025-12-29,Euro Stoxx 50,^STOXX50E,5752.16015625,5766.2998046875,5734.91015625,5751.7099609375,5751.7099609375,14581100
2025-12-30,Euro Stoxx 50,^STOXX50E,5748.97021484375,5802.990234375,5746.35986328125,5796.22021484375,5796.22021484375,13936400
2026-01-05,Euro Stoxx 50,^STOXX50E,5863.16015625,5924.60009765625,5863.16015625,5923.68994140625,5923.68994140625,21697000
2026-01-06,Euro Stoxx 50,^STOXX50E,5926.72998046875,5943.2099609375,5895.759765625,5931.7900390625,5931.7900390625,18594300
2026-01-07,Euro Stoxx 50,^STOXX50E,5926.5400390625,5934.990234375,5911.7001953125,5923.56982421875,5923.56982421875,21467300
2026-01-08,Euro Stoxx 50,^STOXX50E,5913.27978515625,5935.08984375,5896.72021484375,5904.31982421875,5904.31982421875,16358100
2026-01-09,Euro Stoxx 50,^STOXX50E,5916.47998046875,5999.47998046875,5916.47998046875,5997.47021484375,5997.47021484375,18084100
2026-01-12,Euro Stoxx 50,^STOXX50E,5995.2099609375,6018.9599609375,5968.490234375,6016.2998046875,6016.2998046875,16605400
2026-01-13,Euro Stoxx 50,^STOXX50E,6022.16015625,6041.72021484375,6007.72021484375,6029.830078125,6029.830078125,18282300
2026-01-14,Euro Stoxx 50,^STOXX50E,6030.89990234375,6052.85986328125,6004.14990234375,6005.0498046875,6005.0498046875,20742500
2026-01-15,Euro Stoxx 50,^STOXX50E,6006.02978515625,6053.68017578125,6004.35009765625,6041.14013671875,6041.14013671875,19463500
2026-01-16,Euro Stoxx 50,^STOXX50E,6039.759765625,6045.60986328125,6003.669921875,6029.4501953125,6029.4501953125,20460400
2026-01-19,Euro Stoxx 50,^STOXX50E,5974.89013671875,5974.89013671875,5919.41015625,5925.81982421875,5925.81982421875,18149000
2026-01-20,Euro Stoxx 50,^STOXX50E,5910.47998046875,5910.47998046875,5836.5400390625,5892.080078125,5892.080078125,19942100
2026-01-21,Euro Stoxx 50,^STOXX50E,5894.27978515625,5899.240234375,5822.919921875,5882.8798828125,5882.8798828125,20135900
2026-01-22,Euro Stoxx 50,^STOXX50E,5902.68994140625,5979.22998046875,5902.68994140625,5956.169921875,5956.169921875,22478400
2026-01-23,Euro Stoxx 50,^STOXX50E,5947.6298828125,5955.990234375,5915.97998046875,5948.2001953125,5948.2001953125,17028900
2026-01-26,Euro Stoxx 50,^STOXX50E,5948.97021484375,5971.35986328125,5926.2998046875,5957.7998046875,5957.7998046875,15630300
2026-01-27,Euro Stoxx 50,^STOXX50E,5972.97021484375,6004.5400390625,5960.02001953125,5994.58984375,5994.58984375,18479800
2026-01-28,Euro Stoxx 50,^STOXX50E,5988.60009765625,6024.5498046875,5933.2001953125,5933.2001953125,5933.2001953125,20220600
2026-01-29,Euro Stoxx 50,^STOXX50E,5963.64013671875,5973.25,5879.16015625,5891.9501953125,5891.9501953125,22881200
2026-01-30,Euro Stoxx 50,^STOXX50E,5887.919921875,5965.259765625,5887.919921875,5947.81005859375,5947.81005859375,23272800
2026-02-02,Euro Stoxx 50,^STOXX50E,5901.25,6017.85009765625,5890.31982421875,6007.509765625,6007.509765625,22648400
2026-02-03,Euro Stoxx 50,^STOXX50E,6027.8798828125,6073.33984375,5973.41015625,5995.35009765625,5995.35009765625,23281700
2026-02-04,Euro Stoxx 50,^STOXX50E,5989.06982421875,6028.89990234375,5970.47021484375,5970.47021484375,5970.47021484375,31558500
2026-02-05,Euro Stoxx 50,^STOXX50E,5988.25,5999.419921875,5892.58984375,5925.7001953125,5925.7001953125,29624600
2026-02-06,Euro Stoxx 50,^STOXX50E,5925.91015625,6001.97021484375,5904.330078125,5998.39990234375,5998.39990234375,21356700
2026-02-09,Euro Stoxx 50,^STOXX50E,6012.6201171875,6059.009765625,5994.52001953125,6059.009765625,6059.009765625,19618700
2026-02-10,Euro Stoxx 50,^STOXX50E,6065.77978515625,6078.2900390625,6045.990234375,6047.06005859375,6047.06005859375,21191000
2026-02-11,Euro Stoxx 50,^STOXX50E,6041.77978515625,6069.7900390625,6011.93017578125,6035.64013671875,6035.64013671875,25928100
2026-02-12,Euro Stoxx 50,^STOXX50E,6064.64990234375,6099.06982421875,6003.7099609375,6011.2900390625,6011.2900390625,25676500
2026-02-13,Euro Stoxx 50,^STOXX50E,6011.02001953125,6015.18017578125,5957.93017578125,5985.22998046875,5985.22998046875,31139200
2026-02-16,Euro Stoxx 50,^STOXX50E,5993.2998046875,6015.97021484375,5978.81982421875,5978.8798828125,5978.8798828125,18938100
2026-02-17,Euro Stoxx 50,^STOXX50E,5975.43017578125,6026.5400390625,5954.14013671875,6021.85009765625,6021.85009765625,18931000
2026-02-18,Euro Stoxx 50,^STOXX50E,6027.91015625,6107.72998046875,6027.91015625,6103.3701171875,6103.3701171875,20992500
2026-02-19,Euro Stoxx 50,^STOXX50E,6097.64990234375,6097.64990234375,6030.02978515625,6059.6201171875,6059.6201171875,24622100
2026-02-20,Euro Stoxx 50,^STOXX50E,6072.25,6140.9501953125,6059.64013671875,6131.31005859375,6131.31005859375,23916700
2026-02-23,Euro Stoxx 50,^STOXX50E,6113.77001953125,6151.9599609375,6100.47021484375,6113.919921875,6113.919921875,23978400
2026-02-24,Euro Stoxx 50,^STOXX50E,6121.31005859375,6137.27001953125,6084.68994140625,6116.60009765625,6116.60009765625,22157000
2026-02-25,Euro Stoxx 50,^STOXX50E,6133.009765625,6176.8701171875,6133.009765625,6173.31982421875,6173.31982421875,20315900
2026-02-26,Euro Stoxx 50,^STOXX50E,6176.509765625,6199.77978515625,6133.740234375,6161.56005859375,6161.56005859375,21763600
2026-02-27,Euro Stoxx 50,^STOXX50E,6165.2998046875,6180.2998046875,6113.330078125,6138.41015625,6138.41015625,36227000
2026-03-02,Euro Stoxx 50,^STOXX50E,6086.7900390625,6086.7900390625,5972.27001953125,5986.93017578125,5986.93017578125,35628200
2026-03-03,Euro Stoxx 50,^STOXX50E,5937.330078125,5937.330078125,5736.7998046875,5771.72998046875,5771.72998046875,48096700
2026-03-04,Euro Stoxx 50,^STOXX50E,5780.25,5888.2099609375,5772.25,5870.919921875,5870.919921875,32429500
2026-03-05,Euro Stoxx 50,^STOXX50E,5867.39013671875,5914.10986328125,5768.22998046875,5782.89013671875,5782.89013671875,27902800
2026-03-06,Euro Stoxx 50,^STOXX50E,5805.52001953125,5827.8798828125,5651.35009765625,5719.89990234375,5719.89990234375,32523200
2026-03-09,Euro Stoxx 50,^STOXX50E,5652.77978515625,5693.14013671875,5543.419921875,5685.2001953125,5685.2001953125,31537400
2026-03-10,Euro Stoxx 50,^STOXX50E,5705.47021484375,5862.06982421875,5705.47021484375,5837.169921875,5837.169921875,29321000
2026-03-11,Euro Stoxx 50,^STOXX50E,5810.81982421875,5824.47998046875,5753.60009765625,5794.68017578125,5794.68017578125,22245600
2026-03-12,Euro Stoxx 50,^STOXX50E,5781.009765625,5783.60009765625,5690.97998046875,5748.89013671875,5748.89013671875,24541100
2026-03-13,Euro Stoxx 50,^STOXX50E,5727.31982421875,5796.22998046875,5669.43994140625,5716.60986328125,5716.60986328125,22343000
2026-03-16,Euro Stoxx 50,^STOXX50E,5716.1298828125,5771.06005859375,5674.27001953125,5739.009765625,5739.009765625,17948800
2026-03-17,Euro Stoxx 50,^STOXX50E,5734.7001953125,5801.7099609375,5720.27001953125,5769.25,5769.25,20886200
2026-03-18,Euro Stoxx 50,^STOXX50E,5795.3701171875,5832.41015625,5713.7001953125,5736.85009765625,5736.85009765625,28507700
2026-03-19,Euro Stoxx 50,^STOXX50E,5694.14990234375,5694.14990234375,5577.14990234375,5613.830078125,5613.830078125,38735400
2026-03-20,Euro Stoxx 50,^STOXX50E,5639.18994140625,5687.18994140625,5500.830078125,5501.27978515625,5501.27978515625,66593000
2026-03-23,Euro Stoxx 50,^STOXX50E,5472.22998046875,5683.919921875,5376.81005859375,5574.31982421875,5574.31982421875,42449400
2026-03-24,Euro Stoxx 50,^STOXX50E,5585.31982421875,5607.64013671875,5510.5498046875,5581.2900390625,5581.2900390625,24505000
2026-03-25,Euro Stoxx 50,^STOXX50E,5608.31005859375,5683.330078125,5606.77978515625,5649.330078125,5649.330078125,22547500
2026-03-26,Euro Stoxx 50,^STOXX50E,5620.0400390625,5620.0400390625,5557.22021484375,5565.93017578125,5565.93017578125,21479800
2026-03-27,Euro Stoxx 50,^STOXX50E,5570.47021484375,5573.97021484375,5478.990234375,5505.7998046875,5505.7998046875,24173800
2026-03-30,Euro Stoxx 50,^STOXX50E,5493.2001953125,5556.8701171875,5484.10986328125,5541.7900390625,5541.7900390625,24001800
2026-03-31,Euro Stoxx 50,^STOXX50E,5535.56982421875,5601.7001953125,5519.06005859375,5569.72998046875,5569.72998046875,27897900
2026-04-01,Euro Stoxx 50,^STOXX50E,5621.97998046875,5735.41015625,5621.97998046875,5732.7099609375,5732.7099609375,31663700
2026-04-02,Euro Stoxx 50,^STOXX50E,5672.1298828125,5712.89013671875,5589.2099609375,5692.85986328125,5692.85986328125,23134400
2026-04-07,Euro Stoxx 50,^STOXX50E,5705.22998046875,5750.97021484375,5609.990234375,5633.22021484375,5633.22021484375,24072900
2026-04-08,Euro Stoxx 50,^STOXX50E,5648.81982421875,5939.080078125,5648.81982421875,5913.3701171875,5913.3701171875,42159900
2026-04-09,Euro Stoxx 50,^STOXX50E,5909.990234375,5909.990234375,5851.0,5896.2900390625,5896.2900390625,23509900
2026-04-10,Euro Stoxx 50,^STOXX50E,5902.3701171875,5958.91015625,5894.52978515625,5926.10986328125,5926.10986328125,22811300
2026-04-13,Euro Stoxx 50,^STOXX50E,5895.58984375,5908.85986328125,5846.75,5905.02001953125,5905.02001953125,19926700
2026-04-14,Euro Stoxx 50,^STOXX50E,5910.85986328125,5986.1201171875,5910.85986328125,5984.509765625,5984.509765625,24080200
2026-04-15,Euro Stoxx 50,^STOXX50E,5981.85009765625,5981.85009765625,5937.7900390625,5940.33984375,5940.33984375,18486200
2026-04-16,Euro Stoxx 50,^STOXX50E,5937.35986328125,5972.490234375,5928.2998046875,5933.27978515625,5933.27978515625,21602000
2026-04-17,Euro Stoxx 50,^STOXX50E,5919.06982421875,6073.5498046875,5919.06982421875,6057.7099609375,6057.7099609375,35407300
2026-04-20,Euro Stoxx 50,^STOXX50E,5990.1201171875,6002.18017578125,5964.759765625,5982.6298828125,5982.6298828125,20519600
2026-04-21,Euro Stoxx 50,^STOXX50E,5988.10009765625,6014.4501953125,5924.5400390625,5930.25,5930.25,36071200
2026-04-22,Euro Stoxx 50,^STOXX50E,5944.47021484375,5960.6298828125,5899.75,5906.22021484375,5906.22021484375,17853200
2026-04-23,Euro Stoxx 50,^STOXX50E,5887.97998046875,5908.52001953125,5844.740234375,5894.72998046875,5894.72998046875,19112300
2026-04-24,Euro Stoxx 50,^STOXX50E,5874.91015625,5922.41015625,5842.35009765625,5883.47998046875,5883.47998046875,19697200
2026-04-27,Euro Stoxx 50,^STOXX50E,5878.85986328125,5932.330078125,5852.5498046875,5860.31982421875,5860.31982421875,13725000
2026-04-28,Euro Stoxx 50,^STOXX50E,5862.10009765625,5885.14990234375,5822.259765625,5836.10009765625,5836.10009765625,17077400
2026-04-29,Euro Stoxx 50,^STOXX50E,5833.85986328125,5850.2998046875,5796.56982421875,5816.47998046875,5816.47998046875,17162200
2026-04-30,Euro Stoxx 50,^STOXX50E,5778.64990234375,5881.509765625,5747.759765625,5881.509765625,5881.509765625,25383400
2026-05-04,Euro Stoxx 50,^STOXX50E,5878.7900390625,5882.009765625,5754.9599609375,5763.60986328125,5763.60986328125,23044900
2026-05-05,Euro Stoxx 50,^STOXX50E,5758.3798828125,5869.6298828125,5758.3798828125,5869.6298828125,5869.6298828125,20145700
2026-05-06,Euro Stoxx 50,^STOXX50E,5880.2900390625,6064.5,5880.2900390625,6027.1298828125,6027.1298828125,33102200
2026-05-07,Euro Stoxx 50,^STOXX50E,6032.75,6066.39013671875,5967.919921875,5972.64990234375,5972.64990234375,22775300
2026-05-08,Euro Stoxx 50,^STOXX50E,5950.2099609375,5950.2099609375,5901.1201171875,5911.52978515625,5911.52978515625,22344100
2026-05-11,Euro Stoxx 50,^STOXX50E,5907.35986328125,5909.22998046875,5870.91015625,5895.4501953125,5895.4501953125,19751300
2026-05-12,Euro Stoxx 50,^STOXX50E,5861.93994140625,5861.93994140625,5801.490234375,5808.4501953125,5808.4501953125,22293300
2026-05-13,Euro Stoxx 50,^STOXX50E,5819.7900390625,5861.06982421875,5801.16015625,5861.06982421875,5861.06982421875,20802600
2026-05-15,Euro Stoxx 50,^STOXX50E,5908.7099609375,5908.7099609375,5811.240234375,5827.759765625,5827.759765625,24843000
2026-05-18,Euro Stoxx 50,^STOXX50E,5797.66015625,5876.41015625,5762.14990234375,5849.0,5849.0,20686800
2026-05-19,Euro Stoxx 50,^STOXX50E,5857.75,5910.47998046875,5843.58984375,5851.16015625,5851.16015625,17356200
2026-05-20,Euro Stoxx 50,^STOXX50E,5856.16015625,6007.2900390625,5842.18017578125,5976.06982421875,5976.06982421875,20238100
2026-05-21,Euro Stoxx 50,^STOXX50E,5966.8701171875,6008.169921875,5924.64990234375,5960.31982421875,5960.31982421875,19943100
2026-05-22,Euro Stoxx 50,^STOXX50E,5985.6298828125,6036.4599609375,5985.6298828125,6019.4501953125,6019.4501953125,17524700
2026-05-26,Euro Stoxx 50,^STOXX50E,6130.16015625,6130.16015625,6064.14990234375,6064.14990234375,6064.14990234375,13974700
2026-05-27,Euro Stoxx 50,^STOXX50E,6069.91015625,6131.08984375,6056.64990234375,6070.5400390625,6070.5400390625,20138900
2026-05-28,Euro Stoxx 50,^STOXX50E,6064.5,6077.4501953125,6023.259765625,6055.10986328125,6055.10986328125,16119700
2026-05-29,Euro Stoxx 50,^STOXX50E,6064.009765625,6105.22998046875,6050.5400390625,6050.5400390625,6050.5400390625,53436400
2026-06-01,Euro Stoxx 50,^STOXX50E,6053.8798828125,6080.080078125,5997.740234375,6034.9501953125,6034.9501953125,20297300
2026-06-02,Euro Stoxx 50,^STOXX50E,6059.259765625,6113.39013671875,6059.259765625,6107.85009765625,6107.85009765625,15955600
2026-06-03,Euro Stoxx 50,^STOXX50E,6105.169921875,6105.169921875,6050.2001953125,6053.56982421875,6053.56982421875,20190900
2026-06-04,Euro Stoxx 50,^STOXX50E,6058.16015625,6103.330078125,6052.169921875,6103.330078125,6103.330078125,15767000
2026-06-05,Euro Stoxx 50,^STOXX50E,6107.10009765625,6112.18017578125,6061.81982421875,6062.06982421875,6062.06982421875,16154800
2026-06-08,Euro Stoxx 50,^STOXX50E,6049.7900390625,6084.52978515625,5980.3701171875,6062.2900390625,6062.2900390625,30702300
2026-06-09,Euro Stoxx 50,^STOXX50E,6058.7900390625,6149.169921875,6048.5498046875,6049.740234375,6049.740234375,23961100
2026-06-10,Euro Stoxx 50,^STOXX50E,6051.89990234375,6068.60986328125,5972.1201171875,6009.9501953125,6009.9501953125,24020300
2026-06-11,Euro Stoxx 50,^STOXX50E,6014.72998046875,6087.830078125,6014.72998046875,6056.9599609375,6056.9599609375,19813500
2026-06-12,Euro Stoxx 50,^STOXX50E,6076.43994140625,6202.39990234375,6076.43994140625,6187.6298828125,6187.6298828125,29587300
2026-06-15,Euro Stoxx 50,^STOXX50E,6225.35986328125,6294.68017578125,6224.759765625,6229.43017578125,6229.43017578125,25300500
2026-06-16,Euro Stoxx 50,^STOXX50E,6238.5,6287.259765625,6238.5,6257.419921875,6257.419921875,25053800
2026-06-17,Euro Stoxx 50,^STOXX50E,6257.97021484375,6300.06982421875,6253.93017578125,6300.06982421875,6300.06982421875,29614000
2026-06-18,Euro Stoxx 50,^STOXX50E,6301.10986328125,6334.5498046875,6282.22021484375,6323.27001953125,6323.27001953125,34923200
2026-06-19,Euro Stoxx 50,^STOXX50E,6321.31005859375,6337.22021484375,6293.1298828125,6293.1298828125,6293.1298828125,54701000
2026-06-22,Euro Stoxx 50,^STOXX50E,6297.43994140625,6328.6298828125,6280.83984375,6311.31982421875,6311.31982421875,22593500
2026-06-23,Euro Stoxx 50,^STOXX50E,6274.7900390625,6274.7900390625,6209.1201171875,6230.5498046875,6230.5498046875,20680200
2026-06-24,Euro Stoxx 50,^STOXX50E,6234.7099609375,6243.52001953125,6189.06005859375,6214.7001953125,6214.7001953125,19235900
2026-06-25,Euro Stoxx 50,^STOXX50E,6211.56982421875,6279.52978515625,6211.56982421875,6267.52978515625,6267.52978515625,22517200
2026-06-26,Euro Stoxx 50,^STOXX50E,6261.39013671875,6261.39013671875,6181.93017578125,6221.5498046875,6221.5498046875,19255900
2026-06-29,Euro Stoxx 50,^STOXX50E,6224.740234375,6240.0,6202.490234375,6231.6298828125,6231.6298828125,18393200
2026-06-30,Euro Stoxx 50,^STOXX50E,6247.85009765625,6329.419921875,6247.85009765625,6328.08984375,6328.08984375,24809500
2026-07-01,Euro Stoxx 50,^STOXX50E,6325.68017578125,6327.919921875,6266.68017578125,6282.5,6282.5,18029800
2026-07-02,Euro Stoxx 50,^STOXX50E,6282.06982421875,6393.830078125,6268.1298828125,6360.47021484375,6360.47021484375,23189400
2026-07-03,Euro Stoxx 50,^STOXX50E,6373.35986328125,6420.43994140625,6368.14990234375,6412.68017578125,6412.68017578125,14021200
2026-07-06,Euro Stoxx 50,^STOXX50E,6405.5400390625,6431.419921875,6376.9599609375,6398.009765625,6398.009765625,15983700
2026-07-07,Euro Stoxx 50,^STOXX50E,6379.3701171875,6395.06982421875,6319.85986328125,6319.85986328125,6319.85986328125,18324400
2026-07-08,Euro Stoxx 50,^STOXX50E,6315.93994140625,6315.93994140625,6180.93994140625,6204.91015625,6204.91015625,24817100
2026-07-09,Euro Stoxx 50,^STOXX50E,6236.41015625,6288.009765625,6228.33984375,6284.27001953125,6284.27001953125,17934500
2026-07-10,Euro Stoxx 50,^STOXX50E,6266.830078125,6287.7099609375,6242.35009765625,6269.97021484375,6269.97021484375,15882500
2026-07-13,Euro Stoxx 50,^STOXX50E,6243.52001953125,6282.9599609375,6242.2900390625,6271.02001953125,6271.02001953125,15254800
2026-07-14,Euro Stoxx 50,^STOXX50E,6248.3701171875,6288.68994140625,6211.9599609375,6280.18994140625,6280.18994140625,16805400
2026-07-15,Euro Stoxx 50,^STOXX50E,6270.77001953125,6296.0400390625,6255.60009765625,6265.580078125,6265.580078125,16829500
2026-07-16,Euro Stoxx 50,^STOXX50E,6273.10009765625,6283.60986328125,6208.259765625,6283.60986328125,6283.60986328125,17932200
2026-07-17,Euro Stoxx 50,^STOXX50E,6270.93994140625,6270.93994140625,6194.39013671875,6230.8701171875,6230.8701171875,23512700
2026-07-20,Euro Stoxx 50,^STOXX50E,6224.080078125,6264.43994140625,6215.3798828125,6227.39990234375,6227.39990234375,16975600
2026-07-21,Euro Stoxx 50,^STOXX50E,6230.080078125,6285.6298828125,6230.080078125,6285.6298828125,6285.6298828125,16680300
2026-07-22,Euro Stoxx 50,^STOXX50E,6271.06005859375,6326.990234375,6252.7099609375,6316.990234375,6316.990234375,19935600
2026-07-23,Euro Stoxx 50,^STOXX50E,6308.759765625,6308.759765625,6197.1201171875,6210.169921875,6210.169921875,22947900
2026-07-24,Euro Stoxx 50,^STOXX50E,6208.990234375,6280.93994140625,6205.85009765625,6280.93994140625,6280.93994140625,15946900
2026-07-27,Euro Stoxx 50,^STOXX50E,6287.7998046875,6369.52001953125,6282.2099609375,6282.2099609375,6282.2099609375,20763200
2026-07-28,Euro Stoxx 50,^STOXX50E,6297.2001953125,6316.27978515625,6255.6201171875,6289.509765625,6289.509765625,18886900
2026-07-29,Euro Stoxx 50,^STOXX50E,6282.77978515625,6305.8798828125,6235.77978515625,6248.83984375,6248.83984375,22630200
2026-07-30,Euro Stoxx 50,^STOXX50E,6245.2998046875,6356.31005859375,6245.2998046875,6344.39990234375,6344.39990234375,20682300
2026-07-31,Euro Stoxx 50,^STOXX50E,6354.7900390625,6421.740234375,6332.580078125,6358.009765625,6358.009765625,23105100
2026-08-03,Euro Stoxx 50,^STOXX50E,6361.2099609375,6437.72998046875,6361.2099609375,6426.5,6426.5,21899400
2026-08-04,Euro Stoxx 50,^STOXX50E,6445.7900390625,6490.33984375,6445.7900390625,6486.7001953125,6486.7001953125,20432600
2026-08-05,Euro Stoxx 50,^STOXX50E,6493.77001953125,6518.990234375,6475.669921875,6476.97998046875,6476.97998046875,18125500
2026-08-06,Euro Stoxx 50,^STOXX50E,6489.330078125,6528.4599609375,6489.330078125,6502.56005859375,6502.56005859375,18990200
2026-08-07,Euro Stoxx 50,^STOXX50E,6508.1298828125,6559.990234375,6508.1298828125,6523.85986328125,6523.85986328125,16973000
2026-08-10,Euro Stoxx 50,^STOXX50E,6520.06982421875,6558.52978515625,6520.06982421875,6535.6201171875,6535.6201171875,13174500
2026-08-11,Euro Stoxx 50,^STOXX50E,6538.77978515625,6576.2998046875,6529.60009765625,6551.22021484375,6551.22021484375,13470800
2026-08-12,Euro Stoxx 50,^STOXX50E,6556.83984375,6577.2001953125,6525.81982421875,6533.990234375,6533.990234375,15908200
2026-08-13,Euro Stoxx 50,^STOXX50E,6542.0,6574.7001953125,6542.0,6545.47021484375,6545.47021484375,14939600
2026-08-14,Euro Stoxx 50,^STOXX50E,6544.7900390625,6567.56982421875,6534.330078125,6539.58984375,6539.58984375,14174900
2025-08-15,Nikkei 225,^N225,42866.37890625,43405.4296875,42736.859375,43378.30859375,43378.30859375,134500000
2025-08-18,Nikkei 225,^N225,43452.8984375,43835.12109375,43390.21875,43714.30859375,43714.30859375,124200000
2025-08-19,Nikkei 225,^N225,43846.55078125,43876.421875,43411.96875,43546.2890625,43546.2890625,117100000
2025-08-20,Nikkei 225,^N225,43400.66015625,43425.78125,42724.1484375,42888.55078125,42888.55078125,116700000
2025-08-21,Nikkei 225,^N225,42783.26171875,42926.109375,42564.30078125,42610.171875,42610.171875,103100000
2025-08-22,Nikkei 225,^N225,42629.80859375,42720.5703125,42331.390625,42633.2890625,42633.2890625,97800000
2025-08-25,Nikkei 225,^N225,42977.26953125,43201.421875,42681.37109375,42807.8203125,42807.8203125,102200000
2025-08-26,Nikkei 225,^N225,42619.66015625,42703.26953125,42137.62109375,42394.3984375,42394.3984375,162600000
2025-08-27,Nikkei 225,^N225,42476.08984375,42628.0390625,42270.1796875,42520.26953125,42520.26953125,108400000
2025-08-28,Nikkei 225,^N225,42308.140625,42828.7890625,42299.7890625,42828.7890625,42828.7890625,112700000
2025-08-29,Nikkei 225,^N225,42774.2890625,42807.03125,42611.30859375,42718.46875,42718.46875,114900000
2025-09-01,Nikkei 225,^N225,42362.7109375,42454.98828125,41835.171875,42188.7890625,42188.7890625,96600000
2025-09-02,Nikkei 225,^N225,42299.62890625,42473.671875,42084.78125,42310.48828125,42310.48828125,99800000
2025-09-03,Nikkei 225,^N225,42085.66015625,42293.5390625,41863.19921875,41938.890625,41938.890625,130200000
2025-09-04,Nikkei 225,^N225,42093.69921875,42608.80078125,42066.58984375,42580.26953125,42580.26953125,110300000
2025-09-05,Nikkei 225,^N225,42983.46875,43220.94140625,42783.5390625,43018.75,43018.75,118300000
2025-09-08,Nikkei 225,^N225,43451.0703125,43838.6015625,43343.578125,43643.80859375,43643.80859375,115500000
2025-09-09,Nikkei 225,^N225,43907.55078125,44185.73046875,43452.73828125,43459.2890625,43459.2890625,117500000
2025-09-10,Nikkei 225,^N225,43513.16015625,43848.76953125,43509.01953125,43837.671875,43837.671875,115700000
2025-09-11,Nikkei 225,^N225,43876.21875,44396.94921875,43870.5390625,44372.5,44372.5,107300000
2025-09-12,Nikkei 225,^N225,44803.30078125,44888.01953125,44548.5703125,44768.12109375,44768.12109375,124900000
2025-09-16,Nikkei 225,^N225,44948.8515625,45055.37890625,44616.3203125,44902.26953125,44902.26953125,111700000
2025-09-17,Nikkei 225,^N225,44751.83984375,45033.33984375,44612.0703125,44790.37890625,44790.37890625,104600000
2025-09-18,Nikkei 225,^N225,44910.5,45508.671875,44815.3984375,45303.4296875,45303.4296875,113700000
2025-09-19,Nikkei 225,^N225,45634.2890625,45852.75,44495.4609375,45045.80859375,45045.80859375,208600000
2025-09-22,Nikkei 225,^N225,45193.76953125,45757.73828125,45193.76953125,45493.66015625,45493.66015625,116600000
2025-09-24,Nikkei 225,^N225,45484.41015625,45693.28125,45205.46875,45630.30859375,45630.30859375,131700000
2025-09-25,Nikkei 225,^N225,45600.0703125,45824.69140625,45503.30859375,45754.9296875,45754.9296875,127200000
2025-09-26,Nikkei 225,^N225,45634.19921875,45766.76953125,45354.98828125,45354.98828125,45354.98828125,147500000
2025-09-29,Nikkei 225,^N225,45113.2890625,45152.69921875,44890.19921875,45043.75,45043.75,130500000
2025-09-30,Nikkei 225,^N225,45054.9609375,45126.23046875,44733.6015625,44932.62890625,44932.62890625,160600000
2025-10-01,Nikkei 225,^N225,44831.94921875,44874.421875,44357.6484375,44550.8515625,44550.8515625,136700000
2025-10-02,Nikkei 225,^N225,44736.03125,45125.9609375,44659.21875,44936.73046875,44936.73046875,131100000
2025-10-03,Nikkei 225,^N225,45042.5390625,45778.66015625,45042.5390625,45769.5,45769.5,117600000
2025-10-06,Nikkei 225,^N225,46636.0703125,48150.0390625,46592.98828125,47944.76171875,47944.76171875,178300000
2025-10-07,Nikkei 225,^N225,48281.12109375,48527.328125,47904.37890625,47950.87890625,47950.87890625,154200000
2025-10-08,Nikkei 225,^N225,47925.21875,48181.12109375,47728.26953125,47734.98828125,47734.98828125,142200000
2025-10-09,Nikkei 225,^N225,48035.421875,48597.078125,47995.21875,48580.44140625,48580.44140625,138500000
2025-10-10,Nikkei 225,^N225,48510.71875,48510.71875,47962.609375,48088.80078125,48088.80078125,150700000
2025-10-14,Nikkei 225,^N225,47446.73046875,47865.6484375,46544.05078125,46847.3203125,46847.3203125,170300000
2025-10-15,Nikkei 225,^N225,47002.30078125,47774.828125,46910.828125,47672.671875,47672.671875,118400000
2025-10-16,Nikkei 225,^N225,48107.44140625,48317.33984375,47937.71875,48277.73828125,48277.73828125,121100000
2025-10-17,Nikkei 225,^N225,47820.96875,48140.8984375,47494.30859375,47582.1484375,47582.1484375,124800000
2025-10-20,Nikkei 225,^N225,48332.7109375,49185.5,48254.828125,49185.5,49185.5,121000000
2025-10-21,Nikkei 225,^N225,49675.4296875,49945.94921875,49127.19921875,49316.05859375,49316.05859375,124500000
2025-10-22,Nikkei 225,^N225,49252.03125,49458.28125,48613.69921875,49307.7890625,49307.7890625,141100000
2025-10-23,Nikkei 225,^N225,48866.578125,48866.578125,48399.05078125,48641.609375,48641.609375,107600000
2025-10-24,Nikkei 225,^N225,49095.26953125,49435.30859375,48965.78125,49299.6484375,49299.6484375,109100000
2025-10-27,Nikkei 225,^N225,49905.80078125,50549.6015625,49838.98046875,50512.3203125,50512.3203125,122100000
2025-10-28,Nikkei 225,^N225,50357.1484375,50485.80078125,50107.76953125,50219.1796875,50219.1796875,119500000
2025-10-29,Nikkei 225,^N225,50453.640625,51412.96875,50365.62109375,51307.6484375,51307.6484375,129700000
2025-10-30,Nikkei 225,^N225,51146.26953125,51657.28125,50972.55859375,51325.609375,51325.609375,230900000
2025-10-31,Nikkei 225,^N225,51629.80078125,52411.33984375,51613.03125,52411.33984375,52411.33984375,180300000
2025-11-04,Nikkei 225,^N225,52294.30859375,52636.87109375,51497.19921875,51497.19921875,51497.19921875,190100000
2025-11-05,Nikkei 225,^N225,51291.390625,51422.421875,49073.578125,50212.26953125,50212.26953125,219700000
2025-11-06,Nikkei 225,^N225,50792.55078125,51248.28125,50594.19140625,50883.6796875,50883.6796875,171300000
2025-11-07,Nikkei 225,^N225,50524.30859375,50642.7890625,49640.55859375,50276.37109375,50276.37109375,146700000
2025-11-10,Nikkei 225,^N225,50645.26953125,50969.5,50392.44140625,50911.76171875,50911.76171875,129700000
2025-11-11,Nikkei 225,^N225,51314.0390625,51513.16015625,50581.171875,50842.9296875,50842.9296875,125900000
2025-11-12,Nikkei 225,^N225,50988.53125,51072.26171875,50537.5,51063.30859375,51063.30859375,150400000
2025-11-13,Nikkei 225,^N225,51013.1484375,51338.890625,50954.26953125,51281.828125,51281.828125,135700000
2025-11-14,Nikkei 225,^N225,50767.73828125,50767.73828125,50246.6015625,50376.53125,50376.53125,149300000
2025-11-17,Nikkei 225,^N225,50282.390625,50398.16015625,49845.859375,50323.91015625,50323.91015625,126000000
2025-11-18,Nikkei 225,^N225,49812.94921875,49971.55078125,48661.51953125,48702.98046875,48702.98046875,137400000
2025-11-19,Nikkei 225,^N225,48822.87890625,49087.109375,48235.30078125,48537.69921875,48537.69921875,136500000
2025-11-20,Nikkei 225,^N225,49129.2890625,50574.8203125,49113.390625,49823.94140625,49823.94140625,139400000
2025-11-21,Nikkei 225,^N225,49251.26171875,49459.58984375,48490.03125,48625.87890625,48625.87890625,212200000
2025-11-25,Nikkei 225,^N225,49113.8203125,49182.3203125,48511.94921875,48659.51953125,48659.51953125,144500000
2025-11-26,Nikkei 225,^N225,49012.25,49749.58984375,48964.19140625,49559.0703125,49559.0703125,134100000
2025-11-27,Nikkei 225,^N225,49868.7890625,50322.140625,49865.171875,50167.1015625,50167.1015625,99300000
2025-11-28,Nikkei 225,^N225,50218.9609375,50258.25,49989.5390625,50253.91015625,50253.91015625,98200000
2025-12-01,Nikkei 225,^N225,50318.58984375,50366.73828125,49215.9609375,49303.28125,49303.28125,118200000
2025-12-02,Nikkei 225,^N225,49494.578125,49636.7890625,49243.55078125,49303.44921875,49303.44921875,127100000
2025-12-03,Nikkei 225,^N225,49540.640625,50138.6015625,49521.23046875,49864.6796875,49864.6796875,119500000
2025-12-04,Nikkei 225,^N225,49942.94140625,51028.421875,49910.05859375,51028.421875,51028.421875,127300000
2025-12-05,Nikkei 225,^N225,50530.33984375,50634.8515625,50215.41015625,50491.87109375,50491.87109375,119300000
2025-12-08,Nikkei 225,^N225,50643.08984375,50678.05078125,50224.6484375,50581.94140625,50581.94140625,104400000
2025-12-09,Nikkei 225,^N225,50677.359375,50793.69140625,50417.109375,50655.1015625,50655.1015625,107100000
2025-12-10,Nikkei 225,^N225,50878.66015625,51107.76953125,50329.26953125,50602.80078125,50602.80078125,125100000
2025-12-11,Nikkei 225,^N225,50818.390625,50875.98046875,49926.26953125,50148.8203125,50148.8203125,109900000
2025-12-12,Nikkei 225,^N225,50480.23046875,51127.69140625,50457.421875,50836.55078125,50836.55078125,152200000
2025-12-15,Nikkei 225,^N225,50352.08984375,50432.1015625,49965.6796875,50168.109375,50168.109375,121900000
2025-12-16,Nikkei 225,^N225,50051.23828125,50051.23828125,49355.87109375,49383.2890625,49383.2890625,124600000
2025-12-17,Nikkei 225,^N225,49413.19140625,49571.5,49077.80859375,49512.28125,49512.28125,113200000
2025-12-18,Nikkei 225,^N225,49058.30859375,49169.7890625,48643.78125,49001.5,49001.5,116200000
2025-12-19,Nikkei 225,^N225,49387.7109375,49766.9609375,49257.1484375,49507.2109375,49507.2109375,163300000
2025-12-22,Nikkei 225,^N225,50084.55078125,50590.87890625,49982.19921875,50402.390625,50402.390625,112900000
2025-12-23,Nikkei 225,^N225,50374.48046875,50544.55859375,50264.421875,50412.87109375,50412.87109375,92700000
2025-12-24,Nikkei 225,^N225,50475.48046875,50636.94921875,50323.921875,50344.1015625,50344.1015625,83200000
2025-12-25,Nikkei 225,^N225,50450.1796875,50510.109375,50283.76171875,50407.7890625,50407.7890625,58300000
2025-12-26,Nikkei 225,^N225,50527.12890625,50941.890625,50527.12890625,50750.390625,50750.390625,81100000
2025-12-29,Nikkei 225,^N225,50691.21875,50707.23046875,50347.6484375,50526.921875,50526.921875,98000000
2025-12-30,Nikkei 225,^N225,50312.8515625,50534.640625,50198.96875,50339.48046875,50339.48046875,93700000
2026-01-05,Nikkei 225,^N225,51010.28125,52033.23828125,50995.671875,51832.80078125,51832.80078125,139400000
2026-01-06,Nikkei 225,^N225,52157.21875,52523.76953125,52024.62109375,52518.078125,52518.078125,151900000
2026-01-07,Nikkei 225,^N225,52144.640625,52404.109375,51830.3984375,51961.98046875,51961.98046875,138600000
2026-01-08,Nikkei 225,^N225,51769.828125,51866.19140625,51052.828125,51117.26171875,51117.26171875,135400000
2026-01-09,Nikkei 225,^N225,51367.98046875,51986.91015625,51189.140625,51939.890625,51939.890625,133100000
2026-01-13,Nikkei 225,^N225,52808.2890625,53814.7890625,52741.640625,53549.16015625,53549.16015625,168500000
2026-01-14,Nikkei 225,^N225,53827.23828125,54487.3203125,53792.6796875,54341.23046875,54341.23046875,144500000
2026-01-15,Nikkei 225,^N225,54039.3984375,54153.609375,53709.87109375,54110.5,54110.5,150900000
2026-01-16,Nikkei 225,^N225,54071.28125,54130.6015625,53706.7890625,53936.171875,53936.171875,144300000
2026-01-19,Nikkei 225,^N225,53390.05078125,53583.5703125,53091.44921875,53583.5703125,53583.5703125,122900000
2026-01-20,Nikkei 225,^N225,53348.58984375,53408.3515625,52852.8984375,52991.1015625,52991.1015625,126800000
2026-01-21,Nikkei 225,^N225,52228.078125,52848.78125,52194.80859375,52774.640625,52774.640625,139000000
2026-01-22,Nikkei 225,^N225,53327.390625,53922.53125,53242.37890625,53688.890625,53688.890625,150900000
2026-01-23,Nikkei 225,^N225,53898.44921875,54050.83984375,53603.6796875,53846.87109375,53846.87109375,129500000
2026-01-26,Nikkei 225,^N225,53023.28125,53138.671875,52656.0,52885.25,52885.25,138300000
2026-01-27,Nikkei 225,^N225,52847.5390625,53334.03125,52637.66015625,53333.5390625,53333.5390625,136700000
2026-01-28,Nikkei 225,^N225,53023.87890625,53507.1796875,52788.1015625,53358.7109375,53358.7109375,149800000
2026-01-29,Nikkei 225,^N225,53301.26171875,53742.69140625,52990.421875,53375.6015625,53375.6015625,154500000
2026-01-30,Nikkei 225,^N225,53434.73046875,53590.23828125,52923.12109375,53322.8515625,53322.8515625,156800000
2026-02-02,Nikkei 225,^N225,53575.37109375,54247.1484375,52655.1796875,52655.1796875,52655.1796875,153800000
2026-02-03,Nikkei 225,^N225,53332.1796875,54782.828125,53307.73828125,54720.66015625,54720.66015625,156900000
2026-02-04,Nikkei 225,^N225,54250.41015625,54459.41015625,53965.51171875,54293.359375,54293.359375,186300000
2026-02-05,Nikkei 225,^N225,54289.05078125,54459.078125,53653.05859375,53818.0390625,53818.0390625,213200000
2026-02-06,Nikkei 225,^N225,53435.37109375,54253.6796875,52950.1484375,54253.6796875,54253.6796875,188900000
2026-02-09,Nikkei 225,^N225,55130.62890625,57337.0703125,55018.5703125,56363.94140625,56363.94140625,205000000
2026-02-10,Nikkei 225,^N225,56812.01171875,57960.19140625,56812.01171875,57650.5390625,57650.5390625,191500000
2026-02-12,Nikkei 225,^N225,57864.73828125,58015.078125,57554.48828125,57639.83984375,57639.83984375,190000000
2026-02-13,Nikkei 225,^N225,57197.328125,57407.25,56652.48046875,56941.96875,56941.96875,210000000
2026-02-16,Nikkei 225,^N225,57212.96875,57219.19921875,56748.1796875,56806.41015625,56806.41015625,137400000
2026-02-17,Nikkei 225,^N225,56819.37109375,56926.23828125,56135.12109375,56566.48828125,56566.48828125,132600000
2026-02-18,Nikkei 225,^N225,56734.26953125,57392.890625,56734.26953125,57143.83984375,57143.83984375,130100000
2026-02-19,Nikkei 225,^N225,57472.078125,57709.8203125,57362.01171875,57467.828125,57467.828125,135500000
2026-02-20,Nikkei 225,^N225,56979.73828125,56979.73828125,56680.87890625,56825.69921875,56825.69921875,152400000
2026-02-24,Nikkei 225,^N225,56764.140625,57421.671875,56732.9296875,57321.08984375,57321.08984375,157800000
2026-02-25,Nikkei 225,^N225,57695.3984375,58875.171875,57656.5,58583.12109375,58583.12109375,167100000
2026-02-26,Nikkei 225,^N225,58995.390625,59332.4296875,58577.83984375,58753.390625,58753.390625,155300000
2026-02-27,Nikkei 225,^N225,58606.03125,58924.171875,58130.5703125,58850.26953125,58850.26953125,192400000
2026-03-02,Nikkei 225,^N225,57976.19921875,58365.2109375,57285.76953125,58057.23828125,58057.23828125,162400000
2026-03-03,Nikkei 225,^N225,57729.80078125,57890.76171875,56091.5390625,56279.05078125,56279.05078125,179000000
2026-03-04,Nikkei 225,^N225,55470.87890625,55701.26953125,53618.19921875,54245.5390625,54245.5390625,214000000
2026-03-05,Nikkei 225,^N225,55204.16015625,56619.98046875,54910.328125,55278.05859375,55278.05859375,184900000
2026-03-06,Nikkei 225,^N225,54674.6015625,55686.55859375,54513.4296875,55620.83984375,55620.83984375,142800000
2026-03-09,Nikkei 225,^N225,54608.62890625,54608.62890625,51407.66015625,52728.71875,52728.71875,219400000
2026-03-10,Nikkei 225,^N225,53524.08984375,54694.890625,53487.19140625,54248.390625,54248.390625,162500000
2026-03-11,Nikkei 225,^N225,54917.9296875,55745.37890625,54882.578125,55025.37109375,55025.37109375,146900000
2026-03-12,Nikkei 225,^N225,54387.8984375,54733.078125,53796.01171875,54452.9609375,54452.9609375,154100000
2026-03-13,Nikkei 225,^N225,53587.30078125,54065.30859375,53286.69140625,53819.609375,53819.609375,169000000
2026-03-16,Nikkei 225,^N225,53627.859375,53983.51171875,53113.94921875,53751.1484375,53751.1484375,128800000
2026-03-17,Nikkei 225,^N225,54286.26171875,54388.4296875,53482.58984375,53700.390625,53700.390625,117800000
2026-03-18,Nikkei 225,^N225,54148.83984375,55239.3984375,54148.83984375,55239.3984375,55239.3984375,136700000
2026-03-19,Nikkei 225,^N225,54287.80078125,54333.01953125,53190.1796875,53372.53125,53372.53125,200600000
2026-03-23,Nikkei 225,^N225,52468.71875,52479.80859375,50688.76171875,51515.48828125,51515.48828125,177100000
2026-03-24,Nikkei 225,^N225,52380.6015625,52701.98828125,51645.1484375,52252.28125,52252.28125,131800000
2026-03-25,Nikkei 225,^N225,53015.80078125,54022.87890625,53015.80078125,53749.62109375,53749.62109375,133700000
2026-03-26,Nikkei 225,^N225,53855.12890625,54175.80078125,53176.76953125,53603.6484375,53603.6484375,124500000
2026-03-27,Nikkei 225,^N225,53239.58984375,53714.8984375,52516.921875,53373.0703125,53373.0703125,170500000
2026-03-30,Nikkei 225,^N225,52054.6796875,52054.6796875,50566.98828125,51885.8515625,51885.8515625,183100000
2026-03-31,Nikkei 225,^N225,51382.53125,52169.01171875,50558.91015625,51063.71875,51063.71875,174500000
2026-04-01,Nikkei 225,^N225,51959.46875,53739.6796875,51902.83984375,53739.6796875,53739.6796875,165900000
2026-04-02,Nikkei 225,^N225,54066.828125,54258.48046875,52273.0703125,52463.26953125,52463.26953125,163200000
2026-04-03,Nikkei 225,^N225,53039.3984375,53426.30859375,52925.1015625,53123.48828125,53123.48828125,104100000
2026-04-06,Nikkei 225,^N225,53205.9296875,54039.33984375,53205.9296875,53413.6796875,53413.6796875,102500000
2026-04-07,Nikkei 225,^N225,53571.28125,53916.3515625,53156.94140625,53429.55859375,53429.55859375,118800000
2026-04-08,Nikkei 225,^N225,54386.6484375,56424.62890625,54380.01953125,56308.421875,56308.421875,186700000
2026-04-09,Nikkei 225,^N225,56199.859375,56406.48828125,55763.05078125,55895.3203125,55895.3203125,154700000
2026-04-10,Nikkei 225,^N225,56265.76953125,57012.76953125,56251.1796875,56924.109375,56924.109375,165000000
2026-04-13,Nikkei 225,^N225,56421.4609375,56765.71875,56232.78125,56502.76953125,56502.76953125,135300000
2026-04-14,Nikkei 225,^N225,57085.6484375,57979.8203125,57010.1796875,57877.390625,57877.390625,143700000
2026-04-15,Nikkei 225,^N225,58265.1796875,58585.94921875,58028.75,58134.23828125,58134.23828125,161000000
2026-04-16,Nikkei 225,^N225,58479.828125,59688.1015625,58428.19140625,59518.33984375,59518.33984375,150300000
2026-04-17,Nikkei 225,^N225,59255.08984375,59381.25,58475.8984375,58475.8984375,58475.8984375,140000000
2026-04-20,Nikkei 225,^N225,58821.16015625,59169.12890625,58687.9609375,58824.890625,58824.890625,121500000
2026-04-21,Nikkei 225,^N225,59031.51171875,59611.91015625,59004.76171875,59349.171875,59349.171875,129500000
2026-04-22,Nikkei 225,^N225,59104.109375,59708.2109375,59005.48046875,59585.859375,59585.859375,145700000
2026-04-23,Nikkei 225,^N225,59758.640625,60013.98046875,58621.48046875,59140.23046875,59140.23046875,165300000
2026-04-24,Nikkei 225,^N225,59407.44140625,59763.6796875,59225.37109375,59716.1796875,59716.1796875,141400000
2026-04-27,Nikkei 225,^N225,59880.7109375,60903.94921875,59608.62890625,60537.359375,60537.359375,148900000
2026-04-28,Nikkei 225,^N225,60531.78125,60634.66015625,59701.83984375,59917.4609375,59917.4609375,174500000
2026-04-30,Nikkei 225,^N225,59484.7109375,59560.5703125,58928.19921875,59284.921875,59284.921875,201600000
2026-05-01,Nikkei 225,^N225,59379.12109375,59706.69921875,59263.5,59513.12109375,59513.12109375,150700000
2026-05-07,Nikkei 225,^N225,60241.30859375,63091.140625,60213.01953125,62833.83984375,62833.83984375,230800000
2026-05-08,Nikkei 225,^N225,62654.01171875,62724.359375,62137.94921875,62713.6484375,62713.6484375,213500000
2026-05-11,Nikkei 225,^N225,63203.44140625,63385.0390625,62380.62109375,62417.87890625,62417.87890625,202300000
2026-05-12,Nikkei 225,^N225,62618.71875,63218.51171875,62158.4296875,62742.5703125,62742.5703125,189200000
2026-05-13,Nikkei 225,^N225,62398.01953125,63347.91015625,62318.87109375,63272.109375,63272.109375,181000000
2026-05-14,Nikkei 225,^N225,63263.4609375,63799.3203125,62654.05078125,62654.05078125,62654.05078125,207700000
2026-05-15,Nikkei 225,^N225,62878.7109375,63235.76953125,60937.30078125,61409.2890625,61409.2890625,213900000
2026-05-18,Nikkei 225,^N225,61299.87109375,61478.55078125,60376.98046875,60815.94921875,60815.94921875,168100000
2026-05-19,Nikkei 225,^N225,61202.83984375,61456.30859375,60256.328125,60550.58984375,60550.58984375,175800000
2026-05-20,Nikkei 225,^N225,60567.26953125,60567.26953125,59292.25,59804.41015625,59804.41015625,182500000
2026-05-21,Nikkei 225,^N225,60374.83984375,62043.53125,60282.3515625,61684.140625,61684.140625,166600000
2026-05-22,Nikkei 225,^N225,61913.359375,63432.41015625,61842.55859375,63339.0703125,63339.0703125,158800000
2026-05-25,Nikkei 225,^N225,63658.94921875,65408.87109375,63562.51171875,65158.19140625,65158.19140625,161100000
2026-05-26,Nikkei 225,^N225,65247.23828125,65317.69140625,64605.69140625,64996.08984375,64996.08984375,157200000
2026-05-27,Nikkei 225,^N225,65777.8671875,66428.8125,64999.41015625,64999.41015625,64999.41015625,163500000
2026-05-28,Nikkei 225,^N225,64770.76171875,65165.75,63875.0390625,64693.12109375,64693.12109375,176600000
2026-05-29,Nikkei 225,^N225,65133.96875,66505.0234375,65133.96875,66329.5,66329.5,295100000
2026-06-01,Nikkei 225,^N225,66363.4296875,67231.28125,66244.84375,66934.328125,66934.328125,189500000
2026-06-02,Nikkei 225,^N225,66629.6015625,66748.0625,65551.1328125,66734.2421875,66734.2421875,187700000
2026-06-03,Nikkei 225,^N225,67238.53125,68786.4921875,67238.53125,68402.1328125,68402.1328125,170700000
2026-06-04,Nikkei 225,^N225,67860.84375,68051.9375,66920.796875,67470.6875,67470.6875,152700000
2026-06-05,Nikkei 225,^N225,67115.0,67115.0,65862.2109375,66588.1171875,66588.1171875,148100000
2026-06-08,Nikkei 225,^N225,65947.5625,66115.1796875,63406.66015625,64024.6015625,64024.6015625,179500000
2026-06-09,Nikkei 225,^N225,64625.26171875,65485.16015625,63918.9609375,65416.62890625,65416.62890625,168100000
2026-06-10,Nikkei 225,^N225,64952.37890625,65098.859375,63733.0390625,64179.26953125,64179.26953125,171300000
2026-06-11,Nikkei 225,^N225,63329.171875,64395.5,62335.75,64217.26953125,64217.26953125,171100000
2026-06-12,Nikkei 225,^N225,65176.23046875,67065.9375,64998.109375,66020.0390625,66020.0390625,190600000
2026-06-15,Nikkei 225,^N225,66783.21875,69682.2265625,66783.21875,69317.5,69317.5,168300000
2026-06-16,Nikkei 225,^N225,69288.90625,70020.6796875,69095.671875,69404.5,69404.5,153800000
2026-06-17,Nikkei 225,^N225,69005.8828125,70125.75,68985.6328125,69902.25,69902.25,144300000
2026-06-18,Nikkei 225,^N225,70163.7109375,71398.578125,70092.9375,71053.4921875,71053.4921875,156700000
2026-06-19,Nikkei 225,^N225,71551.03125,71952.9921875,70517.9765625,71250.0625,71250.0625,214400000
2026-06-22,Nikkei 225,^N225,71067.1484375,72831.7265625,71009.5234375,72353.9609375,72353.9609375,133200000
2026-06-23,Nikkei 225,^N225,72404.3671875,72618.4375,69788.3828125,69788.3828125,69788.3828125,172300000
2026-06-24,Nikkei 225,^N225,69615.078125,70218.7109375,68461.1015625,69174.96875,69174.96875,153900000
2026-06-25,Nikkei 225,^N225,70114.09375,72594.21875,69982.671875,72366.34375,72366.34375,151000000
2026-06-26,Nikkei 225,^N225,71587.7109375,71786.28125,68639.84375,69360.8828125,69360.8828125,156900000
2026-06-29,Nikkei 225,^N225,69609.8828125,69609.8828125,67997.5703125,69468.109375,69468.109375,182400000
2026-06-30,Nikkei 225,^N225,70085.6015625,70667.0,69302.1875,70062.3203125,70062.3203125,160500000
2026-07-01,Nikkei 225,^N225,70774.28125,71962.34375,70126.140625,70474.9609375,70474.9609375,163400000
2026-07-02,Nikkei 225,^N225,70039.890625,70081.390625,68676.2578125,68733.1484375,68733.1484375,169900000
2026-07-03,Nikkei 225,^N225,68676.0625,69788.03125,67609.4921875,69744.0703125,69744.0703125,159300000
2026-07-06,Nikkei 225,^N225,69973.34375,70384.59375,68904.40625,69737.6875,69737.6875,135400000
2026-07-07,Nikkei 225,^N225,69460.078125,69957.5078125,68003.921875,68256.9609375,68256.9609375,175000000
2026-07-08,Nikkei 225,^N225,67704.15625,68432.6796875,66819.046875,66819.046875,66819.046875,168900000
2026-07-09,Nikkei 225,^N225,67046.3671875,68447.890625,67008.890625,67743.8515625,67743.8515625,136400000
2026-07-10,Nikkei 225,^N225,68526.71875,69374.859375,68271.90625,68557.7265625,68557.7265625,154400000
2026-07-13,Nikkei 225,^N225,68410.6328125,69078.2109375,66653.109375,67242.7265625,67242.7265625,137100000
2026-07-14,Nikkei 225,^N225,67002.9375,67800.1796875,66268.6015625,67743.5,67743.5,168500000
2026-07-15,Nikkei 225,^N225,67989.7421875,68798.2421875,67833.171875,68751.5078125,68751.5078125,147400000
2026-07-16,Nikkei 225,^N225,67900.4296875,68069.8203125,66499.4921875,66835.5390625,66835.5390625,148900000
2026-07-17,Nikkei 225,^N225,66339.8515625,66441.7734375,62704.6015625,64141.12109375,64141.12109375,194200000
2026-07-21,Nikkei 225,^N225,64544.05078125,66232.1875,64203.46875,66232.1875,66232.1875,164400000
2026-07-22,Nikkei 225,^N225,66449.2734375,67592.203125,65955.6015625,66115.6015625,66115.6015625,155300000
2026-07-23,Nikkei 225,^N225,66421.0078125,67022.3671875,66208.65625,66422.6015625,66422.6015625,135300000
2026-07-24,Nikkei 225,^N225,65584.25,65720.8125,64201.03125,64611.1484375,64611.1484375,135400000
2026-07-27,Nikkei 225,^N225,65164.98046875,65220.69140625,64123.3984375,64931.19140625,64931.19140625,160800000
2026-07-28,Nikkei 225,^N225,64539.921875,64573.1796875,61923.6015625,62364.921875,62364.921875,187000000
2026-07-29,Nikkei 225,^N225,62734.6796875,63138.0390625,60448.8984375,61434.19140625,61434.19140625,264100000
2026-07-30,Nikkei 225,^N225,61258.33984375,62924.83984375,61049.69921875,61867.4296875,61867.4296875,213700000
2026-07-31,Nikkei 225,^N225,61957.1015625,65364.73046875,61948.23046875,64362.01953125,64362.01953125,228400000
2026-08-03,Nikkei 225,^N225,63834.94921875,63905.12109375,62703.46875,63754.8984375,63754.8984375,202700000
2026-08-04,Nikkei 225,^N225,63995.28125,64240.5,62864.4296875,63957.53125,63957.53125,191800000
2026-08-05,Nikkei 225,^N225,64565.26953125,66302.5234375,64555.51953125,66300.4375,66300.4375,202400000
2026-08-06,Nikkei 225,^N225,65896.0,65983.1328125,64942.0703125,65683.2578125,65683.2578125,191500000
2026-08-07,Nikkei 225,^N225,65746.1328125,65990.71875,64651.48828125,65606.7109375,65606.7109375,205400000
2026-08-10,Nikkei 225,^N225,65905.1015625,67006.84375,65848.578125,66970.21875,66970.21875,164400000
2026-08-12,Nikkei 225,^N225,66994.046875,67569.359375,66735.7578125,67524.0625,67524.0625,170600000
2026-08-13,Nikkei 225,^N225,68033.171875,68799.7109375,68006.171875,68308.59375,68308.59375,169100000
2026-08-14,Nikkei 225,^N225,68811.171875,69608.2421875,68471.1484375,68713.796875,68713.796875,170600000
2025-08-15,Hang Seng,^HSI,25322.099609375,25356.5390625,25167.810546875,25270.0703125,25270.0703125,4157900000
2025-08-18,Hang Seng,^HSI,25293.33984375,25466.099609375,25176.849609375,25176.849609375,25176.849609375,3720500000
2025-08-19,Hang Seng,^HSI,25241.2890625,25260.580078125,25083.19921875,25122.900390625,25122.900390625,3195500000
2025-08-20,Hang Seng,^HSI,24968.5703125,25210.900390625,24887.9296875,25165.939453125,25165.939453125,2984200000
2025-08-21,Hang Seng,^HSI,25216.419921875,25216.419921875,25000.849609375,25104.609375,25104.609375,2861000000
2025-08-22,Hang Seng,^HSI,25205.0390625,25349.080078125,25140.080078125,25339.140625,25339.140625,3359400000
2025-08-25,Hang Seng,^HSI,25606.880859375,25918.859375,25590.619140625,25829.91015625,25829.91015625,4143300000
2025-08-26,Hang Seng,^HSI,25714.91015625,25819.69921875,25524.919921875,25524.919921875,25524.919921875,3635400000
2025-08-27,Hang Seng,^HSI,25626.169921875,25653.919921875,25140.169921875,25201.759765625,25201.759765625,3871200000
2025-08-28,Hang Seng,^HSI,25030.5390625,25093.650390625,24808.779296875,24998.8203125,24998.8203125,4178800000
2025-08-29,Hang Seng,^HSI,25095.44921875,25277.509765625,25066.849609375,25077.619140625,25077.619140625,3818100000
2025-09-01,Hang Seng,^HSI,25508.2109375,25638.33984375,25471.349609375,25617.419921875,25617.419921875,4316800000
2025-09-02,Hang Seng,^HSI,25587.970703125,25724.73046875,25416.609375,25496.55078125,25496.55078125,3811100000
2025-09-03,Hang Seng,^HSI,25660.650390625,25789.990234375,25276.869140625,25343.4296875,25343.4296875,3186200000
2025-09-04,Hang Seng,^HSI,25489.130859375,25494.44921875,25013.259765625,25058.509765625,25058.509765625,3630300000
2025-09-05,Hang Seng,^HSI,25136.240234375,25471.80078125,25090.650390625,25417.98046875,25417.98046875,3739400000
2025-09-08,Hang Seng,^HSI,25440.009765625,25664.009765625,25387.810546875,25633.91015625,25633.91015625,3655000000
2025-09-09,Hang Seng,^HSI,25711.0703125,26027.939453125,25675.279296875,25938.130859375,25938.130859375,3632700000
2025-09-10,Hang Seng,^HSI,26042.41015625,26296.599609375,26017.5,26200.259765625,26200.259765625,3793200000
2025-09-11,Hang Seng,^HSI,25987.490234375,26241.4609375,25878.970703125,26086.3203125,26086.3203125,3992500000
2025-09-12,Hang Seng,^HSI,26539.439453125,26585.94921875,26329.66015625,26388.16015625,26388.16015625,3332500000
2025-09-15,Hang Seng,^HSI,26308.91015625,26532.75,26280.23046875,26446.560546875,26446.560546875,2857700000
2025-09-16,Hang Seng,^HSI,26536.630859375,26601.58984375,26332.2109375,26438.509765625,26438.509765625,2882500000
2025-09-17,Hang Seng,^HSI,26554.189453125,26936.5,26540.5703125,26908.390625,26908.390625,3700800000
2025-09-18,Hang Seng,^HSI,26863.689453125,27058.029296875,26322.080078125,26544.849609375,26544.849609375,4114200000
2025-09-19,Hang Seng,^HSI,26583.029296875,26637.640625,26414.109375,26545.099609375,26545.099609375,4165900000
2025-09-22,Hang Seng,^HSI,26459.51953125,26479.140625,26204.009765625,26344.140625,26344.140625,3298400000
2025-09-23,Hang Seng,^HSI,26435.580078125,26454.08984375,26003.669921875,26159.119140625,26159.119140625,3124500000
2025-09-24,Hang Seng,^HSI,26073.689453125,26562.880859375,26057.259765625,26518.650390625,26518.650390625,3023200000
2025-09-25,Hang Seng,^HSI,26536.130859375,26640.529296875,26403.51953125,26484.6796875,26484.6796875,3687000000
2025-09-26,Hang Seng,^HSI,26272.30078125,26406.05078125,26072.9296875,26128.19921875,26128.19921875,3440600000
2025-09-29,Hang Seng,^HSI,26321.5703125,26687.720703125,26321.5703125,26622.880859375,26622.880859375,3502800000
2025-09-30,Hang Seng,^HSI,26674.16015625,26888.400390625,26558.279296875,26855.560546875,26855.560546875,3501900000
2025-10-02,Hang Seng,^HSI,26918.30078125,27381.83984375,26918.30078125,27287.119140625,27287.119140625,2324600000
2025-10-03,Hang Seng,^HSI,27221.4609375,27262.0,26972.7109375,27140.919921875,27140.919921875,1392000000
2025-10-06,Hang Seng,^HSI,27003.919921875,27145.169921875,26873.33984375,26957.76953125,26957.76953125,1131600000
2025-10-08,Hang Seng,^HSI,26900.640625,26906.19921875,26517.44921875,26829.4609375,26829.4609375,2105700000
2025-10-09,Hang Seng,^HSI,26862.029296875,26978.41015625,26480.580078125,26752.58984375,26752.58984375,4013900000
2025-10-10,Hang Seng,^HSI,26523.890625,26558.869140625,26247.0390625,26290.3203125,26290.3203125,3432000000
2025-10-13,Hang Seng,^HSI,25634.0,25895.619140625,25336.08984375,25889.48046875,25889.48046875,5172800000
2025-10-14,Hang Seng,^HSI,25969.2109375,26102.6796875,25331.640625,25441.349609375,25441.349609375,4753200000
2025-10-15,Hang Seng,^HSI,25714.890625,25982.2109375,25593.44921875,25910.599609375,25910.599609375,3503900000
2025-10-16,Hang Seng,^HSI,25890.009765625,26062.80078125,25687.3203125,25888.509765625,25888.509765625,3380900000
2025-10-17,Hang Seng,^HSI,25851.939453125,25859.8203125,25145.33984375,25247.099609375,25247.099609375,4008400000
2025-10-20,Hang Seng,^HSI,25884.4609375,25912.76953125,25710.609375,25858.830078125,25858.830078125,2901600000
2025-10-21,Hang Seng,^HSI,26160.240234375,26367.349609375,26017.720703125,26027.55078125,26027.55078125,3065000000
2025-10-22,Hang Seng,^HSI,25897.619140625,25947.880859375,25653.75,25781.76953125,25781.76953125,2830300000
2025-10-23,Hang Seng,^HSI,25718.529296875,26080.83984375,25591.66015625,25967.98046875,25967.98046875,3104000000
2025-10-24,Hang Seng,^HSI,26177.109375,26239.9609375,26063.990234375,26160.150390625,26160.150390625,2592100000
2025-10-27,Hang Seng,^HSI,26495.970703125,26495.970703125,26319.220703125,26433.69921875,26433.69921875,3164600000
2025-10-28,Hang Seng,^HSI,26508.75,26519.240234375,26245.330078125,26346.140625,26346.140625,2857300000
2025-10-30,Hang Seng,^HSI,26545.919921875,26588.890625,26138.7890625,26282.689453125,26282.689453125,4318800000
2025-10-31,Hang Seng,^HSI,26263.009765625,26283.9609375,25906.650390625,25906.650390625,25906.650390625,3378200000
2025-11-03,Hang Seng,^HSI,25999.169921875,26217.119140625,25920.26953125,26158.359375,26158.359375,1789700000
2025-11-04,Hang Seng,^HSI,26148.0703125,26291.650390625,25911.7890625,25952.400390625,25952.400390625,3421200000
2025-11-05,Hang Seng,^HSI,25701.630859375,25980.900390625,25496.130859375,25935.41015625,25935.41015625,2770000000
2025-11-06,Hang Seng,^HSI,26061.580078125,26490.7109375,26061.580078125,26485.900390625,26485.900390625,2705200000
2025-11-07,Hang Seng,^HSI,26350.740234375,26371.4609375,26167.23046875,26241.830078125,26241.830078125,2695900000
2025-11-10,Hang Seng,^HSI,26319.400390625,26668.890625,26302.9296875,26649.060546875,26649.060546875,3124500000
2025-11-11,Hang Seng,^HSI,26748.08984375,26788.4296875,26511.25,26696.41015625,26696.41015625,2417600000
2025-11-12,Hang Seng,^HSI,26754.9296875,27016.400390625,26739.08984375,26922.73046875,26922.73046875,3437300000
2025-11-13,Hang Seng,^HSI,26779.48046875,27188.810546875,26733.2109375,27073.029296875,27073.029296875,3285700000
2025-11-14,Hang Seng,^HSI,26660.310546875,26881.880859375,26535.419921875,26572.4609375,26572.4609375,2809900000
2025-11-17,Hang Seng,^HSI,26441.69921875,26531.80078125,26252.359375,26384.279296875,26384.279296875,2521100000
2025-11-18,Hang Seng,^HSI,26172.26953125,26188.8203125,25821.83984375,25930.029296875,25930.029296875,3514100000
2025-11-19,Hang Seng,^HSI,25954.23046875,26045.369140625,25742.0703125,25830.650390625,25830.650390625,2886700000
2025-11-20,Hang Seng,^HSI,25999.779296875,26046.759765625,25692.130859375,25835.5703125,25835.5703125,2979200000
2025-11-21,Hang Seng,^HSI,25460.419921875,25483.669921875,25178.630859375,25220.01953125,25220.01953125,3957900000
2025-11-24,Hang Seng,^HSI,25452.869140625,25770.44921875,25369.2890625,25716.5,25716.5,4422700000
2025-11-25,Hang Seng,^HSI,25948.900390625,26069.220703125,25740.5390625,25894.55078125,25894.55078125,2962100000
2025-11-26,Hang Seng,^HSI,26046.740234375,26136.26953125,25907.060546875,25928.080078125,25928.080078125,2564700000
2025-11-27,Hang Seng,^HSI,25945.5390625,26123.689453125,25822.66015625,25945.9296875,25945.9296875,2682700000
2025-11-28,Hang Seng,^HSI,26011.060546875,26011.060546875,25807.55078125,25858.890625,25858.890625,1961600000
2025-12-01,Hang Seng,^HSI,25945.869140625,26179.720703125,25913.98046875,26033.259765625,26033.259765625,2318600000
2025-12-02,Hang Seng,^HSI,26188.55078125,26264.130859375,25989.44921875,26095.05078125,26095.05078125,2453000000
2025-12-03,Hang Seng,^HSI,25980.890625,25996.880859375,25724.8203125,25760.73046875,25760.73046875,2176600000
2025-12-04,Hang Seng,^HSI,25804.009765625,25990.73046875,25649.30078125,25935.900390625,25935.900390625,2169200000
2025-12-05,Hang Seng,^HSI,25833.109375,26131.609375,25758.169921875,26085.080078125,26085.080078125,2973100000
2025-12-08,Hang Seng,^HSI,26067.859375,26151.4609375,25755.009765625,25765.359375,25765.359375,2923100000
2025-12-09,Hang Seng,^HSI,25780.970703125,25820.310546875,25386.580078125,25434.23046875,25434.23046875,2858700000
2025-12-10,Hang Seng,^HSI,25435.490234375,25540.779296875,25257.609375,25540.779296875,25540.779296875,2729900000
2025-12-11,Hang Seng,^HSI,25710.609375,25801.33984375,25471.5,25530.509765625,25530.509765625,2352600000
2025-12-12,Hang Seng,^HSI,25761.41015625,26006.470703125,25697.4296875,25976.7890625,25976.7890625,3219500000
2025-12-15,Hang Seng,^HSI,25718.140625,25824.439453125,25609.279296875,25628.880859375,25628.880859375,2803200000
2025-12-16,Hang Seng,^HSI,25547.919921875,25547.919921875,25086.5390625,25235.41015625,25235.41015625,2917700000
2025-12-17,Hang Seng,^HSI,25243.58984375,25494.939453125,25168.189453125,25468.779296875,25468.779296875,2471900000
2025-12-18,Hang Seng,^HSI,25330.830078125,25511.83984375,25261.380859375,25498.130859375,25498.130859375,2613500000
2025-12-19,Hang Seng,^HSI,25634.220703125,25747.009765625,25545.919921875,25690.529296875,25690.529296875,3358000000
2025-12-22,Hang Seng,^HSI,25795.939453125,25859.609375,25671.330078125,25801.76953125,25801.76953125,2362100000
2025-12-23,Hang Seng,^HSI,25875.849609375,25927.66015625,25726.44921875,25774.140625,25774.140625,2240900000
2025-12-24,Hang Seng,^HSI,25780.08984375,25890.869140625,25772.869140625,25818.9296875,25818.9296875,1236300000
2025-12-29,Hang Seng,^HSI,25928.890625,26082.939453125,25630.75,25635.23046875,25635.23046875,2931600000
2025-12-30,Hang Seng,^HSI,25636.400390625,25930.220703125,25611.23046875,25854.599609375,25854.599609375,3138100000
2025-12-31,Hang Seng,^HSI,25801.490234375,25808.51953125,25554.310546875,25630.5390625,25630.5390625,1651000000
2026-01-02,Hang Seng,^HSI,25717.419921875,26345.630859375,25717.419921875,26338.470703125,26338.470703125,1489700000
2026-01-05,Hang Seng,^HSI,26361.439453125,26445.5,26256.0,26347.240234375,26347.240234375,3692200000
2026-01-06,Hang Seng,^HSI,26502.400390625,26858.130859375,26498.359375,26710.44921875,26710.44921875,3800900000
2026-01-07,Hang Seng,^HSI,26601.830078125,26616.939453125,26313.509765625,26458.94921875,26458.94921875,3645300000
2026-01-08,Hang Seng,^HSI,26302.779296875,26305.689453125,25960.33984375,26149.310546875,26149.310546875,3243300000
2026-01-09,Hang Seng,^HSI,26272.5390625,26299.3203125,26114.41015625,26231.7890625,26231.7890625,3241700000
2026-01-12,Hang Seng,^HSI,26376.83984375,26608.48046875,26187.759765625,26608.48046875,26608.48046875,3599600000
2026-01-13,Hang Seng,^HSI,26958.51953125,27143.66015625,26729.5390625,26848.470703125,26848.470703125,3691700000
2026-01-14,Hang Seng,^HSI,26971.970703125,27097.720703125,26780.26953125,26999.810546875,26999.810546875,4849600000
2026-01-15,Hang Seng,^HSI,26972.359375,27206.83984375,26808.349609375,26923.619140625,26923.619140625,3573700000
2026-01-16,Hang Seng,^HSI,27094.849609375,27176.310546875,26741.5390625,26844.9609375,26844.9609375,3365900000
2026-01-19,Hang Seng,^HSI,26641.599609375,26715.580078125,26533.669921875,26563.900390625,26563.900390625,2742400000
2026-01-20,Hang Seng,^HSI,26544.900390625,26638.55078125,26363.859375,26487.509765625,26487.509765625,2770800000
2026-01-21,Hang Seng,^HSI,26397.0390625,26692.779296875,26397.0390625,26585.060546875,26585.060546875,2998700000
2026-01-22,Hang Seng,^HSI,26750.509765625,26779.220703125,26499.140625,26629.9609375,26629.9609375,2990900000
2026-01-23,Hang Seng,^HSI,26861.359375,26895.939453125,26689.73046875,26749.509765625,26749.509765625,2803500000
2026-01-26,Hang Seng,^HSI,26844.0390625,26911.439453125,26619.830078125,26765.51953125,26765.51953125,2926500000
2026-01-27,Hang Seng,^HSI,26863.150390625,27188.900390625,26829.7109375,27126.94921875,27126.94921875,3063200000
2026-01-28,Hang Seng,^HSI,27325.890625,27826.91015625,27258.099609375,27826.91015625,27826.91015625,5050200000
2026-01-29,Hang Seng,^HSI,27627.109375,28056.099609375,27611.900390625,27968.08984375,27968.08984375,4396400000
2026-01-30,Hang Seng,^HSI,27785.98046875,27887.240234375,27384.01953125,27387.109375,27387.109375,4427500000
2026-02-02,Hang Seng,^HSI,27097.33984375,27100.08984375,26507.619140625,26775.5703125,26775.5703125,4835000000
2026-02-03,Hang Seng,^HSI,26995.759765625,27126.48046875,26431.80078125,26834.76953125,26834.76953125,3425200000
2026-02-04,Hang Seng,^HSI,26797.05078125,27004.220703125,26593.1796875,26847.3203125,26847.3203125,2984800000
2026-02-05,Hang Seng,^HSI,26627.94921875,26919.390625,26410.76953125,26885.240234375,26885.240234375,3189800000
2026-02-06,Hang Seng,^HSI,26354.33984375,26710.33984375,26295.029296875,26559.94921875,26559.94921875,2913300000
2026-02-09,Hang Seng,^HSI,26982.490234375,27111.5390625,26879.099609375,27027.16015625,27027.16015625,2734500000
2026-02-10,Hang Seng,^HSI,27202.9609375,27397.650390625,27104.8203125,27183.150390625,27183.150390625,2554300000
2026-02-11,Hang Seng,^HSI,27246.1796875,27325.98046875,27133.76953125,27266.380859375,27266.380859375,2403700000
2026-02-12,Hang Seng,^HSI,27210.560546875,27215.630859375,26932.560546875,27032.5390625,27032.5390625,2668800000
2026-02-13,Hang Seng,^HSI,26640.16015625,26774.439453125,26444.4609375,26567.119140625,26567.119140625,2489000000
2026-02-16,Hang Seng,^HSI,26501.19921875,26734.41015625,26382.41015625,26705.939453125,26705.939453125,808500000
2026-02-20,Hang Seng,^HSI,26657.83984375,26694.33984375,26356.9609375,26413.349609375,26413.349609375,1694800000
2026-02-23,Hang Seng,^HSI,26798.970703125,27156.279296875,26798.970703125,27081.91015625,27081.91015625,1816400000
2026-02-24,Hang Seng,^HSI,26913.6796875,26913.6796875,26480.859375,26590.3203125,26590.3203125,2683800000
2026-02-25,Hang Seng,^HSI,26745.19921875,26870.029296875,26632.529296875,26765.720703125,26765.720703125,2499400000
2026-02-26,Hang Seng,^HSI,27019.740234375,27024.0703125,26373.009765625,26381.01953125,26381.01953125,2901200000
2026-02-27,Hang Seng,^HSI,26447.05078125,26701.5,26375.69921875,26630.5390625,26630.5390625,3294400000
2026-03-02,Hang Seng,^HSI,26305.580078125,26403.849609375,25882.94921875,26059.849609375,26059.849609375,4593500000
2026-03-03,Hang Seng,^HSI,26190.240234375,26218.9296875,25727.0,25768.080078125,25768.080078125,4705200000
2026-03-04,Hang Seng,^HSI,25469.33984375,25470.05078125,24958.4296875,25249.48046875,25249.48046875,4703700000
2026-03-05,Hang Seng,^HSI,25583.650390625,25736.599609375,25236.6796875,25321.33984375,25321.33984375,3484200000
2026-03-06,Hang Seng,^HSI,25358.560546875,25806.720703125,25267.630859375,25757.2890625,25757.2890625,3669800000
2026-03-09,Hang Seng,^HSI,25075.740234375,25442.619140625,24906.0,25408.4609375,25408.4609375,5300800000
2026-03-10,Hang Seng,^HSI,25740.2890625,25959.900390625,25611.7890625,25959.900390625,25959.900390625,3518600000
2026-03-11,Hang Seng,^HSI,26112.080078125,26149.640625,25819.099609375,25898.759765625,25898.759765625,3144800000
2026-03-12,Hang Seng,^HSI,25719.470703125,25932.580078125,25521.150390625,25716.759765625,25716.759765625,3046500000
2026-03-13,Hang Seng,^HSI,25583.55078125,25697.169921875,25419.869140625,25465.599609375,25465.599609375,2786100000
2026-03-16,Hang Seng,^HSI,25436.26953125,25856.73046875,25317.810546875,25834.01953125,25834.01953125,3018100000
2026-03-17,Hang Seng,^HSI,25938.4296875,26250.140625,25844.94921875,25868.5390625,25868.5390625,2901400000
2026-03-18,Hang Seng,^HSI,25923.029296875,26117.94921875,25791.8203125,26025.419921875,26025.419921875,2536000000
2026-03-19,Hang Seng,^HSI,25550.560546875,25737.830078125,25449.060546875,25500.580078125,25500.580078125,3552300000
2026-03-20,Hang Seng,^HSI,25337.279296875,25563.880859375,25121.4609375,25277.3203125,25277.3203125,4602500000
2026-03-23,Hang Seng,^HSI,24789.140625,24789.140625,24203.5390625,24382.470703125,24382.470703125,5094400000
2026-03-24,Hang Seng,^HSI,24759.8203125,25077.08984375,24555.5,25063.7109375,25063.7109375,3890700000
2026-03-25,Hang Seng,^HSI,25280.51953125,25390.30078125,25015.19921875,25335.94921875,25335.94921875,4574700000
2026-03-26,Hang Seng,^HSI,25267.16015625,25278.029296875,24793.099609375,24856.4296875,24856.4296875,3973700000
2026-03-27,Hang Seng,^HSI,24768.66015625,25095.5703125,24712.919921875,24951.880859375,24951.880859375,3409200000
2026-03-30,Hang Seng,^HSI,24532.849609375,24811.859375,24409.5703125,24750.7890625,24750.7890625,4149100000
2026-03-31,Hang Seng,^HSI,24818.19921875,24988.529296875,24559.5703125,24788.140625,24788.140625,3804700000
2026-04-01,Hang Seng,^HSI,25357.23046875,25429.759765625,25203.689453125,25294.029296875,25294.029296875,3857700000
2026-04-02,Hang Seng,^HSI,25254.490234375,25254.490234375,24901.76953125,25116.529296875,25116.529296875,3194600000
2026-04-08,Hang Seng,^HSI,25772.560546875,25934.1796875,25668.669921875,25893.01953125,25893.01953125,4871300000
2026-04-09,Hang Seng,^HSI,25756.41015625,25854.80078125,25653.630859375,25752.400390625,25752.400390625,2918000000
2026-04-10,Hang Seng,^HSI,25891.880859375,26073.970703125,25843.650390625,25893.5390625,25893.5390625,2572900000
2026-04-13,Hang Seng,^HSI,25708.640625,25717.380859375,25508.529296875,25660.849609375,25660.849609375,2288800000
2026-04-14,Hang Seng,^HSI,25929.400390625,25995.08984375,25668.529296875,25872.3203125,25872.3203125,2707100000
2026-04-15,Hang Seng,^HSI,26168.25,26216.580078125,25947.3203125,25947.3203125,25947.3203125,3021700000
2026-04-16,Hang Seng,^HSI,26122.80078125,26403.0703125,26122.80078125,26394.259765625,26394.259765625,2805500000
2026-04-17,Hang Seng,^HSI,26210.970703125,26280.9609375,26015.439453125,26160.330078125,26160.330078125,2793200000
2026-04-20,Hang Seng,^HSI,26204.609375,26411.689453125,26094.640625,26361.0703125,26361.0703125,2873200000
2026-04-21,Hang Seng,^HSI,26442.2890625,26529.490234375,26342.01953125,26487.48046875,26487.48046875,2460000000
2026-04-22,Hang Seng,^HSI,26303.599609375,26303.599609375,26073.44921875,26163.240234375,26163.240234375,2562100000
2026-04-23,Hang Seng,^HSI,26098.810546875,26115.0703125,25840.55078125,25915.19921875,25915.19921875,2607800000
2026-04-24,Hang Seng,^HSI,25733.609375,26004.58984375,25639.259765625,25978.0703125,25978.0703125,2885800000
2026-04-27,Hang Seng,^HSI,25976.970703125,26086.01953125,25858.240234375,25925.650390625,25925.650390625,2601400000
2026-04-28,Hang Seng,^HSI,25814.369140625,25896.66015625,25609.609375,25679.779296875,25679.779296875,3263600000
2026-04-29,Hang Seng,^HSI,25842.630859375,26132.939453125,25811.4609375,26111.83984375,26111.83984375,3783200000
2026-04-30,Hang Seng,^HSI,26008.3203125,26072.240234375,25734.16015625,25776.529296875,25776.529296875,4129700000
2026-05-04,Hang Seng,^HSI,26138.33984375,26326.439453125,26091.859375,26095.880859375,26095.880859375,1811100000
2026-05-05,Hang Seng,^HSI,25945.75,25945.75,25690.359375,25898.609375,25898.609375,1482000000
2026-05-06,Hang Seng,^HSI,26029.650390625,26213.779296875,25877.8203125,26213.779296875,26213.779296875,3544300000
2026-05-07,Hang Seng,^HSI,26531.349609375,26669.259765625,26518.7890625,26626.279296875,26626.279296875,3989000000
2026-05-08,Hang Seng,^HSI,26359.7890625,26470.490234375,26274.80078125,26393.7109375,26393.7109375,3061200000
2026-05-11,Hang Seng,^HSI,26310.869140625,26427.140625,26219.259765625,26406.83984375,26406.83984375,3079500000
2026-05-12,Hang Seng,^HSI,26497.029296875,26592.369140625,26328.83984375,26347.91015625,26347.91015625,3082300000
2026-05-13,Hang Seng,^HSI,26369.990234375,26458.900390625,26220.119140625,26388.439453125,26388.439453125,2820400000
2026-05-14,Hang Seng,^HSI,26836.66015625,26844.80078125,26366.859375,26389.0390625,26389.0390625,3124300000
2026-05-15,Hang Seng,^HSI,26391.01953125,26391.01953125,25847.150390625,25962.73046875,25962.73046875,3259900000
2026-05-18,Hang Seng,^HSI,25838.9609375,25838.9609375,25505.7109375,25675.1796875,25675.1796875,3017100000
2026-05-19,Hang Seng,^HSI,25693.369140625,25845.4609375,25671.119140625,25797.849609375,25797.849609375,3100100000
2026-05-20,Hang Seng,^HSI,25709.619140625,25713.529296875,25555.060546875,25651.119140625,25651.119140625,2859500000
2026-05-21,Hang Seng,^HSI,25833.240234375,25833.7109375,25341.73046875,25386.51953125,25386.51953125,3027700000
2026-05-22,Hang Seng,^HSI,25641.80078125,25732.359375,25483.240234375,25606.029296875,25606.029296875,3280800000
2026-05-26,Hang Seng,^HSI,25622.359375,25768.380859375,25431.169921875,25599.44921875,25599.44921875,4082800000
2026-05-27,Hang Seng,^HSI,25608.779296875,25638.41015625,25258.029296875,25328.23046875,25328.23046875,3717100000
2026-05-28,Hang Seng,^HSI,25230.580078125,25230.580078125,24727.259765625,25006.16015625,25006.16015625,4237000000
2026-05-29,Hang Seng,^HSI,25161.51953125,25313.330078125,25055.80078125,25182.390625,25182.390625,6766100000
2026-06-01,Hang Seng,^HSI,25180.05078125,25486.759765625,25174.30078125,25398.1796875,25398.1796875,3703000000
2026-06-02,Hang Seng,^HSI,25395.0703125,26045.0703125,25394.640625,26038.3203125,26038.3203125,3751300000
2026-06-03,Hang Seng,^HSI,25953.009765625,25953.009765625,25569.44921875,25633.2109375,25633.2109375,3174800000
2026-06-04,Hang Seng,^HSI,25465.30078125,25499.08984375,25188.01953125,25253.400390625,25253.400390625,2783000000
2026-06-05,Hang Seng,^HSI,25186.119140625,25216.1796875,24928.140625,24961.94921875,24961.94921875,3574800000
2026-06-08,Hang Seng,^HSI,24582.91015625,24837.98046875,24458.5390625,24657.060546875,24657.060546875,3806700000
2026-06-09,Hang Seng,^HSI,24551.9296875,24740.650390625,24486.390625,24565.900390625,24565.900390625,3359000000
2026-06-10,Hang Seng,^HSI,24442.51953125,24505.9609375,24207.029296875,24407.9609375,24407.9609375,3942300000
2026-06-11,Hang Seng,^HSI,24380.01953125,24492.7109375,23999.669921875,24249.2890625,24249.2890625,3420800000
2026-06-12,Hang Seng,^HSI,24501.5,24771.609375,24445.509765625,24718.099609375,24718.099609375,3751900000
2026-06-15,Hang Seng,^HSI,25001.419921875,25047.900390625,24796.30078125,24842.669921875,24842.669921875,3636200000
2026-06-16,Hang Seng,^HSI,24826.189453125,24844.98046875,24378.689453125,24493.94921875,24493.94921875,3145200000
2026-06-17,Hang Seng,^HSI,24495.849609375,24560.189453125,24254.0703125,24312.16015625,24312.16015625,3055000000
2026-06-18,Hang Seng,^HSI,24145.189453125,24163.25,23749.990234375,23924.810546875,23924.810546875,4835300000
2026-06-22,Hang Seng,^HSI,23811.759765625,23863.7109375,23444.859375,23768.51953125,23768.51953125,4050300000
2026-06-23,Hang Seng,^HSI,23800.01953125,23825.810546875,23252.130859375,23336.279296875,23336.279296875,3689200000
2026-06-24,Hang Seng,^HSI,23420.69921875,23565.650390625,23248.869140625,23412.1796875,23412.1796875,3460100000
2026-06-25,Hang Seng,^HSI,23388.5,23388.5,22978.58984375,23076.91015625,23076.91015625,4265700000
2026-06-26,Hang Seng,^HSI,22952.08984375,22962.4609375,22518.0,22671.859375,22671.859375,4194500000
2026-06-29,Hang Seng,^HSI,22827.650390625,23183.169921875,22783.640625,23026.6796875,23026.6796875,3457600000
2026-06-30,Hang Seng,^HSI,23007.869140625,23086.849609375,22685.140625,22881.01953125,22881.01953125,4494700000
2026-07-02,Hang Seng,^HSI,23071.4296875,23335.919921875,22953.69921875,23055.029296875,23055.029296875,4144500000
2026-07-03,Hang Seng,^HSI,23240.849609375,23516.69921875,23226.19921875,23350.029296875,23350.029296875,3394600000
2026-07-06,Hang Seng,^HSI,23404.609375,23686.560546875,23229.380859375,23616.3203125,23616.3203125,3396900000
2026-07-07,Hang Seng,^HSI,23568.490234375,23820.919921875,23398.26953125,23496.890625,23496.890625,3693000000
2026-07-08,Hang Seng,^HSI,23541.220703125,24310.919921875,23541.220703125,24199.4609375,24199.4609375,4447700000
2026-07-09,Hang Seng,^HSI,24181.33984375,24353.759765625,23917.3203125,24030.1796875,24030.1796875,3666200000
2026-07-10,Hang Seng,^HSI,24213.439453125,24499.630859375,24064.619140625,24175.119140625,24175.119140625,3340800000
2026-07-13,Hang Seng,^HSI,24157.650390625,24449.76953125,24095.73046875,24213.720703125,24213.720703125,2991300000
2026-07-14,Hang Seng,^HSI,24181.51953125,24436.580078125,23902.05078125,24340.73046875,24340.73046875,3571400000
2026-07-15,Hang Seng,^HSI,24551.33984375,24774.83984375,24449.529296875,24681.099609375,24681.099609375,3246900000
2026-07-16,Hang Seng,^HSI,24825.01953125,25221.439453125,24825.01953125,25008.599609375,25008.599609375,3436100000
2026-07-17,Hang Seng,^HSI,25022.5390625,25166.560546875,24332.509765625,24562.240234375,24562.240234375,3747400000
2026-07-20,Hang Seng,^HSI,24835.029296875,25155.55078125,24756.359375,25143.05078125,25143.05078125,3338100000
2026-07-21,Hang Seng,^HSI,25150.5390625,25253.650390625,24991.390625,25132.2890625,25132.2890625,2894600000
2026-07-22,Hang Seng,^HSI,24978.900390625,25040.26953125,24802.060546875,24892.66015625,24892.66015625,3032900000
2026-07-23,Hang Seng,^HSI,24966.529296875,25267.390625,24876.830078125,25210.810546875,25210.810546875,2700200000
2026-07-24,Hang Seng,^HSI,24932.5,25031.33984375,24812.5,24963.23046875,24963.23046875,2473400000
2026-07-27,Hang Seng,^HSI,24993.76953125,25276.9609375,24938.33984375,25207.1796875,25207.1796875,2630100000
2026-07-28,Hang Seng,^HSI,25271.94921875,25440.6796875,25069.849609375,25310.849609375,25310.849609375,3084100000
2026-07-29,Hang Seng,^HSI,25487.16015625,25808.9296875,25487.16015625,25807.919921875,25807.919921875,3870400000
2026-07-30,Hang Seng,^HSI,25875.830078125,25971.630859375,25657.330078125,25858.880859375,25858.880859375,3743800000
2026-07-31,Hang Seng,^HSI,25837.720703125,25917.19921875,25622.919921875,25884.4296875,25884.4296875,3585400000
2026-08-03,Hang Seng,^HSI,25987.310546875,26133.880859375,25811.740234375,26009.400390625,26009.400390625,2923000000
2026-08-04,Hang Seng,^HSI,26090.98046875,26187.5703125,25768.0390625,25852.919921875,25852.919921875,2918600000
2026-08-05,Hang Seng,^HSI,25890.990234375,25973.939453125,25729.859375,25915.8203125,25915.8203125,2917300000
2026-08-06,Hang Seng,^HSI,25667.140625,25667.140625,25389.419921875,25530.279296875,25530.279296875,2855000000
2026-08-07,Hang Seng,^HSI,25526.650390625,25669.51953125,25393.130859375,25668.029296875,25668.029296875,2757400000
2026-08-10,Hang Seng,^HSI,25805.1796875,25957.75,25720.4609375,25937.490234375,25937.490234375,2409300000
2026-08-11,Hang Seng,^HSI,25998.58984375,26060.3203125,25647.66015625,25652.8203125,25652.8203125,2336000000
2026-08-12,Hang Seng,^HSI,25498.390625,25498.390625,25323.330078125,25440.169921875,25440.169921875,2380400000
2026-08-13,Hang Seng,^HSI,25288.0703125,25519.390625,25288.0703125,25396.509765625,25396.509765625,2868700000
2026-08-14,Hang Seng,^HSI,25219.150390625,25311.859375,25089.140625,25116.849609375,25116.849609375,2526200000
2025-08-18,KOSPI,^KS11,3202.6298828125,3206.77001953125,3177.280029296875,3177.280029296875,3177.280029296875,326100
2025-08-19,KOSPI,^KS11,3185.0400390625,3185.47998046875,3142.47998046875,3151.56005859375,3151.56005859375,285300
2025-08-20,KOSPI,^KS11,3121.52001953125,3132.830078125,3079.27001953125,3130.090087890625,3130.090087890625,335300
2025-08-21,KOSPI,^KS11,3140.7099609375,3166.5400390625,3134.860107421875,3141.739990234375,3141.739990234375,276900
2025-08-22,KOSPI,^KS11,3165.409912109375,3181.949951171875,3159.449951171875,3168.72998046875,3168.72998046875,236800
2025-08-25,KOSPI,^KS11,3195.139892578125,3209.860107421875,3180.1201171875,3209.860107421875,3209.860107421875,220200
2025-08-26,KOSPI,^KS11,3199.919921875,3199.919921875,3175.31005859375,3179.360107421875,3179.360107421875,325400
2025-08-27,KOSPI,^KS11,3185.8701171875,3189.31005859375,3165.77001953125,3187.159912109375,3187.159912109375,281700
2025-08-28,KOSPI,^KS11,3175.330078125,3211.340087890625,3164.080078125,3196.320068359375,3196.320068359375,312200
2025-08-29,KOSPI,^KS11,3208.800048828125,3212.68994140625,3184.47998046875,3186.010009765625,3186.010009765625,245100
2025-09-01,KOSPI,^KS11,3164.580078125,3177.39990234375,3135.02001953125,3142.929931640625,3142.929931640625,260100
2025-09-02,KOSPI,^KS11,3155.72998046875,3174.159912109375,3151.929931640625,3172.35009765625,3172.35009765625,310700
2025-09-03,KOSPI,^KS11,3177.75,3187.47998046875,3167.22998046875,3184.419921875,3184.419921875,335800
2025-09-04,KOSPI,^KS11,3188.840087890625,3205.610107421875,3185.489990234375,3200.830078125,3200.830078125,286300
2025-09-05,KOSPI,^KS11,3208.830078125,3214.639892578125,3196.18994140625,3205.1201171875,3205.1201171875,323800
2025-09-08,KOSPI,^KS11,3209.81005859375,3221.139892578125,3206.340087890625,3219.590087890625,3219.590087890625,372300
2025-09-09,KOSPI,^KS11,3231.31005859375,3260.050048828125,3221.97998046875,3260.050048828125,3260.050048828125,439900
2025-09-10,KOSPI,^KS11,3272.199951171875,3317.77001953125,3272.070068359375,3314.530029296875,3314.530029296875,564700
2025-09-11,KOSPI,^KS11,3336.60009765625,3344.699951171875,3311.860107421875,3344.199951171875,3344.199951171875,435600
2025-09-12,KOSPI,^KS11,3374.64990234375,3395.5400390625,3362.860107421875,3395.5400390625,3395.5400390625,448900
2025-09-15,KOSPI,^KS11,3407.780029296875,3420.22998046875,3391.330078125,3407.31005859375,3407.31005859375,378900
2025-09-16,KOSPI,^KS11,3421.1298828125,3452.5,3418.10009765625,3449.6201171875,3449.6201171875,406200
2025-09-17,KOSPI,^KS11,3433.830078125,3433.830078125,3406.75,3413.39990234375,3413.39990234375,326600
2025-09-18,KOSPI,^KS11,3432.77001953125,3461.300048828125,3422.77001953125,3461.300048828125,3461.300048828125,391200
2025-09-19,KOSPI,^KS11,3461.22998046875,3467.889892578125,3434.610107421875,3445.239990234375,3445.239990234375,348800
2025-09-22,KOSPI,^KS11,3463.840087890625,3482.25,3458.8701171875,3468.64990234375,3468.64990234375,287900
2025-09-23,KOSPI,^KS11,3489.4599609375,3494.489990234375,3467.830078125,3486.18994140625,3486.18994140625,358300
2025-09-24,KOSPI,^KS11,3492.030029296875,3497.949951171875,3442.409912109375,3472.139892578125,3472.139892578125,287100
2025-09-25,KOSPI,^KS11,3458.97998046875,3479.419921875,3454.080078125,3471.110107421875,3471.110107421875,293100
2025-09-26,KOSPI,^KS11,3440.389892578125,3441.909912109375,3365.72998046875,3386.050048828125,3386.050048828125,399200
2025-09-29,KOSPI,^KS11,3414.429931640625,3439.1201171875,3413.330078125,3431.2099609375,3431.2099609375,416500
2025-09-30,KOSPI,^KS11,3436.0,3443.3798828125,3421.889892578125,3424.60009765625,3424.60009765625,526400
2025-10-01,KOSPI,^KS11,3444.06005859375,3459.739990234375,3440.419921875,3455.830078125,3455.830078125,493600
2025-10-02,KOSPI,^KS11,3525.47998046875,3565.9599609375,3512.159912109375,3549.2099609375,3549.2099609375,402100
2025-10-10,KOSPI,^KS11,3598.110107421875,3617.860107421875,3569.43994140625,3610.60009765625,3610.60009765625,407400
2025-10-13,KOSPI,^KS11,3550.080078125,3584.550048828125,3522.5400390625,3584.550048828125,3584.550048828125,408000
2025-10-14,KOSPI,^KS11,3604.1201171875,3646.77001953125,3535.52001953125,3561.81005859375,3561.81005859375,734100
2025-10-15,KOSPI,^KS11,3580.639892578125,3659.909912109375,3577.06005859375,3657.280029296875,3657.280029296875,543600
2025-10-16,KOSPI,^KS11,3675.820068359375,3748.3701171875,3675.820068359375,3748.3701171875,3748.3701171875,495800
2025-10-17,KOSPI,^KS11,3732.760009765625,3794.8701171875,3722.070068359375,3748.889892578125,3748.889892578125,420800
2025-10-20,KOSPI,^KS11,3775.39990234375,3814.68994140625,3728.3798828125,3814.68994140625,3814.68994140625,410100
2025-10-21,KOSPI,^KS11,3851.010009765625,3893.06005859375,3816.18994140625,3823.840087890625,3823.840087890625,526900
2025-10-22,KOSPI,^KS11,3827.22998046875,3883.679931640625,3794.52001953125,3883.679931640625,3883.679931640625,597200
2025-10-23,KOSPI,^KS11,3835.7900390625,3902.2099609375,3822.330078125,3845.56005859375,3845.56005859375,423600
2025-10-24,KOSPI,^KS11,3893.22998046875,3951.070068359375,3886.639892578125,3941.590087890625,3941.590087890625,426900
2025-10-27,KOSPI,^KS11,3999.7900390625,4042.830078125,3999.7900390625,4042.830078125,4042.830078125,517000
2025-10-28,KOSPI,^KS11,4010.469970703125,4018.219970703125,3972.56005859375,4010.409912109375,4010.409912109375,408200
2025-10-29,KOSPI,^KS11,4061.5400390625,4084.090087890625,4014.840087890625,4081.14990234375,4081.14990234375,466900
2025-10-30,KOSPI,^KS11,4105.9501953125,4146.72021484375,4070.7900390625,4086.889892578125,4086.889892578125,566500
2025-10-31,KOSPI,^KS11,4083.25,4122.08984375,4059.739990234375,4107.5,4107.5,408300
2025-11-03,KOSPI,^KS11,4123.35986328125,4221.919921875,4123.35986328125,4221.8701171875,4221.8701171875,472700
2025-11-04,KOSPI,^KS11,4219.240234375,4226.75,4117.91015625,4121.740234375,4121.740234375,423500
2025-11-05,KOSPI,^KS11,4055.469970703125,4055.469970703125,3867.81005859375,4004.419921875,4004.419921875,594200
2025-11-06,KOSPI,^KS11,4092.4599609375,4111.9599609375,3985.2900390625,4026.449951171875,4026.449951171875,423400
2025-11-07,KOSPI,^KS11,3963.719970703125,4037.610107421875,3887.320068359375,3953.760009765625,3953.760009765625,377100
2025-11-10,KOSPI,^KS11,3991.8701171875,4092.909912109375,3984.239990234375,4073.239990234375,4073.239990234375,339500
2025-11-11,KOSPI,^KS11,4124.2998046875,4187.4599609375,4066.580078125,4106.39013671875,4106.39013671875,377600
2025-11-12,KOSPI,^KS11,4097.43994140625,4154.6201171875,4088.860107421875,4150.39013671875,4150.39013671875,334600
2025-11-13,KOSPI,^KS11,4127.56982421875,4188.5400390625,4123.83984375,4170.6298828125,4170.6298828125,424200
2025-11-14,KOSPI,^KS11,4061.909912109375,4092.760009765625,4011.39990234375,4011.570068359375,4011.570068359375,400000
2025-11-17,KOSPI,^KS11,4078.570068359375,4089.8798828125,4045.39990234375,4089.25,4089.25,344100
2025-11-18,KOSPI,^KS11,4044.469970703125,4072.409912109375,3953.260009765625,3953.6201171875,3953.6201171875,319700
2025-11-19,KOSPI,^KS11,3966.639892578125,3966.639892578125,3854.949951171875,3929.510009765625,3929.510009765625,338200
2025-11-20,KOSPI,^KS11,4030.969970703125,4059.3701171875,4001.31005859375,4004.85009765625,4004.85009765625,360300
2025-11-21,KOSPI,^KS11,3908.699951171875,3911.550048828125,3838.4599609375,3853.260009765625,3853.260009765625,319300
2025-11-24,KOSPI,^KS11,3915.159912109375,3917.159912109375,3838.199951171875,3846.06005859375,3846.06005859375,373100
2025-11-25,KOSPI,^KS11,3942.360107421875,3946.610107421875,3833.35009765625,3857.780029296875,3857.780029296875,279300
2025-11-26,KOSPI,^KS11,3891.8798828125,3960.8701171875,3866.659912109375,3960.8701171875,3960.8701171875,295300
2025-11-27,KOSPI,^KS11,3989.449951171875,4023.419921875,3968.429931640625,3986.909912109375,3986.909912109375,257900
2025-11-28,KOSPI,^KS11,3995.300048828125,3995.300048828125,3921.889892578125,3926.590087890625,3926.590087890625,241900
2025-12-01,KOSPI,^KS11,3967.919921875,3977.31005859375,3892.080078125,3920.3701171875,3920.3701171875,296900
2025-12-02,KOSPI,^KS11,3939.090087890625,3994.929931640625,3935.139892578125,3994.929931640625,3994.929931640625,319000
2025-12-03,KOSPI,^KS11,4010.260009765625,4052.830078125,3987.760009765625,4036.300048828125,4036.300048828125,290900
2025-12-04,KOSPI,^KS11,4018.909912109375,4028.530029296875,3982.5400390625,4028.510009765625,4028.510009765625,352000
2025-12-05,KOSPI,^KS11,4023.5,4100.0498046875,4003.2900390625,4100.0498046875,4100.0498046875,478500
2025-12-08,KOSPI,^KS11,4109.25,4154.85009765625,4081.260009765625,4154.85009765625,4154.85009765625,395600
2025-12-09,KOSPI,^KS11,4129.77001953125,4152.18017578125,4121.2099609375,4143.5498046875,4143.5498046875,400600
2025-12-10,KOSPI,^KS11,4159.0498046875,4172.64013671875,4123.60009765625,4135.0,4135.0,317900
2025-12-11,KOSPI,^KS11,4163.31982421875,4170.77001953125,4103.2001953125,4110.6201171875,4110.6201171875,539800
2025-12-12,KOSPI,^KS11,4123.830078125,4168.169921875,4120.72998046875,4167.16015625,4167.16015625,426600
2025-12-15,KOSPI,^KS11,4053.739990234375,4123.18994140625,4052.64990234375,4090.590087890625,4090.590087890625,346800
2025-12-16,KOSPI,^KS11,4093.320068359375,4099.009765625,3996.22998046875,3999.1298828125,3999.1298828125,374000
2025-12-17,KOSPI,^KS11,4019.429931640625,4060.239990234375,3994.64990234375,4056.409912109375,4056.409912109375,361000
2025-12-18,KOSPI,^KS11,3989.60009765625,4030.64990234375,3975.5,3994.510009765625,3994.510009765625,581400
2025-12-19,KOSPI,^KS11,4055.780029296875,4055.780029296875,3997.050048828125,4020.550048828125,4020.550048828125,442700
2025-12-22,KOSPI,^KS11,4096.259765625,4105.93017578125,4083.1298828125,4105.93017578125,4105.93017578125,315600
2025-12-23,KOSPI,^KS11,4127.39990234375,4140.83984375,4110.25,4117.31982421875,4117.31982421875,385800
2025-12-24,KOSPI,^KS11,4136.240234375,4137.2001953125,4106.6201171875,4108.6201171875,4108.6201171875,363600
2025-12-26,KOSPI,^KS11,4130.3701171875,4143.14013671875,4116.52978515625,4129.68017578125,4129.68017578125,510200
2025-12-29,KOSPI,^KS11,4146.47998046875,4220.56005859375,4146.47998046875,4220.56005859375,4220.56005859375,502400
2025-12-30,KOSPI,^KS11,4193.75,4226.35986328125,4186.9501953125,4214.169921875,4214.169921875,408200
2026-01-02,KOSPI,^KS11,4224.52978515625,4313.5498046875,4216.68017578125,4309.6298828125,4309.6298828125,406300
2026-01-05,KOSPI,^KS11,4385.919921875,4457.52001953125,4381.93017578125,4457.52001953125,4457.52001953125,513900
2026-01-06,KOSPI,^KS11,4446.080078125,4525.47998046875,4395.0,4525.47998046875,4525.47998046875,498400
2026-01-07,KOSPI,^KS11,4566.33984375,4611.72021484375,4488.2001953125,4551.06005859375,4551.06005859375,553700
2026-01-08,KOSPI,^KS11,4531.4599609375,4622.31982421875,4527.5,4552.3701171875,4552.3701171875,440100
2026-01-09,KOSPI,^KS11,4530.02978515625,4590.02978515625,4500.47998046875,4586.31982421875,4586.31982421875,399200
2026-01-12,KOSPI,^KS11,4639.89013671875,4652.5400390625,4567.5498046875,4624.7900390625,4624.7900390625,394800
2026-01-13,KOSPI,^KS11,4662.43994140625,4693.06982421875,4641.580078125,4692.64013671875,4692.64013671875,429200
2026-01-14,KOSPI,^KS11,4685.10986328125,4723.10009765625,4669.31982421875,4723.10009765625,4723.10009765625,550400
2026-01-15,KOSPI,^KS11,4710.27978515625,4797.5498046875,4705.43994140625,4797.5498046875,4797.5498046875,545200
2026-01-16,KOSPI,^KS11,4820.66015625,4855.60986328125,4797.75,4840.740234375,4840.740234375,720900
2026-01-19,KOSPI,^KS11,4829.39990234375,4917.3701171875,4827.9501953125,4904.66015625,4904.66015625,570800
2026-01-20,KOSPI,^KS11,4900.27978515625,4935.47998046875,4823.8798828125,4885.75,4885.75,667700
2026-01-21,KOSPI,^KS11,4808.93994140625,4910.5400390625,4807.1298828125,4909.93017578125,4909.93017578125,600100
2026-01-22,KOSPI,^KS11,4987.06005859375,5019.5400390625,4934.169921875,4952.52978515625,4952.52978515625,568600
2026-01-23,KOSPI,^KS11,4984.080078125,5021.1298828125,4926.22021484375,4990.06982421875,4990.06982421875,612600
2026-01-26,KOSPI,^KS11,4997.5400390625,5023.759765625,4940.77978515625,4949.58984375,4949.58984375,446900
2026-01-27,KOSPI,^KS11,4932.89013671875,5084.85009765625,4890.72021484375,5084.85009765625,5084.85009765625,476200
2026-01-28,KOSPI,^KS11,5145.39013671875,5183.43994140625,5124.7998046875,5170.81005859375,5170.81005859375,593100
2026-01-29,KOSPI,^KS11,5243.419921875,5252.60986328125,5073.1201171875,5221.25,5221.25,699700
2026-01-30,KOSPI,^KS11,5210.35009765625,5321.68017578125,5199.77978515625,5224.35986328125,5224.35986328125,862500
2026-02-02,KOSPI,^KS11,5122.6201171875,5196.7099609375,4933.580078125,4949.669921875,4949.669921875,572500
2026-02-03,KOSPI,^KS11,5114.81005859375,5288.080078125,5101.31005859375,5288.080078125,5288.080078125,672600
2026-02-04,KOSPI,^KS11,5260.7099609375,5376.919921875,5243.10986328125,5371.10009765625,5371.10009765625,789900
2026-02-05,KOSPI,^KS11,5251.02978515625,5304.39990234375,5142.2001953125,5163.56982421875,5163.56982421875,911900
2026-02-06,KOSPI,^KS11,5013.14990234375,5120.77001953125,4899.2998046875,5089.14013671875,5089.14013671875,745800
2026-02-09,KOSPI,^KS11,5299.10009765625,5322.35009765625,5265.080078125,5298.0400390625,5298.0400390625,617700
2026-02-10,KOSPI,^KS11,5350.2099609375,5363.6201171875,5286.669921875,5301.68994140625,5301.68994140625,712300
2026-02-11,KOSPI,^KS11,5293.75,5374.22998046875,5257.52978515625,5354.490234375,5354.490234375,753800
2026-02-12,KOSPI,^KS11,5425.39013671875,5522.27001953125,5399.52001953125,5522.27001953125,5522.27001953125,750600
2026-02-13,KOSPI,^KS11,5513.7099609375,5583.740234375,5480.919921875,5507.009765625,5507.009765625,1290700
2026-02-19,KOSPI,^KS11,5642.08984375,5681.64990234375,5614.97021484375,5677.25,5677.25,1185800
2026-02-20,KOSPI,^KS11,5696.89013671875,5809.91015625,5684.580078125,5808.52978515625,5808.52978515625,1749300
2026-02-23,KOSPI,^KS11,5903.10986328125,5931.85986328125,5792.56982421875,5846.08984375,5846.08984375,1477800
2026-02-24,KOSPI,^KS11,5853.47998046875,5969.64013671875,5775.60986328125,5969.64013671875,5969.64013671875,1602000
2026-02-25,KOSPI,^KS11,6022.7001953125,6144.7099609375,5984.27978515625,6083.85986328125,6083.85986328125,1415300
2026-02-26,KOSPI,^KS11,6121.02978515625,6313.27001953125,6107.41015625,6307.27001953125,6307.27001953125,1409600
2026-02-27,KOSPI,^KS11,6197.490234375,6347.41015625,6153.8701171875,6244.1298828125,6244.1298828125,1166100
2026-03-03,KOSPI,^KS11,6165.14990234375,6180.4501953125,5791.64990234375,5791.91015625,5791.91015625,1227200
2026-03-04,KOSPI,^KS11,5592.58984375,5672.1201171875,5059.4501953125,5093.5400390625,5093.5400390625,1637600
2026-03-05,KOSPI,^KS11,5250.919921875,5715.2998046875,5248.1298828125,5583.89990234375,5583.89990234375,1660700
2026-03-06,KOSPI,^KS11,5491.02001953125,5609.97998046875,5381.27001953125,5584.8701171875,5584.8701171875,1223000
2026-03-09,KOSPI,^KS11,5265.3701171875,5327.419921875,5096.16015625,5251.8701171875,5251.8701171875,1026200
2026-03-10,KOSPI,^KS11,5523.2099609375,5595.8798828125,5427.8798828125,5532.58984375,5532.58984375,923200
2026-03-11,KOSPI,^KS11,5658.72021484375,5746.35986328125,5559.68994140625,5609.9501953125,5609.9501953125,1050900
2026-03-12,KOSPI,^KS11,5567.64990234375,5629.06982421875,5527.47021484375,5583.25,5583.25,801300
2026-03-13,KOSPI,^KS11,5412.39013671875,5537.58984375,5392.52001953125,5487.240234375,5487.240234375,907700
2026-03-16,KOSPI,^KS11,5510.81982421875,5561.419921875,5448.75,5549.85009765625,5549.85009765625,1073900
2026-03-17,KOSPI,^KS11,5711.7998046875,5717.1298828125,5632.85986328125,5640.47998046875,5640.47998046875,1135100
2026-03-18,KOSPI,^KS11,5767.10009765625,5934.35009765625,5766.14013671875,5925.02978515625,5925.02978515625,1143800
2026-03-19,KOSPI,^KS11,5761.39990234375,5863.39013671875,5738.9501953125,5763.22021484375,5763.22021484375,1184200
2026-03-20,KOSPI,^KS11,5813.35009765625,5833.68017578125,5764.64013671875,5781.2001953125,5781.2001953125,1490800
2026-03-23,KOSPI,^KS11,5580.14990234375,5580.14990234375,5397.93994140625,5405.75,5405.75,1125600
2026-03-24,KOSPI,^KS11,5638.2001953125,5643.0,5395.169921875,5553.919921875,5553.919921875,1170500
2026-03-25,KOSPI,^KS11,5680.330078125,5740.97021484375,5630.06982421875,5642.2099609375,5642.2099609375,763200
2026-03-26,KOSPI,^KS11,5594.06005859375,5598.3701171875,5448.1201171875,5460.4599609375,5460.4599609375,925100
2026-03-27,KOSPI,^KS11,5300.60986328125,5462.509765625,5220.10009765625,5438.8701171875,5438.8701171875,900100
2026-03-30,KOSPI,^KS11,5181.7998046875,5297.35009765625,5151.22021484375,5277.2998046875,5277.2998046875,727400
2026-03-31,KOSPI,^KS11,5143.75,5233.990234375,5042.990234375,5052.4599609375,5052.4599609375,1163300
2026-04-01,KOSPI,^KS11,5330.0400390625,5512.330078125,5272.4501953125,5478.7001953125,5478.7001953125,959000
2026-04-02,KOSPI,^KS11,5551.68994140625,5574.6201171875,5170.27001953125,5234.0498046875,5234.0498046875,1428200
2026-04-03,KOSPI,^KS11,5375.5,5419.4501953125,5316.419921875,5377.2998046875,5377.2998046875,1185200
2026-04-06,KOSPI,^KS11,5423.35009765625,5505.60986328125,5404.91015625,5450.330078125,5450.330078125,1110500
2026-04-07,KOSPI,^KS11,5552.18994140625,5594.89990234375,5424.4599609375,5494.77978515625,5494.77978515625,990400
2026-04-08,KOSPI,^KS11,5804.7001953125,5919.60009765625,5774.0,5872.33984375,5872.33984375,932600
2026-04-09,KOSPI,^KS11,5826.4501953125,5862.41015625,5757.490234375,5778.009765625,5778.009765625,1026700
2026-04-10,KOSPI,^KS11,5876.1201171875,5918.58984375,5850.830078125,5858.8701171875,5858.8701171875,1002400
2026-04-13,KOSPI,^KS11,5737.27978515625,5827.72998046875,5730.22998046875,5808.6201171875,5808.6201171875,1083200
2026-04-14,KOSPI,^KS11,5960.0,6026.52001953125,5938.330078125,5967.75,5967.75,889500
2026-04-15,KOSPI,^KS11,6141.60009765625,6183.2099609375,6064.22998046875,6091.39013671875,6091.39013671875,923800
2026-04-16,KOSPI,^KS11,6149.490234375,6231.02978515625,6126.06005859375,6226.0498046875,6226.0498046875,925700
2026-04-17,KOSPI,^KS11,6227.330078125,6230.31982421875,6159.8798828125,6191.919921875,6191.919921875,689700
2026-04-20,KOSPI,^KS11,6213.919921875,6278.35986328125,6176.75,6219.08984375,6219.08984375,692900
2026-04-21,KOSPI,^KS11,6302.5400390625,6388.47021484375,6302.5400390625,6388.47021484375,6388.47021484375,792000
2026-04-22,KOSPI,^KS11,6387.56982421875,6423.2900390625,6318.509765625,6417.93017578125,6417.93017578125,900100
2026-04-23,KOSPI,^KS11,6488.830078125,6557.759765625,6309.10009765625,6475.81005859375,6475.81005859375,1042400
2026-04-24,KOSPI,^KS11,6496.10009765625,6516.5400390625,6403.740234375,6475.6298828125,6475.6298828125,878200
2026-04-27,KOSPI,^KS11,6533.60009765625,6657.22021484375,6529.18994140625,6615.02978515625,6615.02978515625,842700
2026-04-28,KOSPI,^KS11,6646.7998046875,6712.72998046875,6621.72998046875,6641.02001953125,6641.02001953125,1139500
2026-04-29,KOSPI,^KS11,6619.0,6702.3798828125,6596.02978515625,6690.89990234375,6690.89990234375,717900
2026-04-30,KOSPI,^KS11,6739.39013671875,6750.27001953125,6597.830078125,6598.8701171875,6598.8701171875,685500
2026-05-04,KOSPI,^KS11,6782.93017578125,6937.0,6741.6298828125,6936.990234375,6936.990234375,873000
2026-05-06,KOSPI,^KS11,7093.009765625,7426.60009765625,7093.009765625,7384.56005859375,7384.56005859375,995700
2026-05-07,KOSPI,^KS11,7499.06982421875,7531.8798828125,7257.89013671875,7490.0498046875,7490.0498046875,767500
2026-05-08,KOSPI,^KS11,7353.93994140625,7511.009765625,7318.9599609375,7498.0,7498.0,523100
2026-05-11,KOSPI,^KS11,7775.31005859375,7899.31982421875,7713.490234375,7822.240234375,7822.240234375,731300
2026-05-12,KOSPI,^KS11,7953.41015625,7999.669921875,7421.7099609375,7643.14990234375,7643.14990234375,1021100
2026-05-13,KOSPI,^KS11,7513.64990234375,7855.47021484375,7402.35986328125,7844.009765625,7844.009765625,738700
2026-05-14,KOSPI,^KS11,7873.91015625,7991.0400390625,7842.72021484375,7981.41015625,7981.41015625,849900
2026-05-15,KOSPI,^KS11,7951.75,8046.77978515625,7371.68017578125,7493.18017578125,7493.18017578125,885600
2026-05-18,KOSPI,^KS11,7443.2900390625,7636.2001953125,7142.7099609375,7516.0400390625,7516.0400390625,566600
2026-05-19,KOSPI,^KS11,7425.66015625,7446.56982421875,7141.91015625,7271.66015625,7271.66015625,533500
2026-05-20,KOSPI,^KS11,7324.52001953125,7324.52001953125,7053.83984375,7208.9501953125,7208.9501953125,492500
2026-05-21,KOSPI,^KS11,7486.3701171875,7819.22998046875,7486.3701171875,7815.58984375,7815.58984375,621100
2026-05-22,KOSPI,^KS11,7873.1201171875,7886.64013671875,7780.1298828125,7847.7099609375,7847.7099609375,435500
2026-05-26,KOSPI,^KS11,8070.91015625,8131.14990234375,8008.18994140625,8047.509765625,8047.509765625,519600
2026-05-27,KOSPI,^KS11,8242.1201171875,8457.08984375,8220.0400390625,8228.7001953125,8228.7001953125,619500
2026-05-28,KOSPI,^KS11,8165.72998046875,8253.599609375,7841.009765625,8185.2900390625,8185.2900390625,669000
2026-05-29,KOSPI,^KS11,8384.3095703125,8476.150390625,8273.740234375,8476.150390625,8476.150390625,735100
2026-06-01,KOSPI,^KS11,8485.669921875,8874.16015625,8485.669921875,8788.3798828125,8788.3798828125,636200
2026-06-02,KOSPI,^KS11,8883.1904296875,8933.6201171875,8503.1201171875,8801.490234375,8801.490234375,632600
2026-06-04,KOSPI,^KS11,8623.8203125,8759.0498046875,8577.2998046875,8639.41015625,8639.41015625,437900
2026-06-05,KOSPI,^KS11,8323.2001953125,8382.16015625,8038.10009765625,8160.58984375,8160.58984375,463200
2026-06-08,KOSPI,^KS11,8048.08984375,8048.08984375,7442.72998046875,7484.41015625,7484.41015625,452200
2026-06-09,KOSPI,^KS11,7697.759765625,8119.08984375,7598.8701171875,8096.93017578125,8096.93017578125,448500
2026-06-10,KOSPI,^KS11,7899.77001953125,7996.68017578125,7541.10986328125,7730.81982421875,7730.81982421875,460900
2026-06-11,KOSPI,^KS11,7509.6201171875,7800.6201171875,7394.4599609375,7763.9501953125,7763.9501953125,478700
2026-06-12,KOSPI,^KS11,8263.849609375,8434.400390625,8079.77001953125,8123.6201171875,8123.6201171875,493400
2026-06-15,KOSPI,^KS11,8526.1201171875,8603.48046875,8450.240234375,8545.98046875,8545.98046875,516600
2026-06-16,KOSPI,^KS11,8696.5498046875,8753.8203125,8540.41015625,8726.599609375,8726.599609375,586300
2026-06-17,KOSPI,^KS11,8622.1298828125,8872.1796875,8605.66015625,8864.240234375,8864.240234375,571200
2026-06-18,KOSPI,^KS11,8884.919921875,9106.0703125,8867.33984375,9063.83984375,9063.83984375,510900
2026-06-19,KOSPI,^KS11,9288.8896484375,9385.58984375,8831.7197265625,9052.419921875,9052.419921875,517200
2026-06-22,KOSPI,^KS11,8954.4296875,9253.0,8900.6796875,9114.5498046875,9114.5498046875,381100
2026-06-23,KOSPI,^KS11,9083.5400390625,9175.4501953125,8203.83984375,8203.83984375,8203.83984375,488700
2026-06-24,KOSPI,^KS11,8356.7900390625,8577.51953125,8080.990234375,8471.01953125,8471.01953125,418200
2026-06-25,KOSPI,^KS11,8703.419921875,9044.0400390625,8693.6201171875,8930.2998046875,8930.2998046875,456900
2026-06-26,KOSPI,^KS11,8813.1796875,8861.7001953125,8126.83984375,8411.2099609375,8411.2099609375,518500
2026-06-29,KOSPI,^KS11,8394.650390625,8394.650390625,8394.650390625,8394.650390625,8394.650390625,0
2026-06-30,KOSPI,^KS11,8416.7001953125,8667.73046875,8220.7998046875,8476.48046875,8476.48046875,449800
2026-07-01,KOSPI,^KS11,8591.5,8620.150390625,8143.330078125,8303.41015625,8303.41015625,468200
2026-07-02,KOSPI,^KS11,7933.10009765625,8136.27978515625,7616.330078125,7648.08984375,7648.08984375,505200
2026-07-03,KOSPI,^KS11,7739.75,8136.27978515625,7378.10009765625,8088.33984375,8088.33984375,465800
2026-07-06,KOSPI,^KS11,8186.81982421875,8327.259765625,7815.52978515625,8051.330078125,8051.330078125,448700
2026-07-07,KOSPI,^KS11,7919.2001953125,7954.5498046875,7389.22021484375,7656.31005859375,7656.31005859375,516400
2026-07-08,KOSPI,^KS11,7452.47998046875,7791.66015625,7186.2099609375,7246.7900390625,7246.7900390625,501100
2026-07-09,KOSPI,^KS11,7486.64013671875,7543.85986328125,7063.759765625,7291.91015625,7291.91015625,582800
2026-07-10,KOSPI,^KS11,7552.490234375,7704.93017578125,7429.509765625,7475.93994140625,7475.93994140625,453200
2026-07-13,KOSPI,^KS11,7412.02978515625,7529.06982421875,6783.43017578125,6806.93017578125,6806.93017578125,474100
2026-07-14,KOSPI,^KS11,6769.06005859375,6979.919921875,6448.85986328125,6856.830078125,6856.830078125,491600
2026-07-15,KOSPI,^KS11,7082.91015625,7424.18017578125,7082.91015625,7284.41015625,7284.41015625,397900
2026-07-16,KOSPI,^KS11,6960.5,6995.93017578125,6730.8701171875,6820.60009765625,6820.60009765625,424300
2026-07-20,KOSPI,^KS11,6643.580078125,6814.85986328125,6472.7998046875,6516.27001953125,6516.27001953125,345800
2026-07-21,KOSPI,^KS11,6553.8798828125,6836.85986328125,6429.02978515625,6747.9501953125,6747.9501953125,391100
2026-07-22,KOSPI,^KS11,7052.08984375,7166.0,6791.06005859375,6797.7001953125,6797.7001953125,373800
2026-07-23,KOSPI,^KS11,6963.35009765625,7108.43994140625,6892.64013671875,7096.89013671875,7096.89013671875,397300
2026-07-24,KOSPI,^KS11,7000.77978515625,7000.77978515625,6650.41015625,6690.6201171875,6690.6201171875,397700
2026-07-27,KOSPI,^KS11,6806.27001953125,6806.27001953125,6557.39013671875,6755.75,6755.75,275700
2026-07-28,KOSPI,^KS11,6400.27001953125,6413.56982421875,5992.91015625,6023.66015625,6023.66015625,331300
2026-07-29,KOSPI,^KS11,6089.10986328125,6228.52001953125,5262.77001953125,5663.240234375,5663.240234375,457400
2026-07-30,KOSPI,^KS11,5681.77001953125,5976.81982421875,5547.41015625,5593.56005859375,5593.56005859375,378900
2026-07-31,KOSPI,^KS11,5657.7900390625,6630.77001953125,5629.759765625,6595.4501953125,6595.4501953125,434400
2026-08-03,KOSPI,^KS11,6358.27001953125,6393.0,6223.2900390625,6257.4501953125,6257.4501953125,273000
2026-08-04,KOSPI,^KS11,6351.3798828125,6389.39990234375,6080.25,6358.9501953125,6358.9501953125,313000
2026-08-05,KOSPI,^KS11,6603.47998046875,6674.66015625,6540.27001953125,6598.259765625,6598.259765625,338500
2026-08-06,KOSPI,^KS11,6478.75,6550.93994140625,6238.31982421875,6296.3798828125,6296.3798828125,284500
2026-08-07,KOSPI,^KS11,6365.06982421875,6415.60009765625,6158.72998046875,6258.77001953125,6258.77001953125,299400
2026-08-10,KOSPI,^KS11,6306.330078125,6394.06005859375,6232.4501953125,6299.66015625,6299.66015625,293700
2026-08-11,KOSPI,^KS11,6240.06005859375,6405.81005859375,6213.77978515625,6345.52978515625,6345.52978515625,333500
2026-08-12,KOSPI,^KS11,6438.5,6668.43017578125,6413.5,6579.0400390625,6579.0400390625,360700
2026-08-13,KOSPI,^KS11,6773.919921875,6895.6298828125,6748.1298828125,6813.33984375,6813.33984375,418900
2026-08-14,KOSPI,^KS11,6995.669921875,7010.85986328125,6848.43017578125,6977.93994140625,6977.93994140625,332900
2025-08-18,KOSDAQ,^KQ11,811.52001953125,812.489990234375,798.0499877929688,798.0499877929688,798.0499877929688,764700
2025-08-19,KOSDAQ,^KQ11,799.5399780273438,800.0700073242188,785.9500122070312,787.9600219726562,787.9600219726562,866700
2025-08-20,KOSDAQ,^KQ11,778.6300048828125,778.6300048828125,766.5700073242188,777.6099853515625,777.6099853515625,877700
2025-08-21,KOSDAQ,^KQ11,780.3200073242188,784.72998046875,776.3099975585938,777.239990234375,777.239990234375,894600
2025-08-22,KOSDAQ,^KQ11,778.77001953125,785.5499877929688,778.72998046875,782.510009765625,782.510009765625,833000
2025-08-25,KOSDAQ,^KQ11,791.6599731445312,798.5700073242188,791.6599731445312,798.02001953125,798.02001953125,770600
2025-08-26,KOSDAQ,^KQ11,793.989990234375,802.8400268554688,793.3699951171875,801.6599731445312,801.6599731445312,784200
2025-08-27,KOSDAQ,^KQ11,802.5700073242188,803.1900024414062,797.5999755859375,801.719970703125,801.719970703125,729000
2025-08-28,KOSDAQ,^KQ11,800.489990234375,801.3699951171875,797.3699951171875,798.4299926757812,798.4299926757812,787100
2025-08-29,KOSDAQ,^KQ11,801.9600219726562,805.9400024414062,795.5599975585938,796.9099731445312,796.9099731445312,855300
2025-09-01,KOSDAQ,^KQ11,795.2999877929688,796.22998046875,782.5399780273438,785.0,785.0,1093900
2025-09-02,KOSDAQ,^KQ11,789.3499755859375,794.0,785.2999877929688,794.0,794.0,1039000
2025-09-03,KOSDAQ,^KQ11,793.280029296875,796.9199829101562,789.27001953125,796.8099975585938,796.8099975585938,1189100
2025-09-04,KOSDAQ,^KQ11,799.530029296875,806.780029296875,799.530029296875,805.4199829101562,805.4199829101562,1252300
2025-09-05,KOSDAQ,^KQ11,809.0900268554688,811.7100219726562,807.2000122070312,811.4000244140625,811.4000244140625,1013600
2025-09-08,KOSDAQ,^KQ11,815.9000244140625,818.6099853515625,813.4299926757812,818.5999755859375,818.5999755859375,886200
2025-09-09,KOSDAQ,^KQ11,820.75,824.8200073242188,817.4000244140625,824.8200073242188,824.8200073242188,1282500
2025-09-10,KOSDAQ,^KQ11,828.4000244140625,833.2100219726562,827.5700073242188,833.0,833.0,895100
2025-09-11,KOSDAQ,^KQ11,834.6799926757812,836.5499877929688,831.22998046875,834.760009765625,834.760009765625,960400
2025-09-12,KOSDAQ,^KQ11,839.72998046875,847.3599853515625,839.5599975585938,847.0800170898438,847.0800170898438,954400
2025-09-15,KOSDAQ,^KQ11,849.6400146484375,852.6900024414062,843.4299926757812,852.6900024414062,852.6900024414062,944700
2025-09-16,KOSDAQ,^KQ11,854.4000244140625,855.5,850.1500244140625,851.8400268554688,851.8400268554688,1035600
2025-09-17,KOSDAQ,^KQ11,850.1500244140625,850.1500244140625,844.1599731445312,845.530029296875,845.530029296875,1004400
2025-09-18,KOSDAQ,^KQ11,851.9400024414062,857.1199951171875,850.22998046875,857.1099853515625,857.1099853515625,968100
2025-09-19,KOSDAQ,^KQ11,858.0800170898438,863.1099853515625,854.0,863.1099853515625,863.1099853515625,951400
2025-09-22,KOSDAQ,^KQ11,869.0599975585938,875.27001953125,867.1099853515625,874.3599853515625,874.3599853515625,956100
2025-09-23,KOSDAQ,^KQ11,877.1799926757812,877.5599975585938,866.6500244140625,872.2100219726562,872.2100219726562,964200
2025-09-24,KOSDAQ,^KQ11,870.5399780273438,871.8200073242188,851.3800048828125,860.9400024414062,860.9400024414062,1036200
2025-09-25,KOSDAQ,^KQ11,858.4500122070312,862.0800170898438,850.1300048828125,852.47998046875,852.47998046875,871800
2025-09-26,KOSDAQ,^KQ11,847.6699829101562,847.72998046875,829.469970703125,835.1900024414062,835.1900024414062,749200
2025-09-29,KOSDAQ,^KQ11,840.6199951171875,847.5700073242188,837.8900146484375,846.7100219726562,846.7100219726562,663700
2025-09-30,KOSDAQ,^KQ11,847.52001953125,849.1799926757812,841.6500244140625,841.989990234375,841.989990234375,839700
2025-10-01,KOSDAQ,^KQ11,846.3200073242188,849.7999877929688,844.0,845.3400268554688,845.3400268554688,620000
2025-10-02,KOSDAQ,^KQ11,853.4000244140625,854.8699951171875,848.75,854.25,854.25,820900
2025-10-10,KOSDAQ,^KQ11,858.8599853515625,859.97998046875,849.6400146484375,859.489990234375,859.489990234375,773600
2025-10-13,KOSDAQ,^KQ11,845.760009765625,861.7899780273438,840.280029296875,860.489990234375,860.489990234375,698500
2025-10-14,KOSDAQ,^KQ11,865.3699951171875,870.719970703125,839.27001953125,847.9600219726562,847.9600219726562,996500
2025-10-15,KOSDAQ,^KQ11,853.1699829101562,864.77001953125,850.2999877929688,864.719970703125,864.719970703125,879800
2025-10-16,KOSDAQ,^KQ11,866.8200073242188,868.3599853515625,862.6300048828125,865.4099731445312,865.4099731445312,899500
2025-10-17,KOSDAQ,^KQ11,862.7100219726562,871.0599975585938,859.1900024414062,859.5399780273438,859.5399780273438,859500
2025-10-20,KOSDAQ,^KQ11,864.97998046875,876.469970703125,862.010009765625,875.77001953125,875.77001953125,846800
2025-10-21,KOSDAQ,^KQ11,881.530029296875,882.0999755859375,867.6199951171875,872.5,872.5,1118300
2025-10-22,KOSDAQ,^KQ11,872.510009765625,879.3099975585938,866.2100219726562,879.1500244140625,879.1500244140625,872000
2025-10-23,KOSDAQ,^KQ11,874.1300048828125,880.3300170898438,868.739990234375,872.030029296875,872.030029296875,1060400
2025-10-24,KOSDAQ,^KQ11,880.6099853515625,884.0599975585938,876.3800048828125,883.0800170898438,883.0800170898438,961800
2025-10-27,KOSDAQ,^KQ11,890.22998046875,902.719970703125,888.8699951171875,902.7000122070312,902.7000122070312,997300
2025-10-28,KOSDAQ,^KQ11,902.8200073242188,906.7100219726562,896.3599853515625,903.2999877929688,903.2999877929688,842100
2025-10-29,KOSDAQ,^KQ11,906.5,906.5,896.1099853515625,901.5900268554688,901.5900268554688,976800
2025-10-30,KOSDAQ,^KQ11,903.239990234375,904.3400268554688,883.6799926757812,890.8599853515625,890.8599853515625,1214700
2025-10-31,KOSDAQ,^KQ11,894.5399780273438,901.7999877929688,891.3200073242188,900.4199829101562,900.4199829101562,895000
2025-11-03,KOSDAQ,^KQ11,906.1900024414062,914.9099731445312,902.2899780273438,914.5499877929688,914.5499877929688,1037100
2025-11-04,KOSDAQ,^KQ11,914.8699951171875,932.1500244140625,912.780029296875,926.5700073242188,926.5700073242188,931500
2025-11-05,KOSDAQ,^KQ11,919.280029296875,919.280029296875,871.7899780273438,901.8900146484375,901.8900146484375,1130200
2025-11-06,KOSDAQ,^KQ11,915.4299926757812,921.219970703125,890.5800170898438,898.1699829101562,898.1699829101562,981000
2025-11-07,KOSDAQ,^KQ11,882.9400024414062,894.8300170898438,864.6699829101562,876.8099975585938,876.8099975585938,1041100
2025-11-10,KOSDAQ,^KQ11,882.4400024414062,889.0800170898438,872.1300048828125,888.3499755859375,888.3499755859375,727300
2025-11-11,KOSDAQ,^KQ11,893.9099731445312,903.0900268554688,876.5599975585938,884.27001953125,884.27001953125,966100
2025-11-12,KOSDAQ,^KQ11,890.989990234375,906.5900268554688,887.2000122070312,906.510009765625,906.510009765625,1001500
2025-11-13,KOSDAQ,^KQ11,904.3599853515625,920.1300048828125,902.3400268554688,918.3699951171875,918.3699951171875,911100
2025-11-14,KOSDAQ,^KQ11,900.4199829101562,910.0399780273438,897.0900268554688,897.9000244140625,897.9000244140625,831800
2025-11-17,KOSDAQ,^KQ11,904.1500244140625,905.4199829101562,895.6900024414062,902.6699829101562,902.6699829101562,715000
2025-11-18,KOSDAQ,^KQ11,899.6199951171875,900.72998046875,873.0399780273438,878.7000122070312,878.7000122070312,849200
2025-11-19,KOSDAQ,^KQ11,881.489990234375,881.8099975585938,854.22998046875,871.3200073242188,871.3200073242188,748700
2025-11-20,KOSDAQ,^KQ11,884.0999755859375,894.8699951171875,884.0999755859375,891.9400024414062,891.9400024414062,636600
2025-11-21,KOSDAQ,^KQ11,867.4500122070312,870.510009765625,860.1699829101562,863.9500122070312,863.9500122070312,752200
2025-11-24,KOSDAQ,^KQ11,873.2999877929688,873.2999877929688,850.0900268554688,856.4400024414062,856.4400024414062,707000
2025-11-25,KOSDAQ,^KQ11,867.8400268554688,871.6799926757812,851.4099731445312,856.030029296875,856.030029296875,679400
2025-11-26,KOSDAQ,^KQ11,863.280029296875,877.5800170898438,859.3200073242188,877.3200073242188,877.3200073242188,623300
2025-11-27,KOSDAQ,^KQ11,879.4400024414062,884.0,878.0399780273438,880.0599975585938,880.0599975585938,721100
2025-11-28,KOSDAQ,^KQ11,888.75,912.6699829101562,888.0999755859375,912.6699829101562,912.6699829101562,802800
2025-12-01,KOSDAQ,^KQ11,920.6900024414062,933.260009765625,917.1799926757812,922.3800048828125,922.3800048828125,847800
2025-12-02,KOSDAQ,^KQ11,921.3699951171875,928.4199829101562,914.6699829101562,928.4199829101562,928.4199829101562,783700
2025-12-03,KOSDAQ,^KQ11,931.489990234375,932.97998046875,926.0800170898438,932.010009765625,932.010009765625,816200
2025-12-04,KOSDAQ,^KQ11,934.010009765625,937.8800048828125,924.6199951171875,929.8300170898438,929.8300170898438,754400
2025-12-05,KOSDAQ,^KQ11,930.75,933.0599975585938,916.1099853515625,924.739990234375,924.739990234375,699800
2025-12-08,KOSDAQ,^KQ11,928.52001953125,929.9199829101562,922.1699829101562,927.7899780273438,927.7899780273438,703000
2025-12-09,KOSDAQ,^KQ11,926.9299926757812,932.5700073242188,924.5499877929688,931.3499755859375,931.3499755859375,711700
2025-12-10,KOSDAQ,^KQ11,932.3699951171875,936.75,927.3599853515625,935.0,935.0,770900
2025-12-11,KOSDAQ,^KQ11,940.5900268554688,943.1900024414062,929.5599975585938,934.6400146484375,934.6400146484375,912400
2025-12-12,KOSDAQ,^KQ11,933.989990234375,938.1099853515625,930.2100219726562,937.3400268554688,937.3400268554688,1012000
2025-12-15,KOSDAQ,^KQ11,925.5999755859375,939.4199829101562,921.0900268554688,938.8300170898438,938.8300170898438,991700
2025-12-16,KOSDAQ,^KQ11,938.22998046875,938.22998046875,915.489990234375,916.1099853515625,916.1099853515625,933400
2025-12-17,KOSDAQ,^KQ11,922.030029296875,922.739990234375,907.239990234375,911.0700073242188,911.0700073242188,1005600
2025-12-18,KOSDAQ,^KQ11,899.2999877929688,907.5399780273438,895.1900024414062,901.3300170898438,901.3300170898438,900500
2025-12-19,KOSDAQ,^KQ11,909.7000122070312,922.0999755859375,899.25,915.27001953125,915.27001953125,973700
2025-12-22,KOSDAQ,^KQ11,923.969970703125,929.8300170898438,923.2000122070312,929.1400146484375,929.1400146484375,986700
2025-12-23,KOSDAQ,^KQ11,932.47998046875,932.47998046875,918.5399780273438,919.5599975585938,919.5599975585938,956500
2025-12-24,KOSDAQ,^KQ11,921.010009765625,921.010009765625,913.2100219726562,915.2000122070312,915.2000122070312,833800
2025-12-26,KOSDAQ,^KQ11,920.9000244140625,923.6099853515625,913.8499755859375,919.6699829101562,919.6699829101562,829400
2025-12-29,KOSDAQ,^KQ11,923.219970703125,932.6400146484375,921.1199951171875,932.5900268554688,932.5900268554688,913400
2025-12-30,KOSDAQ,^KQ11,928.989990234375,929.9500122070312,920.5599975585938,925.469970703125,925.469970703125,818900
2026-01-02,KOSDAQ,^KQ11,930.3499755859375,945.5700073242188,930.3499755859375,945.5700073242188,945.5700073242188,884000
2026-01-05,KOSDAQ,^KQ11,948.5599975585938,957.5900268554688,945.27001953125,957.5,957.5,1096700
2026-01-06,KOSDAQ,^KQ11,959.3800048828125,960.3499755859375,950.0700073242188,955.969970703125,955.969970703125,1042700
2026-01-07,KOSDAQ,^KQ11,957.739990234375,957.9299926757812,937.9500122070312,947.3900146484375,947.3900146484375,1072200
2026-01-08,KOSDAQ,^KQ11,950.7100219726562,951.77001953125,943.0800170898438,944.0599975585938,944.0599975585938,971000
2026-01-09,KOSDAQ,^KQ11,944.739990234375,948.0599975585938,935.5399780273438,947.9199829101562,947.9199829101562,924600
2026-01-12,KOSDAQ,^KQ11,948.47998046875,957.3699951171875,939.3300170898438,949.8099975585938,949.8099975585938,1083500
2026-01-13,KOSDAQ,^KQ11,954.75,954.75,941.3400268554688,948.97998046875,948.97998046875,1107500
2026-01-14,KOSDAQ,^KQ11,951.030029296875,951.030029296875,937.719970703125,942.1799926757812,942.1799926757812,948400
2026-01-15,KOSDAQ,^KQ11,940.6599731445312,951.47998046875,937.739990234375,951.1599731445312,951.1599731445312,952000
2026-01-16,KOSDAQ,^KQ11,950.8300170898438,956.22998046875,943.4299926757812,954.5900268554688,954.5900268554688,1222200
2026-01-19,KOSDAQ,^KQ11,952.9299926757812,969.0900268554688,950.6300048828125,968.3599853515625,968.3599853515625,1281400
2026-01-20,KOSDAQ,^KQ11,973.1699829101562,986.22998046875,954.6400146484375,976.3699951171875,976.3699951171875,1390700
2026-01-21,KOSDAQ,^KQ11,958.0499877929688,962.1300048828125,933.3099975585938,951.2899780273438,951.2899780273438,1565800
2026-01-22,KOSDAQ,^KQ11,963.77001953125,972.3800048828125,956.0900268554688,970.3499755859375,970.3499755859375,1444800
2026-01-23,KOSDAQ,^KQ11,977.1500244140625,998.3200073242188,975.25,993.9299926757812,993.9299926757812,1452900
2026-01-26,KOSDAQ,^KQ11,1003.9000244140625,1064.43994140625,1003.8499755859375,1064.4100341796875,1064.4100341796875,1547800
2026-01-27,KOSDAQ,^KQ11,1054.18994140625,1082.5899658203125,1054.1600341796875,1082.5899658203125,1082.5899658203125,1322300
2026-01-28,KOSDAQ,^KQ11,1093.469970703125,1133.52001953125,1092.6199951171875,1133.52001953125,1133.52001953125,1596900
2026-01-29,KOSDAQ,^KQ11,1153.4300537109375,1167.5699462890625,1108.4300537109375,1164.4100341796875,1164.4100341796875,1540200
2026-01-30,KOSDAQ,^KQ11,1166.22998046875,1180.8699951171875,1146.3399658203125,1149.43994140625,1149.43994140625,1465200
2026-02-02,KOSDAQ,^KQ11,1128.5699462890625,1151.1700439453125,1089.8900146484375,1098.3599853515625,1098.3599853515625,1243900
2026-02-03,KOSDAQ,^KQ11,1135.93994140625,1144.4000244140625,1119.6500244140625,1144.3299560546875,1144.3299560546875,1166600
2026-02-04,KOSDAQ,^KQ11,1139.02001953125,1158.739990234375,1136.72998046875,1149.4300537109375,1149.4300537109375,1179500
2026-02-05,KOSDAQ,^KQ11,1137.0799560546875,1143.2099609375,1104.6300048828125,1108.4100341796875,1108.4100341796875,1370400
2026-02-06,KOSDAQ,^KQ11,1077.0799560546875,1096.1600341796875,1048.280029296875,1080.77001953125,1080.77001953125,1476100
2026-02-09,KOSDAQ,^KQ11,1109.9100341796875,1131.719970703125,1106.0699462890625,1127.550048828125,1127.550048828125,1134900
2026-02-10,KOSDAQ,^KQ11,1132.239990234375,1141.6700439453125,1109.43994140625,1115.199951171875,1115.199951171875,1341900
2026-02-11,KOSDAQ,^KQ11,1120.6199951171875,1126.0999755859375,1110.530029296875,1114.8699951171875,1114.8699951171875,1313300
2026-02-12,KOSDAQ,^KQ11,1122.550048828125,1127.800048828125,1110.1800537109375,1125.989990234375,1125.989990234375,1576100
2026-02-13,KOSDAQ,^KQ11,1113.530029296875,1117.9100341796875,1099.6199951171875,1106.0799560546875,1106.0799560546875,1466900
2026-02-19,KOSDAQ,^KQ11,1122.199951171875,1163.6600341796875,1111.280029296875,1160.7099609375,1160.7099609375,1351800
2026-02-20,KOSDAQ,^KQ11,1161.4000244140625,1162.6199951171875,1147.719970703125,1154.0,1154.0,1331900
2026-02-23,KOSDAQ,^KQ11,1166.93994140625,1174.6600341796875,1143.3800048828125,1151.989990234375,1151.989990234375,1433800
2026-02-24,KOSDAQ,^KQ11,1159.760009765625,1165.3199462890625,1146.219970703125,1165.0,1165.0,1335400
2026-02-25,KOSDAQ,^KQ11,1174.27001953125,1174.27001953125,1158.1800537109375,1165.25,1165.25,1513000
2026-02-26,KOSDAQ,^KQ11,1176.1500244140625,1190.8499755859375,1161.4000244140625,1188.1500244140625,1188.1500244140625,1449500
2026-02-27,KOSDAQ,^KQ11,1175.4000244140625,1201.8900146484375,1173.1600341796875,1192.780029296875,1192.780029296875,1263000
2026-03-03,KOSDAQ,^KQ11,1169.8199462890625,1215.6700439453125,1137.699951171875,1137.699951171875,1137.699951171875,1290800
2026-03-04,KOSDAQ,^KQ11,1112.0799560546875,1112.0799560546875,976.5399780273438,978.4400024414062,978.4400024414062,1454900
2026-03-05,KOSDAQ,^KQ11,1023.8400268554688,1149.5400390625,1023.8400268554688,1116.4100341796875,1116.4100341796875,1044600
2026-03-06,KOSDAQ,^KQ11,1117.489990234375,1154.6700439453125,1092.4300537109375,1154.6700439453125,1154.6700439453125,1033200
2026-03-09,KOSDAQ,^KQ11,1096.47998046875,1113.56005859375,1067.239990234375,1102.280029296875,1102.280029296875,1044200
2026-03-10,KOSDAQ,^KQ11,1147.989990234375,1157.199951171875,1123.7900390625,1137.6800537109375,1137.6800537109375,984800
2026-03-11,KOSDAQ,^KQ11,1155.47998046875,1167.260009765625,1121.449951171875,1136.8299560546875,1136.8299560546875,1307000
2026-03-12,KOSDAQ,^KQ11,1132.0,1150.6500244140625,1128.219970703125,1148.4000244140625,1148.4000244140625,1268600
2026-03-13,KOSDAQ,^KQ11,1122.280029296875,1158.010009765625,1119.739990234375,1152.9599609375,1152.9599609375,1343500
2026-03-16,KOSDAQ,^KQ11,1156.5,1157.3199462890625,1124.97998046875,1138.2900390625,1138.2900390625,1177900
2026-03-17,KOSDAQ,^KQ11,1156.8299560546875,1160.1199951171875,1136.93994140625,1136.93994140625,1136.93994140625,1244500
2026-03-18,KOSDAQ,^KQ11,1156.4599609375,1164.3800048828125,1149.8800048828125,1164.3800048828125,1164.3800048828125,1298500
2026-03-19,KOSDAQ,^KQ11,1139.1199951171875,1153.8399658203125,1138.80004882812…57331 tokens truncated…15258789,44.59000015258789,44.00008010864258,9378800
2025-09-30,Materials,XLB,44.4900016784668,44.845001220703125,44.404998779296875,44.810001373291016,44.21717071533203,9408200
2025-10-01,Materials,XLB,44.755001068115234,44.86000061035156,44.23500061035156,44.34000015258789,43.753387451171875,13749800
2025-10-02,Materials,XLB,44.275001525878906,44.880001068115234,44.275001525878906,44.85499954223633,44.261573791503906,10673800
2025-10-03,Materials,XLB,44.845001220703125,45.16999816894531,44.79999923706055,44.93000030517578,44.3355827331543,9827600
2025-10-06,Materials,XLB,44.95500183105469,45.1349983215332,44.79499816894531,44.88999938964844,44.296112060546875,8937800
2025-10-07,Materials,XLB,44.959999084472656,45.13999938964844,44.54999923706055,44.709999084472656,44.118492126464844,11308800
2025-10-08,Materials,XLB,44.92499923706055,45.119998931884766,44.744998931884766,44.95000076293945,44.355316162109375,12184200
2025-10-09,Materials,XLB,45.125,45.21500015258789,44.224998474121094,44.334999084472656,43.74845504760742,13231800
2025-10-10,Materials,XLB,44.41999816894531,44.52000045776367,43.41999816894531,43.42499923706055,42.85049057006836,22262600
2025-10-13,Materials,XLB,44.01499938964844,44.400001525878906,43.88999938964844,44.1150016784668,43.531368255615234,11979800
2025-10-14,Materials,XLB,43.709999084472656,44.75,43.625,44.55500030517578,43.965545654296875,10797400
2025-10-15,Materials,XLB,44.7400016784668,45.0,44.1150016784668,44.35499954223633,43.7681884765625,10555800
2025-10-16,Materials,XLB,44.57500076293945,44.57500076293945,43.79999923706055,44.025001525878906,43.44255447387695,13389600
2025-10-17,Materials,XLB,43.994998931884766,44.189998626708984,43.70500183105469,43.939998626708984,43.358680725097656,12791000
2025-10-20,Materials,XLB,44.33000183105469,44.5,44.189998626708984,44.46500015258789,43.87673568725586,8425400
2025-10-21,Materials,XLB,44.1349983215332,44.45500183105469,43.994998931884766,44.29499816894531,43.708984375,9335800
2025-10-22,Materials,XLB,44.13999938964844,44.42499923706055,43.98500061035156,44.15999984741211,43.57577133178711,13133000
2025-10-23,Materials,XLB,44.47999954223633,44.80500030517578,44.369998931884766,44.689998626708984,44.0987548828125,10682600
2025-10-24,Materials,XLB,44.625,44.79499816894531,44.46500015258789,44.505001068115234,43.91620635986328,13450400
2025-10-27,Materials,XLB,44.48500061035156,44.689998626708984,44.29499816894531,44.48500061035156,43.89646911621094,11936600
2025-10-28,Materials,XLB,44.45500183105469,44.77000045776367,44.380001068115234,44.54499816894531,43.95567321777344,13049400
2025-10-29,Materials,XLB,44.375,44.5099983215332,43.59000015258789,43.66999816894531,43.09225082397461,20990000
2025-10-30,Materials,XLB,43.375,43.52000045776367,43.060001373291016,43.084999084472656,42.514991760253906,20798600
2025-10-31,Materials,XLB,42.85499954223633,43.04999923706055,42.52000045776367,42.834999084472656,42.26829528808594,17528800
2025-11-03,Materials,XLB,42.790000915527344,42.84000015258789,42.14500045776367,42.56999969482422,42.006805419921875,24127400
2025-11-04,Materials,XLB,42.26499938964844,42.540000915527344,42.03499984741211,42.36000061035156,41.79958724975586,22164800
2025-11-05,Materials,XLB,42.60499954223633,42.81999969482422,42.47999954223633,42.61000061035156,42.0462760925293,18828400
2025-11-06,Materials,XLB,42.71500015258789,42.92499923706055,42.369998931884766,42.400001525878906,41.83905792236328,22407400
2025-11-07,Materials,XLB,42.5099983215332,42.994998931884766,42.35499954223633,42.90999984741211,42.34230422973633,17975200
2025-11-10,Materials,XLB,43.19499969482422,43.40999984741211,42.834999084472656,43.314998626708984,42.741947174072266,15233400
2025-11-11,Materials,XLB,43.494998931884766,43.85499954223633,43.39500045776367,43.76499938964844,43.18599319458008,11641400
2025-11-12,Materials,XLB,43.900001525878906,44.334999084472656,43.86000061035156,44.07500076293945,43.49189376831055,13923800
2025-11-13,Materials,XLB,44.084999084472656,44.220001220703125,43.75,43.78499984741211,43.205726623535156,17940400
2025-11-14,Materials,XLB,43.474998474121094,43.72999954223633,43.31999969482422,43.3849983215332,42.81101989746094,12830000
2025-11-17,Materials,XLB,43.279998779296875,43.400001525878906,42.665000915527344,42.724998474121094,42.159751892089844,14150800
2025-11-18,Materials,XLB,42.77000045776367,43.060001373291016,42.529998779296875,42.7599983215332,42.19428634643555,20615000
2025-11-19,Materials,XLB,43.02000045776367,43.04999923706055,42.599998474121094,42.869998931884766,42.302833557128906,15385800
2025-11-20,Materials,XLB,43.165000915527344,43.35499954223633,42.21500015258789,42.22999954223633,41.671302795410156,22669200
2025-11-21,Materials,XLB,42.439998626708984,43.505001068115234,42.35499954223633,43.17499923706055,42.60380172729492,20989200
2025-11-24,Materials,XLB,43.14500045776367,43.36000061035156,42.959999084472656,43.2599983215332,42.68767166137695,14549600
2025-11-25,Materials,XLB,43.48500061035156,44.005001068115234,43.45500183105469,43.904998779296875,43.32414245605469,12455800
2025-11-26,Materials,XLB,43.939998626708984,44.560001373291016,43.91999816894531,44.44499969482422,43.856998443603516,9895200
2025-11-28,Materials,XLB,44.564998626708984,44.875,44.45500183105469,44.70000076293945,44.10862731933594,4786800
2025-12-01,Materials,XLB,44.63999938964844,44.97999954223633,44.564998626708984,44.59000015258789,44.00008010864258,13367800
2025-12-02,Materials,XLB,44.68000030517578,44.68000030517578,43.92499923706055,44.185001373291016,43.600440979003906,12905800
2025-12-03,Materials,XLB,44.380001068115234,44.625,44.345001220703125,44.494998931884766,43.90633773803711,11841600
2025-12-04,Materials,XLB,44.380001068115234,44.505001068115234,44.125,44.23500061035156,43.6497802734375,9912600
2025-12-05,Materials,XLB,44.34000015258789,44.63999938964844,44.09000015258789,44.09000015258789,43.50669479370117,7134000
2025-12-08,Materials,XLB,44.08000183105469,44.099998474121094,43.45000076293945,43.47999954223633,42.904762268066406,11389100
2025-12-09,Materials,XLB,43.41999816894531,43.81999969482422,43.369998931884766,43.38999938964844,42.815956115722656,8801100
2025-12-10,Materials,XLB,43.349998474121094,44.34000015258789,43.349998474121094,44.2400016784668,43.65471267700195,10919500
2025-12-11,Materials,XLB,44.290000915527344,45.220001220703125,44.290000915527344,45.119998931884766,44.523067474365234,11009200
2025-12-12,Materials,XLB,45.5099983215332,45.58000183105469,44.970001220703125,45.150001525878906,44.55267333984375,14078600
2025-12-15,Materials,XLB,45.41999816894531,45.439998626708984,44.849998474121094,45.119998931884766,44.523067474365234,9228800
2025-12-16,Materials,XLB,45.18000030517578,45.209999084472656,44.720001220703125,45.0,44.404659271240234,9742300
2025-12-17,Materials,XLB,45.0099983215332,45.369998931884766,44.939998626708984,45.189998626708984,44.592140197753906,10935000
2025-12-18,Materials,XLB,45.27000045776367,45.630001068115234,45.130001068115234,45.16999816894531,44.57240676879883,8978100
2025-12-19,Materials,XLB,45.20000076293945,45.540000915527344,45.09000015258789,45.369998931884766,44.76976013183594,10358000
2025-12-22,Materials,XLB,45.38999938964844,45.709999084472656,45.33000183105469,45.66999816894531,45.298423767089844,9862300
2025-12-23,Materials,XLB,45.779998779296875,45.79999923706055,45.540000915527344,45.75,45.37777328491211,8424800
2025-12-24,Materials,XLB,45.72999954223633,45.88999938964844,45.61000061035156,45.84000015258789,45.467041015625,2767600
2025-12-26,Materials,XLB,45.95000076293945,46.13999938964844,45.86000061035156,46.11000061035156,45.73484420776367,5035800
2025-12-29,Materials,XLB,45.7400016784668,45.86000061035156,45.540000915527344,45.7400016784668,45.367855072021484,6370400
2025-12-30,Materials,XLB,45.810001373291016,45.849998474121094,45.630001068115234,45.72999954223633,45.357933044433594,4432100
2025-12-31,Materials,XLB,45.61000061035156,45.66999816894531,45.33000183105469,45.349998474121094,44.98102569580078,5704300
2026-01-02,Materials,XLB,45.52000045776367,46.18000030517578,45.27000045776367,46.119998931884766,45.74475860595703,18031000
2026-01-05,Materials,XLB,46.02000045776367,46.72999954223633,46.0,46.58000183105469,46.201019287109375,22033700
2026-01-06,Materials,XLB,46.72999954223633,47.630001068115234,46.689998626708984,47.5,47.1135368347168,18351400
2026-01-07,Materials,XLB,47.34000015258789,47.560001373291016,46.630001068115234,46.68000030517578,46.300209045410156,16963400
2026-01-08,Materials,XLB,46.40999984741211,47.630001068115234,46.27000045776367,47.5,47.1135368347168,14918900
2026-01-09,Materials,XLB,47.59000015258789,48.290000915527344,47.560001373291016,48.2599983215332,47.86735153198242,11769700
2026-01-12,Materials,XLB,48.369998931884766,48.61000061035156,48.20000076293945,48.52000045776367,48.12523651123047,12672800
2026-01-13,Materials,XLB,48.599998474121094,48.7599983215332,48.38999938964844,48.72999954223633,48.333526611328125,10797500
2026-01-14,Materials,XLB,48.75,49.13999938964844,48.630001068115234,48.75,48.353363037109375,16029700
2026-01-15,Materials,XLB,48.77000045776367,49.11000061035156,48.61000061035156,48.959999084472656,48.56165313720703,17883600
2026-01-16,Materials,XLB,48.56999969482422,48.720001220703125,48.36000061035156,48.68000030517578,48.283931732177734,10769100
2026-01-20,Materials,XLB,48.349998474121094,48.52000045776367,48.02000045776367,48.189998626708984,47.79792022705078,17363800
2026-01-21,Materials,XLB,48.81999969482422,49.380001068115234,48.66999816894531,49.2400016784668,48.83938217163086,16940400
2026-01-22,Materials,XLB,49.369998931884766,49.83000183105469,49.349998474121094,49.52000045776367,49.11709976196289,14648300
2026-01-23,Materials,XLB,49.459999084472656,49.9900016784668,49.36000061035156,49.970001220703125,49.56344223022461,19550700
2026-01-26,Materials,XLB,50.41999816894531,50.47999954223633,50.02000045776367,50.029998779296875,49.622947692871094,13900900
2026-01-27,Materials,XLB,49.869998931884766,50.18000030517578,49.68000030517578,49.97999954223633,49.57335662841797,10123800
2026-01-28,Materials,XLB,50.119998931884766,50.209999084472656,49.540000915527344,49.95000076293945,49.543601989746094,13517200
2026-01-29,Materials,XLB,50.45000076293945,50.619998931884766,49.290000915527344,50.0,49.59319305419922,20503700
2026-01-30,Materials,XLB,49.220001220703125,49.650001525878906,48.810001373291016,49.27000045776367,48.86913299560547,28082600
2026-02-02,Materials,XLB,49.25,49.810001373291016,49.20000076293945,49.650001525878906,49.24604415893555,25155300
2026-02-03,Materials,XLB,50.18000030517578,51.220001220703125,50.060001373291016,50.70000076293945,50.28750228881836,34077400
2026-02-04,Materials,XLB,51.0099983215332,52.02000045776367,51.0099983215332,51.88999938964844,51.46781921386719,35878600
2026-02-05,Materials,XLB,51.380001068115234,51.52000045776367,50.36000061035156,50.5,50.08912658691406,25667300
2026-02-06,Materials,XLB,50.86000061035156,51.619998931884766,50.86000061035156,51.5099983215332,51.09090805053711,14367300
2026-02-09,Materials,XLB,51.470001220703125,52.310001373291016,51.27000045776367,52.18000030517578,51.75545883178711,12325200
2026-02-10,Materials,XLB,52.150001525878906,52.9900016784668,52.119998931884766,52.90999984741211,52.47951889038086,18381400
2026-02-11,Materials,XLB,53.11000061035156,53.66999816894531,53.11000061035156,53.619998931884766,53.183738708496094,24891300
2026-02-12,Materials,XLB,53.66999816894531,54.13999938964844,52.7400016784668,52.83000183105469,52.40017318725586,30108100
2026-02-13,Materials,XLB,52.540000915527344,53.63999938964844,52.439998626708984,53.310001373291016,52.87626647949219,19918900
2026-02-17,Materials,XLB,52.70000076293945,52.970001220703125,52.08000183105469,52.70000076293945,52.2712287902832,20404700
2026-02-18,Materials,XLB,53.0,53.34000015258789,52.7400016784668,53.02000045776367,52.588623046875,11992700
2026-02-19,Materials,XLB,52.650001525878906,53.16999816894531,52.43000030517578,52.83000183105469,52.40017318725586,18340200
2026-02-20,Materials,XLB,52.619998931884766,53.25,52.31999969482422,52.959999084472656,52.529109954833984,17810500
2026-02-23,Materials,XLB,52.4900016784668,53.099998474121094,52.36000061035156,52.959999084472656,52.529109954833984,17353800
2026-02-24,Materials,XLB,52.959999084472656,53.5,52.90999984741211,53.36000061035156,52.92585754394531,13452200
2026-02-25,Materials,XLB,53.72999954223633,53.75,52.66999816894531,53.060001373291016,52.628299713134766,12379300
2026-02-26,Materials,XLB,52.88999938964844,53.119998931884766,52.349998474121094,53.0,52.56878662109375,15645100
2026-02-27,Materials,XLB,52.86000061035156,53.4900016784668,52.66999816894531,53.40999984741211,52.97544860839844,12122700
2026-03-02,Materials,XLB,53.06999969482422,53.38999938964844,52.5099983215332,53.25,52.81675338745117,19444500
2026-03-03,Materials,XLB,51.66999816894531,52.09000015258789,50.689998626708984,51.939998626708984,51.51741027832031,27307900
2026-03-04,Materials,XLB,52.31999969482422,52.380001068115234,51.68000030517578,51.91999816894531,51.4975700378418,17141500
2026-03-05,Materials,XLB,51.599998474121094,51.779998779296875,50.5099983215332,50.83000183105469,50.41644287109375,19897300
2026-03-06,Materials,XLB,50.310001373291016,50.36000061035156,49.439998626708984,49.86000061035156,49.4543342590332,23170700
2026-03-09,Materials,XLB,49.2599983215332,50.189998626708984,48.599998474121094,49.9900016784668,49.583274841308594,22461900
2026-03-10,Materials,XLB,49.9900016784668,50.41999816894531,49.630001068115234,49.880001068115234,49.47417449951172,19215000
2026-03-11,Materials,XLB,49.72999954223633,49.88999938964844,49.279998779296875,49.84000015258789,49.43449783325195,12570900
2026-03-12,Materials,XLB,49.790000915527344,50.22999954223633,49.630001068115234,49.68000030517578,49.27579879760742,19572900
2026-03-13,Materials,XLB,50.029998779296875,50.130001068115234,49.0099983215332,49.189998626708984,48.7897834777832,17240300
2026-03-16,Materials,XLB,49.459999084472656,49.77000045776367,49.09000015258789,49.400001525878906,48.998077392578125,15641100
2026-03-17,Materials,XLB,49.68000030517578,49.97999954223633,49.47999954223633,49.52000045776367,49.11709976196289,12770300
2026-03-18,Materials,XLB,49.18000030517578,49.279998779296875,48.47999954223633,48.47999954223633,48.08556365966797,16432400
2026-03-19,Materials,XLB,47.63999938964844,48.0,47.220001220703125,47.7400016784668,47.35158157348633,23546600
2026-03-20,Materials,XLB,47.849998474121094,47.959999084472656,46.72999954223633,46.97999954223633,46.5977668762207,19735100
2026-03-23,Materials,XLB,47.400001525878906,48.150001525878906,47.36000061035156,47.54999923706055,47.372867584228516,19208000
2026-03-24,Materials,XLB,47.279998779296875,48.790000915527344,47.2400016784668,48.45000076293945,48.26951599121094,15814600
2026-03-25,Materials,XLB,49.0,49.45000076293945,48.66999816894531,49.40999984741211,49.2259407043457,15047100
2026-03-26,Materials,XLB,48.970001220703125,49.72999954223633,48.970001220703125,49.09000015258789,48.90713119506836,12903500
2026-03-27,Materials,XLB,49.040000915527344,49.290000915527344,48.779998779296875,48.90999984741211,48.72780227661133,10746100
2026-03-30,Materials,XLB,49.5099983215332,49.7400016784668,48.900001525878906,49.09000015258789,48.90713119506836,16612900
2026-03-31,Materials,XLB,49.52000045776367,50.22999954223633,49.290000915527344,49.970001220703125,49.78385543823242,20487800
2026-04-01,Materials,XLB,50.34000015258789,50.65999984741211,50.16999816894531,50.459999084472656,50.27202606201172,19966800
2026-04-02,Materials,XLB,50.08000183105469,50.91999816894531,49.90999984741211,50.40999984741211,50.22221374511719,13799900
2026-04-06,Materials,XLB,50.209999084472656,50.43000030517578,49.849998474121094,50.220001220703125,50.03292465209961,8885600
2026-04-07,Materials,XLB,50.119998931884766,50.31999969482422,49.68000030517578,50.08000183105469,49.8934440612793,9953400
2026-04-08,Materials,XLB,51.08000183105469,51.779998779296875,50.77000045776367,51.75,51.55722427368164,14354000
2026-04-09,Materials,XLB,51.560001373291016,52.06999969482422,51.470001220703125,51.66999816894531,51.47751998901367,7658500
2026-04-10,Materials,XLB,51.93000030517578,52.220001220703125,51.880001068115234,51.959999084472656,51.76643753051758,6138500
2026-04-13,Materials,XLB,51.689998626708984,52.2599983215332,51.560001373291016,52.189998626708984,51.995582580566406,9890600
2026-04-14,Materials,XLB,52.2599983215332,52.2599983215332,51.650001525878906,52.0099983215332,51.816253662109375,8273900
2026-04-15,Materials,XLB,51.900001525878906,51.900001525878906,51.2400016784668,51.380001068115234,51.188602447509766,20300500
2026-04-16,Materials,XLB,51.52000045776367,51.970001220703125,51.4900016784668,51.75,51.55722427368164,12382700
2026-04-17,Materials,XLB,51.599998474121094,52.369998931884766,51.470001220703125,51.880001068115234,51.68674087524414,11796000
2026-04-20,Materials,XLB,51.84000015258789,52.400001525878906,51.66999816894531,52.22999954223633,52.03543472290039,8558000
2026-04-21,Materials,XLB,52.25,52.56999969482422,51.63999938964844,51.77000045776367,51.5771484375,9557700
2026-04-22,Materials,XLB,52.2400016784668,52.41999816894531,51.70000076293945,51.83000183105469,51.636924743652344,8933000
2026-04-23,Materials,XLB,51.709999084472656,51.900001525878906,51.279998779296875,51.810001373291016,51.617000579833984,13728200
2026-04-24,Materials,XLB,51.75,52.0,51.33000183105469,51.91999816894531,51.726585388183594,7420300
2026-04-27,Materials,XLB,52.0,52.18000030517578,51.61000061035156,51.779998779296875,51.58710861206055,8025900
2026-04-28,Materials,XLB,51.880001068115234,51.97999954223633,51.0099983215332,51.400001525878906,51.208526611328125,9073000
2026-04-29,Materials,XLB,51.4900016784668,51.5099983215332,50.88999938964844,50.959999084472656,50.770164489746094,7053300
2026-04-30,Materials,XLB,50.91999816894531,51.709999084472656,50.79999923706055,51.470001220703125,51.27826690673828,15282700
2026-05-01,Materials,XLB,51.63999938964844,51.77000045776367,51.34000015258789,51.349998474121094,51.15871047973633,9358200
2026-05-04,Materials,XLB,51.15999984741211,51.2599983215332,50.5,50.650001525878906,50.46132278442383,10041600
2026-05-05,Materials,XLB,51.040000915527344,51.790000915527344,50.88999938964844,51.529998779296875,51.33803939819336,10775100
2026-05-06,Materials,XLB,52.31999969482422,52.66999816894531,52.13999938964844,52.40999984741211,52.21476364135742,10500300
2026-05-07,Materials,XLB,52.599998474121094,52.77000045776367,51.380001068115234,51.400001525878906,51.208526611328125,13026600
2026-05-08,Materials,XLB,51.810001373291016,51.90999984741211,51.5,51.59000015258789,51.39781951904297,7600000
2026-05-11,Materials,XLB,51.86000061035156,52.40999984741211,51.83000183105469,52.2599983215332,52.0653190612793,8586900
2026-05-12,Materials,XLB,52.0,52.290000915527344,51.459999084472656,52.13999938964844,51.945770263671875,11594700
2026-05-13,Materials,XLB,52.130001068115234,52.52000045776367,52.02000045776367,52.060001373291016,51.86606979370117,8455400
2026-05-14,Materials,XLB,52.119998931884766,52.25,51.599998474121094,51.66999816894531,51.47751998901367,10703400
2026-05-15,Materials,XLB,51.0099983215332,51.189998626708984,50.25,50.29999923706055,50.11262130737305,11192800
2026-05-18,Materials,XLB,50.33000183105469,50.720001220703125,50.06999969482422,50.220001220703125,50.03292465209961,10543700
2026-05-19,Materials,XLB,49.779998779296875,49.86000061035156,48.88999938964844,49.040000915527344,48.85731887817383,11881300
2026-05-20,Materials,XLB,48.9900016784668,49.779998779296875,48.900001525878906,49.720001220703125,49.534786224365234,20467000
2026-05-21,Materials,XLB,49.540000915527344,50.25,49.13999938964844,50.02000045776367,49.83366775512695,10235900
2026-05-22,Materials,XLB,50.33000183105469,50.5,49.9900016784668,50.290000915527344,50.1026611328125,6954600
2026-05-26,Materials,XLB,50.68000030517578,51.16999816894531,50.650001525878906,50.9900016784668,50.80005645751953,8241700
2026-05-27,Materials,XLB,51.0099983215332,51.369998931884766,50.97999954223633,51.18000030517578,50.98934555053711,9010300
2026-05-28,Materials,XLB,51.06999969482422,51.470001220703125,50.61000061035156,51.36000061035156,51.16867446899414,10566000
2026-05-29,Materials,XLB,51.279998779296875,51.58000183105469,51.11000061035156,51.150001525878906,50.95945739746094,11728000
2026-06-01,Materials,XLB,50.650001525878906,51.04999923706055,50.130001068115234,50.91999816894531,50.73031234741211,24538000
2026-06-02,Materials,XLB,50.81999969482422,51.66999816894531,50.720001220703125,51.52000045776367,51.32807922363281,19926800
2026-06-03,Materials,XLB,51.349998474121094,52.029998779296875,51.2400016784668,51.630001068115234,51.43767166137695,12438500
2026-06-04,Materials,XLB,51.83000183105469,52.20000076293945,51.439998626708984,51.619998931884766,51.427703857421875,9689200
2026-06-05,Materials,XLB,51.40999984741211,51.650001525878906,50.5,50.630001068115234,50.4413948059082,12395700
2026-06-08,Materials,XLB,50.61000061035156,50.810001373291016,49.90999984741211,49.959999084472656,49.773887634277344,10994300
2026-06-09,Materials,XLB,50.59000015258789,50.81999969482422,49.84000015258789,50.77000045776367,50.580875396728516,13510500
2026-06-10,Materials,XLB,50.75,50.86000061035156,49.56999969482422,49.599998474121094,49.41522979736328,9676500
2026-06-11,Materials,XLB,50.06999969482422,51.33000183105469,50.0,51.220001220703125,51.029197692871094,12442900
2026-06-12,Materials,XLB,51.709999084472656,52.36000061035156,51.52000045776367,52.18000030517578,51.98562240600586,15194700
2026-06-15,Materials,XLB,52.869998931884766,53.20000076293945,52.470001220703125,52.5,52.30442810058594,14993300
2026-06-16,Materials,XLB,52.689998626708984,53.09000015258789,52.63999938964844,52.720001220703125,52.52360916137695,8430000
2026-06-17,Materials,XLB,52.52000045776367,53.310001373291016,51.86000061035156,52.02000045776367,51.82621765136719,16228500
2026-06-18,Materials,XLB,52.220001220703125,52.43000030517578,51.7599983215332,51.810001373291016,51.617000579833984,11934100
2026-06-22,Materials,XLB,51.18000030517578,51.81999969482422,51.150001525878906,51.619998931884766,51.619998931884766,9088400
2026-06-23,Materials,XLB,51.06999969482422,51.47999954223633,50.790000915527344,50.869998931884766,50.869998931884766,10273400
2026-06-24,Materials,XLB,50.869998931884766,51.529998779296875,50.790000915527344,51.15999984741211,51.15999984741211,12425600
2026-06-25,Materials,XLB,51.40999984741211,52.189998626708984,51.27000045776367,51.84000015258789,51.84000015258789,9655000
2026-06-26,Materials,XLB,51.56999969482422,51.88999938964844,51.380001068115234,51.599998474121094,51.599998474121094,9233700
2026-06-29,Materials,XLB,51.279998779296875,51.400001525878906,50.25,50.65999984741211,50.65999984741211,12726100
2026-06-30,Materials,XLB,51.06999969482422,51.189998626708984,50.66999816894531,50.83000183105469,50.83000183105469,8329100
2026-07-01,Materials,XLB,50.720001220703125,51.470001220703125,50.47999954223633,51.02000045776367,51.02000045776367,14128800
2026-07-02,Materials,XLB,51.400001525878906,52.029998779296875,51.29999923706055,52.0099983215332,52.0099983215332,12373700
2026-07-06,Materials,XLB,51.91999816894531,52.040000915527344,51.349998474121094,51.97999954223633,51.97999954223633,20090500
2026-07-07,Materials,XLB,51.959999084472656,52.119998931884766,51.29999923706055,51.5099983215332,51.5099983215332,12304900
2026-07-08,Materials,XLB,51.0,51.040000915527344,49.88999938964844,50.15999984741211,50.15999984741211,13282200
2026-07-09,Materials,XLB,50.369998931884766,50.54999923706055,50.119998931884766,50.2599983215332,50.2599983215332,10529400
2026-07-10,Materials,XLB,50.290000915527344,51.11000061035156,50.290000915527344,50.88999938964844,50.88999938964844,7507300
2026-07-13,Materials,XLB,50.970001220703125,51.349998474121094,50.36000061035156,50.58000183105469,50.58000183105469,9031400
2026-07-14,Materials,XLB,51.150001525878906,51.45000076293945,50.59000015258789,50.63999938964844,50.63999938964844,8755500
2026-07-15,Materials,XLB,50.65999984741211,50.84000015258789,50.11000061035156,50.5,50.5,12323300
2026-07-16,Materials,XLB,50.310001373291016,50.93000030517578,50.279998779296875,50.88999938964844,50.88999938964844,7147400
2026-07-17,Materials,XLB,50.79999923706055,51.45000076293945,50.38999938964844,50.529998779296875,50.529998779296875,8670700
2026-07-20,Materials,XLB,50.63999938964844,50.72999954223633,49.880001068115234,50.029998779296875,50.029998779296875,10680300
2026-07-21,Materials,XLB,50.5,50.540000915527344,49.849998474121094,50.099998474121094,50.099998474121094,8699800
2026-07-22,Materials,XLB,50.33000183105469,50.970001220703125,50.29999923706055,50.81999969482422,50.81999969482422,10222300
2026-07-23,Materials,XLB,50.41999816894531,50.970001220703125,50.119998931884766,50.290000915527344,50.290000915527344,10925000
2026-07-24,Materials,XLB,50.31999969482422,51.27000045776367,50.209999084472656,51.2599983215332,51.2599983215332,12192800
2026-07-27,Materials,XLB,51.470001220703125,51.630001068115234,51.09000015258789,51.38999938964844,51.38999938964844,8704300
2026-07-28,Materials,XLB,52.0,52.779998779296875,51.880001068115234,52.34000015258789,52.34000015258789,11774600
2026-07-29,Materials,XLB,52.34000015258789,52.34000015258789,51.33000183105469,51.7400016784668,51.7400016784668,13744600
2026-07-30,Materials,XLB,52.209999084472656,52.310001373291016,51.279998779296875,51.63999938964844,51.63999938964844,10865900
2026-07-31,Materials,XLB,50.90999984741211,51.04999923706055,50.209999084472656,50.43000030517578,50.43000030517578,18328900
2026-08-03,Materials,XLB,50.7400016784668,51.040000915527344,50.349998474121094,51.0099983215332,51.0099983215332,11963900
2026-08-04,Materials,XLB,51.310001373291016,52.06999969482422,51.029998779296875,52.0,52.0,16876700
2026-08-05,Materials,XLB,52.59000015258789,52.959999084472656,52.45000076293945,52.63999938964844,52.63999938964844,12070300
2026-08-06,Materials,XLB,52.630001068115234,52.86000061035156,52.0099983215332,52.16999816894531,52.16999816894531,9000600
2026-08-07,Materials,XLB,52.34000015258789,52.939998626708984,52.16999816894531,52.86000061035156,52.86000061035156,13068200
2026-08-10,Materials,XLB,52.810001373291016,53.20000076293945,52.61000061035156,53.18000030517578,53.18000030517578,11932600
2026-08-11,Materials,XLB,53.06999969482422,53.599998474121094,53.0,53.2400016784668,53.2400016784668,11450900
2026-08-12,Materials,XLB,53.45000076293945,53.47999954223633,52.540000915527344,52.58000183105469,52.58000183105469,9843200
2026-08-13,Materials,XLB,52.599998474121094,52.779998779296875,52.220001220703125,52.310001373291016,52.310001373291016,10407100
2026-08-14,Materials,XLB,52.459999084472656,52.650001525878906,52.27000045776367,52.540000915527344,52.540000915527344,7479000
2025-08-15,Utilities,XLU,42.869998931884766,43.04499816894531,42.54499816894531,42.810001373291016,41.648563385009766,29576600
2025-08-18,Utilities,XLU,42.875,43.03499984741211,42.564998626708984,42.625,41.46858215332031,16080000
2025-08-19,Utilities,XLU,42.63999938964844,43.060001373291016,42.564998626708984,43.040000915527344,41.8723258972168,16436800
2025-08-20,Utilities,XLU,43.11000061035156,43.36000061035156,42.93000030517578,43.084999084472656,41.916099548339844,20169000
2025-08-21,Utilities,XLU,43.09000015258789,43.310001373291016,42.66999816894531,42.790000915527344,41.62910461425781,16230000
2025-08-22,Utilities,XLU,43.084999084472656,43.27000045776367,42.89500045776367,43.02000045776367,41.852867126464844,19234800
2025-08-25,Utilities,XLU,42.875,43.0,42.4900016784668,42.53499984741211,41.381019592285156,16982200
2025-08-26,Utilities,XLU,42.57500076293945,42.724998474121094,42.380001068115234,42.630001068115234,41.473445892333984,17263000
2025-08-27,Utilities,XLU,42.630001068115234,42.7400016784668,42.5099983215332,42.63999938964844,41.48317337036133,16821400
2025-08-28,Utilities,XLU,42.66999816894531,42.685001373291016,42.25,42.314998626708984,41.166988372802734,16078800
2025-08-29,Utilities,XLU,42.290000915527344,42.380001068115234,42.095001220703125,42.15999984741211,41.01619338989258,19469400
2025-09-02,Utilities,XLU,42.0,42.06999969482422,41.755001068115234,42.02000045776367,40.8799934387207,20655000
2025-09-03,Utilities,XLU,41.875,41.994998931884766,41.689998626708984,41.915000915527344,40.7778434753418,17268000
2025-09-04,Utilities,XLU,42.209999084472656,42.31999969482422,41.64500045776367,41.8650016784668,40.72920227050781,22362200
2025-09-05,Utilities,XLU,41.974998474121094,42.07500076293945,41.404998779296875,41.73500061035156,40.602725982666016,27006800
2025-09-08,Utilities,XLU,41.7599983215332,41.779998779296875,41.150001525878906,41.310001373291016,40.18925857543945,28469400
2025-09-09,Utilities,XLU,41.29999923706055,41.73500061035156,41.224998474121094,41.595001220703125,40.46652603149414,25741400
2025-09-10,Utilities,XLU,41.744998931884766,42.380001068115234,41.744998931884766,42.310001373291016,41.16212844848633,32168800
2025-09-11,Utilities,XLU,42.255001068115234,42.564998626708984,42.19499969482422,42.53499984741211,41.381019592285156,24265200
2025-09-12,Utilities,XLU,42.415000915527344,42.875,42.34000015258789,42.75,41.59019470214844,18727000
2025-09-15,Utilities,XLU,42.755001068115234,43.04999923706055,42.755001068115234,42.849998474121094,41.68748092651367,22818400
2025-09-16,Utilities,XLU,42.775001525878906,42.790000915527344,42.04999923706055,42.06999969482422,40.92863845825195,21652800
2025-09-17,Utilities,XLU,42.345001220703125,42.53499984741211,42.09000015258789,42.17499923706055,41.030784606933594,20168200
2025-09-18,Utilities,XLU,42.099998474121094,42.474998474121094,41.90999984741211,42.20500183105469,41.05997848510742,25303000
2025-09-19,Utilities,XLU,42.310001373291016,42.64500045776367,42.084999084472656,42.474998474121094,41.32264709472656,20974000
2025-09-22,Utilities,XLU,42.209999084472656,42.69499969482422,42.11000061035156,42.599998474121094,41.72323226928711,19477000
2025-09-23,Utilities,XLU,42.53499984741211,42.88999938964844,42.45500183105469,42.81999969482422,41.93870162963867,17900600
2025-09-24,Utilities,XLU,42.900001525878906,43.20000076293945,42.775001525878906,43.125,42.2374267578125,17317600
2025-09-25,Utilities,XLU,43.084999084472656,43.17499923706055,42.709999084472656,42.709999084472656,41.83096694946289,18689600
2025-09-26,Utilities,XLU,42.85499954223633,43.41999816894531,42.814998626708984,43.404998779296875,42.51166534423828,16233800
2025-09-29,Utilities,XLU,43.3849983215332,43.599998474121094,43.08000183105469,43.529998779296875,42.634090423583984,17130800
2025-09-30,Utilities,XLU,43.584999084472656,43.775001525878906,43.29499816894531,43.60499954223633,42.70754623413086,21960000
2025-10-01,Utilities,XLU,43.689998626708984,44.119998931884766,43.6349983215332,44.025001525878906,43.11890411376953,29195400
2025-10-02,Utilities,XLU,43.90999984741211,43.959999084472656,43.619998931884766,43.94499969482422,43.040550231933594,22648600
2025-10-03,Utilities,XLU,44.08000183105469,44.8650016784668,44.04499816894531,44.45500183105469,43.54005432128906,25133200
2025-10-06,Utilities,XLU,44.71500015258789,44.935001373291016,44.40999984741211,44.8849983215332,43.96120071411133,20024200
2025-10-07,Utilities,XLU,45.06999969482422,45.28499984741211,44.95000076293945,45.09000015258789,44.1619873046875,32901800
2025-10-08,Utilities,XLU,45.40999984741211,45.46500015258789,45.064998626708984,45.400001525878906,44.46561050415039,19790400
2025-10-09,Utilities,XLU,45.54999923706055,45.685001373291016,45.19499969482422,45.28499984741211,44.35297393798828,21557400
2025-10-10,Utilities,XLU,45.435001373291016,45.685001373291016,45.04999923706055,45.099998474121094,44.17177963256836,23183800
2025-10-13,Utilities,XLU,45.130001068115234,45.654998779296875,45.11000061035156,45.44499969482422,44.50967788696289,18760600
2025-10-14,Utilities,XLU,45.3650016784668,46.0,45.290000915527344,45.849998474121094,44.906341552734375,17571800
2025-10-15,Utilities,XLU,46.05500030517578,46.59000015258789,46.05500030517578,46.45000076293945,45.493995666503906,19087600
2025-10-16,Utilities,XLU,46.59000015258789,46.8849983215332,45.935001373291016,45.94499969482422,44.999385833740234,29119000
2025-10-17,Utilities,XLU,46.029998779296875,46.095001220703125,45.59000015258789,45.78499984741211,44.842681884765625,21825800
2025-10-20,Utilities,XLU,46.1349983215332,46.244998931884766,45.595001220703125,45.77000045776367,44.82798767089844,25420000
2025-10-21,Utilities,XLU,45.814998626708984,45.869998931884766,45.084999084472656,45.30500030517578,44.37255859375,22107800
2025-10-22,Utilities,XLU,45.404998779296875,45.43000030517578,44.98500061035156,45.20000076293945,44.26972198486328,19108600
2025-10-23,Utilities,XLU,45.494998931884766,45.52000045776367,44.915000915527344,45.165000915527344,44.235443115234375,16134000
2025-10-24,Utilities,XLU,45.42499923706055,45.91999816894531,45.380001068115234,45.69499969482422,44.75453186035156,21737600
2025-10-27,Utilities,XLU,45.69499969482422,45.8650016784668,45.2599983215332,45.81999969482422,44.87696075439453,16042800
2025-10-28,Utilities,XLU,45.98500061035156,45.98500061035156,45.0099983215332,45.064998626708984,44.13749694824219,20661400
2025-10-29,Utilities,XLU,45.060001373291016,45.35499954223633,44.8650016784668,45.04999923706055,44.12281036376953,24271800
2025-10-30,Utilities,XLU,45.0,45.42499923706055,44.845001220703125,44.86000061035156,43.93671798706055,18870800
2025-10-31,Utilities,XLU,44.65999984741211,44.790000915527344,44.314998626708984,44.54999923706055,43.63310241699219,18434000
2025-11-03,Utilities,XLU,44.51499938964844,44.70000076293945,44.05500030517578,44.57500076293945,43.6575813293457,22339600
2025-11-04,Utilities,XLU,44.55500030517578,44.59000015258789,44.224998474121094,44.415000915527344,43.500877380371094,17156200
2025-11-05,Utilities,XLU,44.404998779296875,44.6349983215332,44.220001220703125,44.42499923706055,43.51066970825195,16858200
2025-11-06,Utilities,XLU,44.345001220703125,44.68000030517578,44.209999084472656,44.22999954223633,43.31968307495117,23668200
2025-11-07,Utilities,XLU,44.04999923706055,44.85499954223633,44.04999923706055,44.845001220703125,43.922027587890625,24337600
2025-11-10,Utilities,XLU,44.974998474121094,45.18000030517578,44.44499969482422,44.83000183105469,43.9073371887207,17947200
2025-11-11,Utilities,XLU,44.849998474121094,45.029998779296875,44.60499954223633,44.85499954223633,43.931819915771484,14435400
2025-11-12,Utilities,XLU,44.8849983215332,45.0,44.709999084472656,44.959999084472656,44.0346565246582,15018400
2025-11-13,Utilities,XLU,44.845001220703125,44.845001220703125,44.30500030517578,44.34000015258789,43.42741775512695,20675400
2025-11-14,Utilities,XLU,44.21500015258789,44.720001220703125,44.11000061035156,44.380001068115234,43.46659851074219,20168200
2025-11-17,Utilities,XLU,44.46500015258789,44.93000030517578,44.41999816894531,44.779998779296875,43.85836410522461,24201400
2025-11-18,Utilities,XLU,44.81999969482422,45.03499984741211,44.595001220703125,44.61000061035156,43.69186019897461,25158800
2025-11-19,Utilities,XLU,44.64500045776367,44.77000045776367,44.13999938964844,44.23500061035156,43.324581146240234,25095600
2025-11-20,Utilities,XLU,44.584999084472656,44.86000061035156,43.97999954223633,44.0099983215332,43.104209899902344,25543200
2025-11-21,Utilities,XLU,44.19499969482422,44.25,43.7599983215332,44.07500076293945,43.16787338256836,28589400
2025-11-24,Utilities,XLU,44.13999938964844,44.689998626708984,43.8650016784668,44.57500076293945,43.6575813293457,23572800
2025-11-25,Utilities,XLU,44.689998626708984,44.7599983215332,44.224998474121094,44.404998779296875,43.49108123779297,22195600
2025-11-26,Utilities,XLU,44.64500045776367,45.04999923706055,44.560001373291016,44.994998931884766,44.06894302368164,16759200
2025-11-28,Utilities,XLU,45.06999969482422,45.349998474121094,45.025001525878906,45.314998626708984,44.38235092163086,7882600
2025-12-01,Utilities,XLU,45.060001373291016,45.060001373291016,44.22999954223633,44.255001068115234,43.344173431396484,26339000
2025-12-02,Utilities,XLU,44.459999084472656,44.459999084472656,43.8849983215332,43.939998626708984,43.03565216064453,17384200
2025-12-03,Utilities,XLU,43.974998474121094,44.099998474121094,43.630001068115234,43.79999923706055,42.89853286743164,21728000
2025-12-04,Utilities,XLU,43.775001525878906,44.060001373291016,43.560001373291016,43.709999084472656,42.81038284301758,15535200
2025-12-05,Utilities,XLU,43.720001220703125,43.779998779296875,43.279998779296875,43.29999923706055,42.4088249206543,13474700
2025-12-08,Utilities,XLU,43.380001068115234,43.40999984741211,42.65999984741211,42.720001220703125,41.840763092041016,21607900
2025-12-09,Utilities,XLU,42.95000076293945,43.16999816894531,42.72999954223633,42.75,41.870147705078125,24347200
2025-12-10,Utilities,XLU,42.79999923706055,42.83000183105469,42.41999816894531,42.72999954223633,41.850555419921875,25940200
2025-12-11,Utilities,XLU,42.650001525878906,43.150001525878906,42.650001525878906,43.040000915527344,42.154178619384766,18703300
2025-12-12,Utilities,XLU,43.16999816894531,43.380001068115234,42.77000045776367,42.83000183105469,41.94850158691406,17179800
2025-12-15,Utilities,XLU,43.11000061035156,43.290000915527344,42.83000183105469,43.220001220703125,42.33047103881836,19176400
2025-12-16,Utilities,XLU,43.20000076293945,43.310001373291016,42.779998779296875,43.040000915527344,42.154178619384766,19067900
2025-12-17,Utilities,XLU,43.060001373291016,43.13999938964844,42.540000915527344,42.7599983215332,41.87993621826172,19444600
2025-12-18,Utilities,XLU,43.029998779296875,43.41999816894531,42.970001220703125,43.18000030517578,42.29129409790039,21935800
2025-12-19,Utilities,XLU,43.119998931884766,43.369998931884766,42.599998474121094,42.630001068115234,41.75261688232422,22612000
2025-12-22,Utilities,XLU,42.290000915527344,42.529998779296875,42.029998779296875,42.470001220703125,41.907535552978516,17894900
2025-12-23,Utilities,XLU,42.400001525878906,42.75,42.380001068115234,42.619998931884766,42.055545806884766,15097300
2025-12-24,Utilities,XLU,42.61000061035156,42.86000061035156,42.54999923706055,42.810001373291016,42.24303436279297,5761000
2025-12-26,Utilities,XLU,42.790000915527344,42.869998931884766,42.630001068115234,42.779998779296875,42.21342849731445,8436700
2025-12-29,Utilities,XLU,42.810001373291016,43.11000061035156,42.77000045776367,42.86000061035156,42.2923698425293,12838700
2025-12-30,Utilities,XLU,42.880001068115234,43.040000915527344,42.810001373291016,42.959999084472656,42.39104461669922,9255300
2025-12-31,Utilities,XLU,42.970001220703125,43.0099983215332,42.68000030517578,42.689998626708984,42.1246223449707,10129000
2026-01-02,Utilities,XLU,42.88999938964844,43.38999938964844,42.65999984741211,43.18000030517578,42.608131408691406,20495400
2026-01-05,Utilities,XLU,43.189998626708984,43.290000915527344,42.060001373291016,42.70000076293945,42.134490966796875,27884400
2026-01-06,Utilities,XLU,42.75,42.959999084472656,42.52000045776367,42.90999984741211,42.341705322265625,21861800
2026-01-07,Utilities,XLU,42.95000076293945,42.970001220703125,41.7400016784668,41.869998931884766,41.31547927856445,27613300
2026-01-08,Utilities,XLU,41.81999969482422,42.290000915527344,41.810001373291016,41.9900016784668,41.433895111083984,22853300
2026-01-09,Utilities,XLU,42.52000045776367,42.88999938964844,42.4900016784668,42.5099983215332,41.94700241088867,21518300
2026-01-12,Utilities,XLU,42.380001068115234,42.709999084472656,42.29999923706055,42.58000183105469,42.016082763671875,16810600
2026-01-13,Utilities,XLU,42.619998931884766,42.959999084472656,42.41999816894531,42.849998474121094,42.28250503540039,22207400
2026-01-14,Utilities,XLU,42.810001373291016,43.31999969482422,42.77000045776367,43.16999816894531,42.598262786865234,21403100
2026-01-15,Utilities,XLU,43.31999969482422,43.81999969482422,43.31999969482422,43.61000061035156,43.03243637084961,21762700
2026-01-16,Utilities,XLU,43.16999816894531,43.52000045776367,42.939998626708984,43.38999938964844,42.81535339355469,27803600
2026-01-20,Utilities,XLU,43.119998931884766,43.36000061035156,42.83000183105469,42.959999084472656,42.39104461669922,25300900
2026-01-21,Utilities,XLU,43.310001373291016,43.310001373291016,42.689998626708984,43.02000045776367,42.450252532958984,33736500
2026-01-22,Utilities,XLU,43.20000076293945,43.27000045776367,42.599998474121094,42.709999084472656,42.14435577392578,26170700
2026-01-23,Utilities,XLU,42.709999084472656,42.75,42.29999923706055,42.560001373291016,41.99634552001953,26527200
2026-01-26,Utilities,XLU,42.70000076293945,43.18000030517578,42.65999984741211,42.869998931884766,42.30223846435547,19254000
2026-01-27,Utilities,XLU,42.81999969482422,43.54999923706055,42.599998474121094,43.43000030517578,42.85482406616211,31070500
2026-01-28,Utilities,XLU,43.5,43.66999816894531,43.130001068115234,43.33000183105469,42.75614929199219,25183600
2026-01-29,Utilities,XLU,43.5099983215332,43.77000045776367,43.08000183105469,43.33000183105469,42.75614929199219,27417900
2026-01-30,Utilities,XLU,43.22999954223633,43.380001068115234,42.77000045776367,43.25,42.677207946777344,27998400
2026-02-02,Utilities,XLU,43.29999923706055,43.47999954223633,42.54999923706055,42.619998931884766,42.055545806884766,32847600
2026-02-03,Utilities,XLU,42.65999984741211,43.41999816894531,42.65999984741211,43.2400016784668,42.66733932495117,35525500
2026-02-04,Utilities,XLU,43.470001220703125,43.650001525878906,42.9900016784668,43.08000183105469,42.50946044921875,30994300
2026-02-05,Utilities,XLU,43.220001220703125,43.369998931884766,42.869998931884766,43.099998474121094,42.52919387817383,31475400
2026-02-06,Utilities,XLU,43.4900016784668,43.86000061035156,42.97999954223633,43.349998474121094,42.775882720947266,30530100
2026-02-09,Utilities,XLU,43.369998931884766,43.54999923706055,43.060001373291016,43.47999954223633,42.90415954589844,21173900
2026-02-10,Utilities,XLU,43.75,44.529998779296875,43.560001373291016,44.20000076293945,43.614627838134766,34683600
2026-02-11,Utilities,XLU,44.36000061035156,44.630001068115234,44.13999938964844,44.59000015258789,43.99946212768555,25614800
2026-02-12,Utilities,XLU,44.790000915527344,45.7400016784668,44.7400016784668,45.25,44.650718688964844,45623300
2026-02-13,Utilities,XLU,45.20000076293945,46.599998474121094,45.20000076293945,46.5,45.8841667175293,42451800
2026-02-17,Utilities,XLU,46.79999923706055,47.08000183105469,46.2400016784668,46.380001068115234,45.76575469970703,32424000
2026-02-18,Utilities,XLU,46.61000061035156,46.61000061035156,45.5099983215332,45.61000061035156,45.005950927734375,32841500
2026-02-19,Utilities,XLU,45.779998779296875,46.18000030517578,45.68000030517578,46.11000061035156,45.49932861328125,24172500
2026-02-20,Utilities,XLU,46.29999923706055,46.4900016784668,45.880001068115234,46.33000183105469,45.71641540527344,22623200
2026-02-23,Utilities,XLU,46.470001220703125,46.959999084472656,46.369998931884766,46.68000030517578,46.0617790222168,33130900
2026-02-24,Utilities,XLU,46.63999938964844,47.22999954223633,46.290000915527344,47.20000076293945,46.574893951416016,29503300
2026-02-25,Utilities,XLU,47.209999084472656,47.43000030517578,46.599998474121094,47.36000061035156,46.73277282714844,22356600
2026-02-26,Utilities,XLU,47.27000045776367,47.38999938964844,46.90999984741211,47.18000030517578,46.55515670776367,30578600
2026-02-27,Utilities,XLU,47.20000076293945,47.79999923706055,47.130001068115234,47.72999954223633,47.09787368774414,39759600
2026-03-02,Utilities,XLU,47.40999984741211,47.7400016784668,47.36000061035156,47.369998931884766,46.74264144897461,33087300
2026-03-03,Utilities,XLU,46.70000076293945,47.45000076293945,45.959999084472656,47.06999969482422,46.44661331176758,60946600
2026-03-04,Utilities,XLU,47.09000015258789,47.41999816894531,46.7599983215332,47.27000045776367,46.64396667480469,24020800
2026-03-05,Utilities,XLU,46.95000076293945,47.02000045776367,46.470001220703125,46.900001525878906,46.27886962890625,29794500
2026-03-06,Utilities,XLU,46.630001068115234,46.959999084472656,46.34000015258789,46.7400016784668,46.12098693847656,25001700
2026-03-09,Utilities,XLU,46.560001373291016,46.95000076293945,46.040000915527344,46.849998474121094,46.229530334472656,27759000
2026-03-10,Utilities,XLU,46.63999938964844,47.040000915527344,46.470001220703125,46.560001373291016,45.9433708190918,24935900
2026-03-11,Utilities,XLU,46.5,46.560001373291016,46.0,46.16999816894531,45.55853271484375,20026100
2026-03-12,Utilities,XLU,46.0,47.040000915527344,45.959999084472656,46.5,45.8841667175293,27419900
2026-03-13,Utilities,XLU,46.970001220703125,47.31999969482422,46.86000061035156,46.959999084472656,46.338069915771484,31521000
2026-03-16,Utilities,XLU,47.45000076293945,47.5,46.95000076293945,47.2599983215332,46.63409423828125,19775400
2026-03-17,Utilities,XLU,47.52000045776367,47.63999938964844,47.08000183105469,47.130001068115234,46.505821228027344,18502300
2026-03-18,Utilities,XLU,46.95000076293945,47.150001525878906,46.72999954223633,46.72999954223633,46.11111831665039,31063500
2026-03-19,Utilities,XLU,46.650001525878906,46.900001525878906,46.040000915527344,46.540000915527344,45.92363739013672,29544000
2026-03-20,Utilities,XLU,46.459999084472656,46.65999984741211,44.43000030517578,44.650001525878906,44.05866622924805,47128300
2026-03-23,Utilities,XLU,44.93000030517578,45.189998626708984,44.56999969482422,44.779998779296875,44.495872497558594,31574300
2026-03-24,Utilities,XLU,44.560001373291016,45.540000915527344,44.4900016784668,45.09000015258789,44.80390548706055,24183800
2026-03-25,Utilities,XLU,45.52000045776367,45.650001525878906,45.209999084472656,45.25,44.962890625,22297400
2026-03-26,Utilities,XLU,45.2400016784668,45.47999954223633,45.02000045776367,45.33000183105469,45.04238510131836,19988000
2026-03-27,Utilities,XLU,45.369998931884766,46.08000183105469,45.29999923706055,45.59000015258789,45.30073165893555,26172900
2026-03-30,Utilities,XLU,46.16999816894531,46.34000015258789,45.7599983215332,45.91999816894531,45.62863540649414,28363600
2026-03-31,Utilities,XLU,45.849998474121094,45.95000076293945,45.2599983215332,45.88999938964844,45.59882736206055,42852800
2026-04-01,Utilities,XLU,45.779998779296875,46.279998779296875,45.70000076293945,46.11000061035156,45.81743240356445,31185100
2026-04-02,Utilities,XLU,46.040000915527344,46.59000015258789,45.90999984741211,46.34000015258789,46.04597473144531,17331800
2026-04-06,Utilities,XLU,46.150001525878906,46.5,46.09000015258789,46.16999816894531,45.877052307128906,12939500
2026-04-07,Utilities,XLU,46.060001373291016,46.43000030517578,46.040000915527344,46.27000045776367,45.976417541503906,13657000
2026-04-08,Utilities,XLU,46.290000915527344,46.779998779296875,45.97999954223633,46.779998779296875,46.48318099975586,18879700
2026-04-09,Utilities,XLU,46.65999984741211,47.709999084472656,46.619998931884766,47.150001525878906,46.85083770751953,23274600
2026-04-10,Utilities,XLU,47.060001373291016,47.459999084472656,46.869998931884766,46.959999084472656,46.66204071044922,15052100
2026-04-13,Utilities,XLU,46.84000015258789,46.880001068115234,46.119998931884766,46.38999938964844,46.09565734863281,17795700
2026-04-14,Utilities,XLU,46.400001525878906,46.560001373291016,45.900001525878906,46.470001220703125,46.17515182495117,25118600
2026-04-15,Utilities,XLU,46.310001373291016,46.31999969482422,45.880001068115234,46.02000045776367,45.728004455566406,24843900
2026-04-16,Utilities,XLU,46.0,46.369998931884766,45.84000015258789,46.349998474121094,46.055908203125,26945000
2026-04-17,Utilities,XLU,46.22999954223633,46.279998779296875,45.63999938964844,46.15999984741211,45.86711502075195,17601500
2026-04-20,Utilities,XLU,46.119998931884766,46.34000015258789,45.650001525878906,45.75,45.459716796875,14376100
2026-04-21,Utilities,XLU,45.90999984741211,45.95000076293945,44.90999984741211,44.95000076293945,44.664794921875,19596900
2026-04-22,Utilities,XLU,45.34000015258789,45.619998931884766,44.709999084472656,44.869998931884766,44.58530044555664,21731700
2026-04-23,Utilities,XLU,45.369998931884766,46.13999938964844,45.20000076293945,46.09000015258789,45.79756164550781,23864300
2026-04-24,Utilities,XLU,46.029998779296875,46.29999923706055,45.7400016784668,46.18000030517578,45.88698959350586,24158700
2026-04-27,Utilities,XLU,46.369998931884766,46.5,46.16999816894531,46.189998626708984,45.89692306518555,14543100
2026-04-28,Utilities,XLU,46.439998626708984,46.52000045776367,46.040000915527344,46.25,45.956546783447266,13016000
2026-04-29,Utilities,XLU,46.06999969482422,46.27000045776367,45.560001373291016,45.68000030517578,45.39016342163086,12655100
2026-04-30,Utilities,XLU,45.849998474121094,46.88999938964844,45.849998474121094,46.849998474121094,46.552738189697266,22378500
2026-05-01,Utilities,XLU,46.84000015258789,47.29999923706055,46.52000045776367,46.54999923706055,46.254642486572266,15507000
2026-05-04,Utilities,XLU,46.2599983215332,46.849998474121094,46.09000015258789,46.369998931884766,46.075782775878906,18054200
2026-05-05,Utilities,XLU,46.529998779296875,46.81999969482422,46.36000061035156,46.369998931884766,46.075782775878906,17499600
2026-05-06,Utilities,XLU,46.279998779296875,46.380001068115234,45.63999938964844,45.709999084472656,45.41997146606445,26315500
2026-05-07,Utilities,XLU,45.619998931884766,45.68000030517578,45.0,45.119998931884766,44.83371353149414,23499400
2026-05-08,Utilities,XLU,45.36000061035156,45.5099983215332,44.689998626708984,44.720001220703125,44.43625259399414,18158100
2026-05-11,Utilities,XLU,45.099998474121094,45.310001373291016,44.83000183105469,45.13999938964844,44.85358810424805,22669300
2026-05-12,Utilities,XLU,45.060001373291016,45.380001068115234,44.79999923706055,45.189998626708984,44.90327072143555,28240500
2026-05-13,Utilities,XLU,44.79999923706055,44.81999969482422,44.36000061035156,44.66999816894531,44.38656997680664,27268600
2026-05-14,Utilities,XLU,44.630001068115234,44.91999816894531,44.54999923706055,44.900001525878906,44.6151123046875,18472900
2026-05-15,Utilities,XLU,44.709999084472656,44.77000045776367,43.83000183105469,43.869998931884766,43.591644287109375,21857600
2026-05-18,Utilities,XLU,44.06999969482422,44.209999084472656,43.529998779296875,43.939998626708984,43.66120147705078,31554300
2026-05-19,Utilities,XLU,43.81999969482422,44.40999984741211,43.619998931884766,44.34000015258789,44.05866241455078,22307100
2026-05-20,Utilities,XLU,44.65999984741211,44.86000061035156,44.40999984741211,44.5099983215332,44.22758483886719,17584800
2026-05-21,Utilities,XLU,44.54999923706055,45.0099983215332,44.439998626708984,45.0,44.7144775390625,18781100
2026-05-22,Utilities,XLU,45.060001373291016,45.439998626708984,44.91999816894531,45.349998474121094,45.062252044677734,15187100
2026-05-26,Utilities,XLU,45.59000015258789,45.63999938964844,45.33000183105469,45.33000183105469,45.04238510131836,13738200
2026-05-27,Utilities,XLU,45.25,45.369998931884766,44.95000076293945,45.13999938964844,44.85358810424805,16869400
2026-05-28,Utilities,XLU,45.029998779296875,45.27000045776367,44.58000183105469,44.630001068115234,44.346824645996094,19383000
2026-05-29,Utilities,XLU,44.66999816894531,44.720001220703125,44.25,44.41999816894531,44.138153076171875,23048500
2026-06-01,Utilities,XLU,43.900001525878906,43.959999084472656,43.06999969482422,43.099998474121094,42.82653045654297,31206300
2026-06-02,Utilities,XLU,43.209999084472656,43.959999084472656,43.18000030517578,43.900001525878906,43.621456146240234,27366300
2026-06-03,Utilities,XLU,43.959999084472656,44.47999954223633,43.68000030517578,43.709999084472656,43.43265914916992,21948600
2026-06-04,Utilities,XLU,43.869998931884766,44.11000061035156,43.34000015258789,43.939998626708984,43.66120147705078,18216500
2026-06-05,Utilities,XLU,44.040000915527344,44.619998931884766,43.970001220703125,44.349998474121094,44.068599700927734,21351600
2026-06-08,Utilities,XLU,44.31999969482422,44.380001068115234,43.470001220703125,43.52000045776367,43.243865966796875,20843500
2026-06-09,Utilities,XLU,43.63999938964844,44.08000183105469,43.470001220703125,43.97999954223633,43.70094680786133,20424800
2026-06-10,Utilities,XLU,44.220001220703125,44.279998779296875,43.790000915527344,44.0,43.720821380615234,17778000
2026-06-11,Utilities,XLU,44.220001220703125,44.52000045776367,44.0099983215332,44.04999923706055,43.770503997802734,19146300
2026-06-12,Utilities,XLU,44.189998626708984,44.61000061035156,44.189998626708984,44.529998779296875,44.24745559692383,17942600
2026-06-15,Utilities,XLU,44.47999954223633,45.0,44.189998626708984,44.7400016784668,44.45612716674805,18437600
2026-06-16,Utilities,XLU,44.84000015258789,45.5,44.7599983215332,45.060001373291016,44.77409744262695,16396600
2026-06-17,Utilities,XLU,44.81999969482422,45.16999816894531,44.2400016784668,44.459999084472656,44.17790222167969,22210400
2026-06-18,Utilities,XLU,44.599998474121094,45.34000015258789,44.529998779296875,44.7599983215332,44.47599792480469,36828300
2026-06-22,Utilities,XLU,44.47999954223633,44.970001220703125,44.43000030517578,44.720001220703125,44.720001220703125,21868600
2026-06-23,Utilities,XLU,44.75,45.20000076293945,44.459999084472656,45.06999969482422,45.06999969482422,22295600
2026-06-24,Utilities,XLU,45.290000915527344,45.599998474121094,45.09000015258789,45.540000915527344,45.540000915527344,18884500
2026-06-25,Utilities,XLU,45.65999984741211,46.189998626708984,45.5,45.849998474121094,45.849998474121094,19262800
2026-06-26,Utilities,XLU,46.0,46.22999954223633,45.88999938964844,46.20000076293945,46.20000076293945,19479300
2026-06-29,Utilities,XLU,46.20000076293945,46.310001373291016,45.77000045776367,46.02000045776367,46.02000045776367,17917800
2026-06-30,Utilities,XLU,45.86000061035156,45.95000076293945,45.31999969482422,45.34000015258789,45.34000015258789,18906800
2026-07-01,Utilities,XLU,45.2400016784668,45.36000061035156,44.63999938964844,44.77000045776367,44.77000045776367,29493100
2026-07-02,Utilities,XLU,45.029998779296875,45.79999923706055,45.0,45.7599983215332,45.7599983215332,24327900
2026-07-06,Utilities,XLU,45.709999084472656,45.83000183105469,45.11000061035156,45.29999923706055,45.29999923706055,19176600
2026-07-07,Utilities,XLU,45.630001068115234,46.31999969482422,45.529998779296875,45.70000076293945,45.70000076293945,18962700
2026-07-08,Utilities,XLU,45.7400016784668,45.81999969482422,45.310001373291016,45.36000061035156,45.36000061035156,14863200
2026-07-09,Utilities,XLU,45.560001373291016,45.65999984741211,45.040000915527344,45.130001068115234,45.130001068115234,19667800
2026-07-10,Utilities,XLU,45.119998931884766,45.47999954223633,45.09000015258789,45.40999984741211,45.40999984741211,14050300
2026-07-13,Utilities,XLU,45.45000076293945,45.880001068115234,45.43000030517578,45.720001220703125,45.720001220703125,15732100
2026-07-14,Utilities,XLU,45.93000030517578,46.279998779296875,45.560001373291016,45.689998626708984,45.689998626708984,17386900
2026-07-15,Utilities,XLU,45.72999954223633,45.95000076293945,45.16999816894531,45.220001220703125,45.220001220703125,15909500
2026-07-16,Utilities,XLU,45.2400016784668,45.619998931884766,45.119998931884766,45.470001220703125,45.470001220703125,15615700
2026-07-17,Utilities,XLU,45.900001525878906,46.150001525878906,45.060001373291016,45.16999816894531,45.16999816894531,20924600
2026-07-20,Utilities,XLU,45.33000183105469,45.65999984741211,44.810001373291016,44.939998626708984,44.939998626708984,17830900
2026-07-21,Utilities,XLU,44.869998931884766,45.040000915527344,44.63999938964844,44.91999816894531,44.91999816894531,15891700
2026-07-22,Utilities,XLU,45.27000045776367,45.9900016784668,45.209999084472656,45.93000030517578,45.93000030517578,18366900
2026-07-23,Utilities,XLU,45.650001525878906,46.33000183105469,45.599998474121094,46.189998626708984,46.189998626708984,13696700
2026-07-24,Utilities,XLU,46.400001525878906,46.630001068115234,46.099998474121094,46.290000915527344,46.290000915527344,16109000
2026-07-27,Utilities,XLU,46.130001068115234,46.279998779296875,45.560001373291016,45.68000030517578,45.68000030517578,16609100
2026-07-28,Utilities,XLU,45.86000061035156,46.43000030517578,45.5,45.52000045776367,45.52000045776367,16412000
2026-07-29,Utilities,XLU,45.7599983215332,45.79999923706055,44.72999954223633,44.90999984741211,44.90999984741211,23653200
2026-07-30,Utilities,XLU,45.20000076293945,45.2400016784668,44.36000061035156,44.65999984741211,44.65999984741211,23428600
2026-07-31,Utilities,XLU,44.61000061035156,44.7400016784668,44.310001373291016,44.349998474121094,44.349998474121094,20778500
2026-08-03,Utilities,XLU,44.2400016784668,44.65999984741211,43.939998626708984,44.36000061035156,44.36000061035156,25872600
2026-08-04,Utilities,XLU,44.25,44.290000915527344,43.59000015258789,44.11000061035156,44.11000061035156,26772300
2026-08-05,Utilities,XLU,44.099998474121094,44.130001068115234,43.290000915527344,43.65999984741211,43.65999984741211,26062300
2026-08-06,Utilities,XLU,44.150001525878906,44.27000045776367,43.15999984741211,43.380001068115234,43.380001068115234,27020100
2026-08-07,Utilities,XLU,43.20000076293945,43.869998931884766,42.95000076293945,43.61000061035156,43.61000061035156,18693800
2026-08-10,Utilities,XLU,43.43000030517578,43.52000045776367,43.060001373291016,43.130001068115234,43.130001068115234,25438200
2026-08-11,Utilities,XLU,43.130001068115234,43.709999084472656,43.08000183105469,43.630001068115234,43.630001068115234,19690800
2026-08-12,Utilities,XLU,43.7599983215332,43.959999084472656,43.63999938964844,43.84000015258789,43.84000015258789,15979000
2026-08-13,Utilities,XLU,43.88999938964844,44.20000076293945,43.880001068115234,44.040000915527344,44.040000915527344,17855900
2026-08-14,Utilities,XLU,44.0099983215332,44.40999984741211,43.97999954223633,44.310001373291016,44.310001373291016,17141900
2025-08-15,Defense,ITA,196.1199951171875,196.1199951171875,193.8300018310547,195.0800018310547,194.09274291992188,372900
2025-08-18,Defense,ITA,195.0800018310547,196.32000732421875,194.77999877929688,195.92999267578125,194.9384307861328,620000
2025-08-19,Defense,ITA,195.92999267578125,195.92999267578125,192.67999267578125,193.24000549316406,192.26205444335938,620000
2025-08-20,Defense,ITA,192.86000061035156,194.94000244140625,191.82000732421875,194.30999755859375,193.32662963867188,449100
2025-08-21,Defense,ITA,194.35000610351562,196.08999633789062,194.1199951171875,194.9600067138672,193.9733428955078,346100
2025-08-22,Defense,ITA,195.8300018310547,197.69000244140625,195.66000366210938,195.80999755859375,194.8190460205078,456600
2025-08-25,Defense,ITA,196.14999389648438,197.85000610351562,195.33999633789062,195.36000061035156,194.37130737304688,455000
2025-08-26,Defense,ITA,196.16000366210938,200.1300048828125,196.13999938964844,199.97999572753906,198.9679412841797,536700
2025-08-27,Defense,ITA,200.30999755859375,200.75,198.8699951171875,199.24000549316406,198.23167419433594,1042200
2025-08-28,Defense,ITA,199.63999938964844,200.33999633789062,198.77000427246094,200.16000366210938,199.1470184326172,468900
2025-08-29,Defense,ITA,200.6300048828125,200.6300048828125,197.4600067138672,198.4199981689453,197.41583251953125,382500
2025-09-02,Defense,ITA,197.13999938964844,198.64999389648438,195.44000244140625,198.5,197.49542236328125,514400
2025-09-03,Defense,ITA,198.52000427246094,198.8800048828125,196.1699981689453,196.94000244140625,195.94332885742188,376500
2025-09-04,Defense,ITA,197.66000366210938,198.74000549316406,196.4199981689453,198.52000427246094,197.5153350830078,383300
2025-09-05,Defense,ITA,198.92999267578125,199.5800018310547,194.58999633789062,198.1300048828125,197.12730407714844,623800
2025-09-08,Defense,ITA,198.1199951171875,199.16000366210938,197.19000244140625,197.64999389648438,196.64971923828125,538200
2025-09-09,Defense,ITA,197.25999450683594,197.25999450683594,194.6300048828125,196.22999572753906,195.23692321777344,330900
2025-09-10,Defense,ITA,196.27000427246094,199.0,196.22000122070312,198.89999389648438,197.89340209960938,1073800
2025-09-11,Defense,ITA,199.52000427246094,201.61000061035156,198.97999572753906,200.07000732421875,199.05747985839844,663100
2025-09-12,Defense,ITA,200.0500030517578,200.72999572753906,199.3000030517578,199.4199981689453,198.41078186035156,261700
2025-09-15,Defense,ITA,199.89999389648438,202.11000061035156,199.4199981689453,201.82000732421875,200.7986297607422,445900
2025-09-16,Defense,ITA,201.74000549316406,203.11000061035156,200.85000610351562,201.88999938964844,201.61752319335938,11652500
2025-09-17,Defense,ITA,201.91000366210938,202.33999633789062,199.0,200.52000427246094,200.24937438964844,1890300
2025-09-18,Defense,ITA,200.8699951171875,203.27000427246094,199.69000244140625,202.97000122070312,202.69606018066406,832100
2025-09-19,Defense,ITA,204.02999877929688,204.14999389648438,201.61000061035156,203.39999389648438,203.12547302246094,713700
2025-09-22,Defense,ITA,203.0500030517578,204.5500030517578,202.16000366210938,204.2899932861328,204.01426696777344,773200
2025-09-23,Defense,ITA,204.9199981689453,206.9600067138672,204.60000610351562,206.16000366210938,205.8817596435547,1088300
2025-09-24,Defense,ITA,206.3699951171875,207.1699981689453,203.55999755859375,203.6699981689453,203.39512634277344,454900
2025-09-25,Defense,ITA,202.86000061035156,204.1199951171875,201.47999572753906,203.11000061035156,202.8358612060547,550800
2025-09-26,Defense,ITA,205.32000732421875,207.22000122070312,204.5399932861328,205.6999969482422,205.42236328125,783400
2025-09-29,Defense,ITA,208.35000610351562,208.72999572753906,204.22000122070312,205.44000244140625,205.1627197265625,766200
2025-09-30,Defense,ITA,205.52000427246094,209.50999450683594,205.52000427246094,209.25999450683594,208.97756958007812,637400
2025-10-01,Defense,ITA,208.22000122070312,209.7899932861328,206.92999267578125,209.25,208.9675750732422,643100
2025-10-02,Defense,ITA,209.69000244140625,210.7899932861328,208.02999877929688,209.3800048828125,209.097412109375,1069700
2025-10-03,Defense,ITA,209.8800048828125,211.22000122070312,208.25999450683594,209.5500030517578,209.26718139648438,793300
2025-10-06,Defense,ITA,210.74000549316406,212.83999633789062,210.30999755859375,212.5500030517578,212.2631378173828,596100
2025-10-07,Defense,ITA,213.1999969482422,214.30999755859375,211.80999755859375,212.9600067138672,212.67259216308594,506400
2025-10-08,Defense,ITA,214.5,215.47000122070312,213.9199981689453,215.16000366210938,214.86961364746094,680600
2025-10-09,Defense,ITA,215.38999938964844,215.8000030517578,210.75,211.24000549316406,210.9549102783203,592300
2025-10-10,Defense,ITA,211.83999633789062,212.13999938964844,205.89999389648438,206.0399932861328,205.7619171142578,607600
2025-10-13,Defense,ITA,207.82000732421875,209.60000610351562,207.22000122070312,209.1199951171875,208.83775329589844,474600
2025-10-14,Defense,ITA,207.6699981689453,212.24000549316406,206.27000427246094,210.75,210.46556091308594,448500
2025-10-15,Defense,ITA,212.08999633789062,213.1300048828125,205.7100067138672,207.67999267578125,207.39968872070312,660600
2025-10-16,Defense,ITA,208.2100067138672,209.05999755859375,205.49000549316406,206.25,205.9716339111328,434700
2025-10-17,Defense,ITA,205.14999389648438,206.64999389648438,204.0399932861328,205.92999267578125,205.65206909179688,471000
2025-10-20,Defense,ITA,207.6300048828125,210.22999572753906,207.6300048828125,209.61000061035156,209.3271026611328,550800
2025-10-21,Defense,ITA,212.55999755859375,215.1199951171875,211.85000610351562,213.36000061035156,213.07203674316406,595400
2025-10-22,Defense,ITA,212.8300018310547,213.80999755859375,208.75,210.5399932861328,210.25584411621094,907100
2025-10-23,Defense,ITA,210.97999572753906,215.72000122070312,210.6699981689453,215.72000122070312,215.42886352539062,596600
2025-10-24,Defense,ITA,217.88999938964844,218.19000244140625,216.0,216.86000061035156,216.5673065185547,666700
2025-10-27,Defense,ITA,218.5800018310547,218.94000244140625,217.22999572753906,218.89999389648438,218.6045684814453,560200
2025-10-28,Defense,ITA,219.10000610351562,220.7899932861328,217.50999450683594,217.5399932861328,217.2463836669922,475400
2025-10-29,Defense,ITA,217.52000427246094,218.72000122070312,215.8300018310547,217.4499969482422,217.15650939941406,601900
2025-10-30,Defense,ITA,216.1699981689453,218.99000549316406,215.02000427246094,215.30999755859375,215.0194091796875,504200
2025-10-31,Defense,ITA,215.57000732421875,216.52999877929688,213.9600067138672,215.7899932861328,215.49876403808594,450200
2025-11-03,Defense,ITA,215.89999389648438,216.32000732421875,213.22000122070312,214.97999572753906,214.68984985351562,356300
2025-11-04,Defense,ITA,212.3800048828125,213.80999755859375,210.75999450683594,211.75999450683594,211.4741973876953,522100
2025-11-05,Defense,ITA,209.13999938964844,210.9499969482422,208.4600067138672,209.47000122070312,209.18728637695312,745400
2025-11-06,Defense,ITA,209.0,209.89999389648438,207.38999938964844,207.57000732421875,207.28985595703125,375400
2025-11-07,Defense,ITA,206.08999633789062,210.9199981689453,204.11000061035156,209.0399932861328,208.7578582763672,844700
2025-11-10,Defense,ITA,210.69000244140625,211.58999633789062,208.9499969482422,210.97000122070312,210.6852569580078,399600
2025-11-11,Defense,ITA,211.35000610351562,211.35000610351562,209.27999877929688,210.50999450683594,210.2258758544922,375000
2025-11-12,Defense,ITA,211.17999267578125,211.5,208.66000366210938,209.63999938964844,209.3570556640625,453000
2025-11-13,Defense,ITA,209.57000732421875,210.08999633789062,204.5500030517578,205.0399932861328,204.7632598876953,611900
2025-11-14,Defense,ITA,203.0500030517578,206.82000732421875,201.8000030517578,205.94000244140625,205.66204833984375,475000
2025-11-17,Defense,ITA,205.8000030517578,206.72999572753906,202.5800018310547,203.80999755859375,203.53492736816406,371700
2025-11-18,Defense,ITA,203.2100067138672,204.8300018310547,201.10000610351562,202.75999450683594,202.48634338378906,595600
2025-11-19,Defense,ITA,202.63999938964844,203.85000610351562,201.30999755859375,203.1300048828125,202.85585021972656,443500
2025-11-20,Defense,ITA,206.17999267578125,207.25999450683594,198.6300048828125,198.77000427246094,198.50173950195312,733600
2025-11-21,Defense,ITA,199.25,199.3800048828125,195.7100067138672,198.22999572753906,197.96246337890625,795300
2025-11-24,Defense,ITA,198.42999267578125,200.88999938964844,197.49000549316406,200.69000244140625,200.4191436767578,384700
2025-11-25,Defense,ITA,200.82000732421875,202.88999938964844,198.32000732421875,202.39999389648438,202.12681579589844,429800
2025-11-26,Defense,ITA,202.9499969482422,204.94000244140625,202.88999938964844,203.6999969482422,203.42506408691406,264600
2025-11-28,Defense,ITA,204.1699981689453,205.17999267578125,203.5399932861328,205.10000610351562,204.8231964111328,135800
2025-12-01,Defense,ITA,203.2899932861328,203.58999633789062,199.13999938964844,199.24000549316406,198.97109985351562,668600
2025-12-02,Defense,ITA,200.86000061035156,202.02999877929688,200.47000122070312,201.30999755859375,201.03829956054688,880400
2025-12-03,Defense,ITA,201.35000610351562,201.75,199.44000244140625,201.6199951171875,201.34788513183594,438900
2025-12-04,Defense,ITA,202.0,205.13999938964844,201.55999755859375,204.6699981689453,204.39376831054688,517600
2025-12-05,Defense,ITA,204.9199981689453,204.9199981689453,200.8000030517578,202.41000366210938,202.13682556152344,525900
2025-12-08,Defense,ITA,202.8800048828125,204.52999877929688,202.5,204.35000610351562,204.07420349121094,539200
2025-12-09,Defense,ITA,204.32000732421875,206.25,202.42999267578125,202.6300048828125,202.35653686523438,401900
2025-12-10,Defense,ITA,202.6300048828125,205.8699951171875,201.86000061035156,204.44000244140625,204.16407775878906,502400
2025-12-11,Defense,ITA,204.3699951171875,208.88999938964844,203.4499969482422,208.27000427246094,207.98890686035156,507200
2025-12-12,Defense,ITA,209.00999450683594,211.39999389648438,208.1300048828125,209.41000366210938,209.12738037109375,752100
2025-12-15,Defense,ITA,210.47999572753906,211.47000122070312,209.19000244140625,209.63999938964844,209.3570556640625,359100
2025-12-16,Defense,ITA,208.6699981689453,209.6699981689453,206.89999389648438,207.9499969482422,207.66934204101562,537200
2025-12-17,Defense,ITA,207.32000732421875,209.17999267578125,204.58999633789062,204.8000030517578,204.5236053466797,593800
2025-12-18,Defense,ITA,206.49000549316406,209.49000549316406,206.49000549316406,208.25,207.96893310546875,403400
2025-12-19,Defense,ITA,209.1999969482422,214.66000366210938,209.08999633789062,213.91000366210938,213.62130737304688,686300
2025-12-22,Defense,ITA,215.5,219.75,214.89999389648438,219.36000061035156,219.06393432617188,763400
2025-12-23,Defense,ITA,219.0,220.91000366210938,218.92999267578125,219.69000244140625,219.39349365234375,702400
2025-12-24,Defense,ITA,220.0800018310547,220.67999267578125,219.49000549316406,220.1999969482422,219.90280151367188,190000
2025-12-26,Defense,ITA,220.3699951171875,220.3800048828125,217.77000427246094,218.07000732421875,217.77569580078125,318600
2025-12-29,Defense,ITA,217.5,218.10000610351562,216.83999633789062,217.0,216.70712280273438,268200
2025-12-30,Defense,ITA,218.0500030517578,218.0500030517578,216.22000122070312,216.33999633789062,216.04800415039062,430600
2025-12-31,Defense,ITA,217.11000061035156,217.14999389648438,214.22999572753906,214.69000244140625,214.40023803710938,407200
2026-01-02,Defense,ITA,215.52000427246094,222.00999450683594,213.61000061035156,222.00999450683594,221.71035766601562,829700
2026-01-05,Defense,ITA,223.36000061035156,227.02000427246094,222.8300018310547,226.47999572753906,226.17433166503906,1219400
2026-01-06,Defense,ITA,226.86000061035156,230.8699951171875,226.3699951171875,230.2100067138672,229.89930725097656,1366400
2026-01-07,Defense,ITA,231.27000427246094,232.5399932861328,226.22000122070312,226.41000366210938,226.10443115234375,1985100
2026-01-08,Defense,ITA,232.36000061035156,235.94000244140625,225.11000061035156,227.42999267578125,227.12303161621094,2620200
2026-01-09,Defense,ITA,228.75,233.22999572753906,228.6699981689453,232.97000122070312,232.65557861328125,1200000
2026-01-12,Defense,ITA,233.75999450683594,236.57000732421875,233.55999755859375,236.5500030517578,236.23074340820312,1089100
2026-01-13,Defense,ITA,239.50999450683594,239.5800018310547,236.72999572753906,237.5399932861328,237.2194061279297,1169300
2026-01-14,Defense,ITA,237.13999938964844,239.16000366210938,234.97999572753906,239.16000366210938,238.83721923828125,1066700
2026-01-15,Defense,ITA,239.75999450683594,241.67999267578125,238.30999755859375,241.2100067138672,240.88446044921875,1105700
2026-01-16,Defense,ITA,242.1999969482422,244.75999450683594,241.6199951171875,243.77000427246094,243.4409942626953,1030700
2026-01-20,Defense,ITA,241.57000732421875,244.16000366210938,237.3800048828125,237.89999389648438,237.5789031982422,1460700
2026-01-21,Defense,ITA,239.5399932861328,240.61000061035156,236.0800018310547,240.27000427246094,239.9457244873047,1236100
2026-01-22,Defense,ITA,238.97000122070312,239.5800018310547,235.25999450683594,235.82000732421875,235.50173950195312,1020400
2026-01-23,Defense,ITA,236.5500030517578,237.58999633789062,234.0,235.07000732421875,234.75274658203125,844100
2026-01-26,Defense,ITA,234.5800018310547,235.1999969482422,232.60000610351562,233.3800048828125,233.0650177001953,894500
2026-01-27,Defense,ITA,234.30999755859375,237.30999755859375,233.13999938964844,237.02000427246094,236.7001190185547,798700
2026-01-28,Defense,ITA,236.49000549316406,236.49000549316406,232.52999877929688,233.69000244140625,233.37460327148438,975900
2026-01-29,Defense,ITA,234.9499969482422,236.86000061035156,231.13999938964844,232.77999877929688,232.4658203125,1089700
2026-01-30,Defense,ITA,231.0399932861328,234.25999450683594,229.9600067138672,232.3800048828125,232.06637573242188,544700
2026-02-02,Defense,ITA,231.0,231.8800048828125,228.8000030517578,231.16000366210938,230.8480224609375,869000
2026-02-03,Defense,ITA,233.17999267578125,234.60000610351562,230.16000366210938,234.49000549316406,234.17352294921875,942800
2026-02-04,Defense,ITA,235.3800048828125,235.3800048828125,224.19000244140625,228.0,227.69227600097656,1784900
2026-02-05,Defense,ITA,225.47999572753906,229.85000610351562,225.0,226.17999267578125,225.87472534179688,1125300
2026-02-06,Defense,ITA,228.39999389648438,234.61000061035156,228.39999389648438,233.92999267578125,233.61427307128906,834600
2026-02-09,Defense,ITA,233.9199981689453,236.42999267578125,233.9199981689453,234.83999633789062,234.52304077148438,977300
2026-02-10,Defense,ITA,235.2100067138672,235.30999755859375,232.75999450683594,233.2100067138672,232.895263671875,687500
2026-02-11,Defense,ITA,234.52999877929688,235.10000610351562,229.99000549316406,230.9499969482422,230.6383056640625,555900
2026-02-12,Defense,ITA,233.19000244140625,237.14999389648438,231.97999572753906,232.52999877929688,232.21617126464844,870600
2026-02-13,Defense,ITA,233.36000061035156,238.24000549316406,233.36000061035156,234.8699951171875,234.55299377441406,765200
2026-02-17,Defense,ITA,234.6699981689453,239.89999389648438,234.0,238.1699981689453,237.8485565185547,746100
2026-02-18,Defense,ITA,239.44000244140625,241.32000732421875,238.88999938964844,240.32000732421875,239.99566650390625,873600
2026-02-19,Defense,ITA,240.24000549316406,244.5,239.14999389648438,243.49000549316406,243.161376953125,925700
2026-02-20,Defense,ITA,244.2899932861328,246.22000122070312,242.3699951171875,243.64999389648438,243.32115173339844,891200
2026-02-23,Defense,ITA,242.63999938964844,243.27999877929688,240.61000061035156,241.25999450683594,240.93438720703125,802600
2026-02-24,Defense,ITA,241.0,243.5399932861328,236.72999572753906,243.11000061035156,242.78189086914062,687700
2026-02-25,Defense,ITA,244.89999389648438,244.99000549316406,238.24000549316406,241.22000122070312,240.89442443847656,683900
2026-02-26,Defense,ITA,240.97000122070312,242.82000732421875,238.07000732421875,242.82000732421875,242.49227905273438,694900
2026-02-27,Defense,ITA,240.63999938964844,243.99000549316406,240.55999755859375,243.72000122070312,243.3910675048828,850800
2026-03-02,Defense,ITA,247.8300018310547,250.64999389648438,245.8800048828125,250.5800018310547,250.24180603027344,2692100
2026-03-03,Defense,ITA,248.72999572753906,248.97000122070312,241.07000732421875,244.97999572753906,244.6493682861328,2110700
2026-03-04,Defense,ITA,245.7899932861328,247.22000122070312,242.5800018310547,246.97000122070312,246.6366729736328,1691000
2026-03-05,Defense,ITA,245.3699951171875,246.6300048828125,236.13999938964844,240.0399932861328,239.71603393554688,1879600
2026-03-06,Defense,ITA,238.30999755859375,242.9600067138672,237.00999450683594,242.1999969482422,241.87310791015625,2101400
2026-03-09,Defense,ITA,240.9600067138672,242.36000061035156,236.82000732421875,241.99000549316406,241.6634063720703,1292100
2026-03-10,Defense,ITA,240.83999633789062,242.8699951171875,239.39999389648438,239.72000122070312,239.39645385742188,907400
2026-03-11,Defense,ITA,238.49000549316406,240.16000366210938,236.58999633789062,238.67999267578125,238.35784912109375,780200
2026-03-12,Defense,ITA,236.6699981689453,236.7899932861328,230.6699981689453,231.49000549316406,231.17758178710938,10125700
2026-03-13,Defense,ITA,232.69000244140625,234.13999938964844,227.52999877929688,229.33999633789062,229.0304718017578,1750300
2026-03-16,Defense,ITA,231.1199951171875,233.91000366210938,231.10000610351562,232.80999755859375,232.49578857421875,1613800
2026-03-17,Defense,ITA,233.39999389648438,234.0,230.1300048828125,232.89999389648438,232.7366180419922,816100
2026-03-18,Defense,ITA,232.0800018310547,234.0,231.1999969482422,231.42999267578125,231.2676544189453,694400
2026-03-19,Defense,ITA,229.22000122070312,229.22000122070312,223.58999633789062,227.32000732421875,227.16053771972656,1319900
2026-03-20,Defense,ITA,227.0,227.9499969482422,220.32000732421875,222.55999755859375,222.40386962890625,1194000
2026-03-23,Defense,ITA,226.24000549316406,228.25999450683594,223.22999572753906,223.35000610351562,223.19332885742188,1126200
2026-03-24,Defense,ITA,221.16000366210938,223.61000061035156,219.7100067138672,222.63999938964844,222.48382568359375,1408100
2026-03-25,Defense,ITA,225.07000732421875,226.77999877929688,224.74000549316406,225.86000061035156,225.70156860351562,1350900
2026-03-26,Defense,ITA,223.85000610351562,224.0399932861328,219.35000610351562,220.1199951171875,219.965576171875,1212600
2026-03-27,Defense,ITA,218.97000122070312,219.3300018310547,215.57000732421875,216.0399932861328,215.88844299316406,718100
2026-03-30,Defense,ITA,217.33999633789062,218.5,209.30999755859375,210.7899932861328,210.64212036132812,1478700
2026-03-31,Defense,ITA,213.55999755859375,219.57000732421875,212.50999450683594,218.75,218.59654235839844,827600
2026-04-01,Defense,ITA,221.75,225.82000732421875,221.74000549316406,223.63999938964844,223.48312377929688,1367900
2026-04-02,Defense,ITA,220.47999572753906,225.02000427246094,218.9600067138672,221.91000366210938,221.75433349609375,800700
2026-04-06,Defense,ITA,222.3800048828125,225.3300018310547,221.1999969482422,225.1999969482422,225.04202270507812,787700
2026-04-07,Defense,ITA,224.0,224.08999633789062,221.3800048828125,223.3000030517578,223.1433563232422,593300
2026-04-08,Defense,ITA,231.0500030517578,233.2100067138672,230.5,232.1699981689453,232.00714111328125,691600
2026-04-09,Defense,ITA,230.9199981689453,234.38999938964844,230.77999877929688,231.75999450683594,231.597412109375,651400
2026-04-10,Defense,ITA,231.83999633789062,231.83999633789062,227.47999572753906,229.63999938964844,229.47891235351562,448000
2026-04-13,Defense,ITA,228.52000427246094,233.07000732421875,228.52000427246094,232.80999755859375,232.6466827392578,651200
2026-04-14,Defense,ITA,233.97000122070312,236.66000366210938,233.77999877929688,235.42999267578125,235.2648468017578,621600
2026-04-15,Defense,ITA,236.0399932861328,236.25,232.02000427246094,234.0,233.83584594726562,616600
2026-04-16,Defense,ITA,234.19000244140625,234.88999938964844,228.22999572753906,229.02999877929688,228.8693389892578,663500
2026-04-17,Defense,ITA,232.5500030517578,236.63999938964844,231.74000549316406,231.94000244140625,231.7772979736328,1162400
2026-04-20,Defense,ITA,231.72999572753906,232.77999877929688,230.66000366210938,231.85000610351562,231.68736267089844,392500
2026-04-21,Defense,ITA,230.4600067138672,230.7899932861328,222.25,223.08999633789062,222.93350219726562,955200
2026-04-22,Defense,ITA,225.2899932861328,225.61000061035156,217.05999755859375,219.14999389648438,218.9962615966797,1916800
2026-04-23,Defense,ITA,218.9499969482422,220.7100067138672,214.75,219.11000061035156,218.956298828125,1386700
2026-04-24,Defense,ITA,218.75,218.75,214.11000061035156,215.8000030517578,215.64862060546875,1435300
2026-04-27,Defense,ITA,215.1699981689453,217.5,214.7899932861328,216.0399932861328,215.88844299316406,692600
2026-04-28,Defense,ITA,215.86000061035156,216.6699981689453,213.33999633789062,216.2100067138672,216.05833435058594,1157700
2026-04-29,Defense,ITA,216.77000427246094,217.0,211.82000732421875,213.13999938964844,212.990478515625,1637400
2026-04-30,Defense,ITA,214.00999450683594,219.0,213.9600067138672,218.55999755859375,218.40667724609375,901000
2026-05-01,Defense,ITA,219.7899932861328,219.7899932861328,216.27000427246094,216.27000427246094,216.1182861328125,1026000
2026-05-04,Defense,ITA,216.00999450683594,218.24000549316406,214.3000030517578,214.3300018310547,214.17965698242188,1100300
2026-05-05,Defense,ITA,216.08999633789062,217.0,214.42999267578125,215.3699951171875,215.2189178466797,814000
2026-05-06,Defense,ITA,220.02999877929688,224.44000244140625,219.80999755859375,223.4199981689453,223.26327514648438,1126100
2026-05-07,Defense,ITA,225.25,226.36000061035156,221.39999389648438,222.50999450683594,222.35391235351562,773900
2026-05-08,Defense,ITA,224.64999389648438,224.64999389648438,222.74000549316406,223.49000549316406,223.33323669433594,709700
2026-05-11,Defense,ITA,223.49000549316406,227.25999450683594,221.8800048828125,225.99000549316406,225.83148193359375,811300
2026-05-12,Defense,ITA,225.4600067138672,226.02000427246094,222.33999633789062,225.38999938964844,225.2318878173828,661100
2026-05-13,Defense,ITA,225.0,226.6999969482422,221.5399932861328,225.7100067138672,225.5516815185547,474800
2026-05-14,Defense,ITA,226.4600067138672,226.88999938964844,223.1999969482422,224.4600067138672,224.30255126953125,614000
2026-05-15,Defense,ITA,222.4499969482422,222.4499969482422,216.67999267578125,217.27000427246094,217.1175994873047,733800
2026-05-18,Defense,ITA,218.7100067138672,220.82000732421875,217.72999572753906,220.22999572753906,220.07550048828125,820700
2026-05-19,Defense,ITA,218.89999389648438,219.97999572753906,216.49000549316406,218.32000732421875,218.16685485839844,988300
2026-05-20,Defense,ITA,219.27999877929688,223.64999389648438,218.2899932861328,223.27999877929688,223.1233673095703,880900
2026-05-21,Defense,ITA,221.4499969482422,224.0,220.11000061035156,223.14999389648438,222.9934539794922,486400
2026-05-22,Defense,ITA,225.0,226.24000549316406,224.16000366210938,225.3699951171875,225.21189880371094,459600
2026-05-26,Defense,ITA,227.97000122070312,229.97999572753906,227.61000061035156,229.49000549316406,229.3290252685547,1062300
2026-05-27,Defense,ITA,230.42999267578125,231.27999877929688,227.75999450683594,230.47999572753906,230.3183135986328,1151200
2026-05-28,Defense,ITA,231.16000366210938,236.13999938964844,230.74000549316406,235.57000732421875,235.40475463867188,1107100
2026-05-29,Defense,ITA,234.44000244140625,235.92999267578125,230.97999572753906,235.44000244140625,235.27484130859375,1427700
2026-06-01,Defense,ITA,231.83999633789062,232.99000549316406,227.6699981689453,229.91000366210938,229.74871826171875,993300
2026-06-02,Defense,ITA,229.97000122070312,230.92999267578125,227.50999450683594,228.3300018310547,228.16983032226562,974400
2026-06-03,Defense,ITA,226.02000427246094,227.89999389648438,224.85000610351562,224.88999938964844,224.73223876953125,941300
2026-06-04,Defense,ITA,226.7100067138672,232.22999572753906,226.33999633789062,231.57000732421875,231.40756225585938,1023300
2026-06-05,Defense,ITA,230.39999389648438,232.64999389648438,227.86000061035156,229.4499969482422,229.28904724121094,1018100
2026-06-08,Defense,ITA,230.44000244140625,231.02999877929688,226.25999450683594,227.25999450683594,227.10057067871094,722000
2026-06-09,Defense,ITA,228.42999267578125,231.83999633789062,224.5,230.4499969482422,230.28834533691406,866400
2026-06-10,Defense,ITA,229.94000244140625,230.55999755859375,224.69000244140625,224.8699951171875,224.71224975585938,651400
2026-06-11,Defense,ITA,226.6300048828125,236.0399932861328,226.4600067138672,236.0399932861328,235.87442016601562,1079600
2026-06-12,Defense,ITA,237.02999877929688,237.50999450683594,232.47000122070312,233.7899932861328,233.62599182128906,648500
2026-06-15,Defense,ITA,236.75999450683594,239.1300048828125,236.75999450683594,237.39999389648438,237.39999389648438,697800
2026-06-16,Defense,ITA,237.05999755859375,240.66000366210938,237.05999755859375,239.52000427246094,239.52000427246094,652400
2026-06-17,Defense,ITA,239.4499969482422,245.5,238.85000610351562,242.7899932861328,242.7899932861328,733600
2026-06-18,Defense,ITA,244.9600067138672,246.0,238.07000732421875,238.99000549316406,238.99000549316406,920700
2026-06-22,Defense,ITA,238.77999877929688,239.0,234.64999389648438,235.50999450683594,235.50999450683594,1046700
2026-06-23,Defense,ITA,233.16000366210938,237.30999755859375,232.32000732421875,235.92999267578125,235.92999267578125,553800
2026-06-24,Defense,ITA,235.60000610351562,238.72000122070312,235.60000610351562,236.19000244140625,236.19000244140625,840200
2026-06-25,Defense,ITA,237.55999755859375,241.99000549316406,236.27999877929688,237.3800048828125,237.3800048828125,786300
2026-06-26,Defense,ITA,236.82000732421875,239.63999938964844,235.3800048828125,236.77999877929688,236.77999877929688,524100
2026-06-29,Defense,ITA,238.3000030517578,240.66000366210938,238.00999450683594,239.1300048828125,239.1300048828125,527700
2026-06-30,Defense,ITA,239.3800048828125,242.86000061035156,239.3800048828125,242.4199981689453,242.4199981689453,643300
2026-07-01,Defense,ITA,243.1999969482422,246.13999938964844,242.38999938964844,243.86000061035156,243.86000061035156,858300
2026-07-02,Defense,ITA,246.39999389648438,250.50999450683594,245.5800018310547,248.19000244140625,248.19000244140625,731100
2026-07-06,Defense,ITA,249.05999755859375,251.00999450683594,248.19000244140625,250.77999877929688,250.77999877929688,1064300
2026-07-07,Defense,ITA,250.85000610351562,251.49000549316406,243.8000030517578,245.11000061035156,245.11000061035156,579300
2026-07-08,Defense,ITA,243.2899932861328,243.2899932861328,238.75999450683594,239.6300048828125,239.6300048828125,758600
2026-07-09,Defense,ITA,240.61000061035156,240.7100067138672,239.0,239.6199951171875,239.6199951171875,423700
2026-07-10,Defense,ITA,239.47999572753906,239.7100067138672,235.64999389648438,239.05999755859375,239.05999755859375,496200
2026-07-13,Defense,ITA,238.77000427246094,238.77000427246094,234.27000427246094,235.0500030517578,235.0500030517578,574200
2026-07-14,Defense,ITA,235.75999450683594,238.52999877929688,234.97999572753906,235.27000427246094,235.27000427246094,444500
2026-07-15,Defense,ITA,236.27999877929688,237.25999450683594,233.66000366210938,236.4199981689453,236.4199981689453,529000
2026-07-16,Defense,ITA,234.67999267578125,234.8699951171875,229.11000061035156,230.88999938964844,230.88999938964844,652400
2026-07-17,Defense,ITA,229.94000244140625,235.0800018310547,229.3699951171875,230.72999572753906,230.72999572753906,725000
2026-07-20,Defense,ITA,232.25999450683594,234.13999938964844,228.8000030517578,229.27000427246094,229.27000427246094,773200
2026-07-21,Defense,ITA,229.3800048828125,232.0800018310547,226.60000610351562,229.74000549316406,229.74000549316406,476100
2026-07-22,Defense,ITA,231.22999572753906,233.13999938964844,230.57000732421875,231.11000061035156,231.11000061035156,395600
2026-07-23,Defense,ITA,232.47000122070312,240.3800048828125,232.47000122070312,238.22999572753906,238.22999572753906,802200
2026-07-24,Defense,ITA,239.0,242.47000122070312,238.8800048828125,240.13999938964844,240.13999938964844,1037800
2026-07-27,Defense,ITA,242.4199981689453,246.39999389648438,241.67999267578125,243.91000366210938,243.91000366210938,919200
2026-07-28,Defense,ITA,245.1199951171875,245.75999450683594,241.4199981689453,244.97999572753906,244.97999572753906,640100
2026-07-29,Defense,ITA,245.0500030517578,245.0500030517578,235.82000732421875,236.25999450683594,236.25999450683594,917500
2026-07-30,Defense,ITA,235.9199981689453,238.1300048828125,232.11000061035156,238.1300048828125,238.1300048828125,1023300
2026-07-31,Defense,ITA,238.57000732421875,240.60000610351562,235.8699951171875,239.66000366210938,239.66000366210938,412000
2026-08-03,Defense,ITA,241.94000244140625,246.47000122070312,240.49000549316406,246.0800018310547,246.0800018310547,582200
2026-08-04,Defense,ITA,248.24000549316406,251.33999633789062,246.0,250.64999389648438,250.64999389648438,556100
2026-08-05,Defense,ITA,252.0,253.6300048828125,250.47999572753906,252.27999877929688,252.27999877929688,740800
2026-08-06,Defense,ITA,253.60000610351562,256.6000061035156,249.02999877929688,249.99000549316406,249.99000549316406,1114300
2026-08-07,Defense,ITA,251.1199951171875,251.69000244140625,247.2899932861328,250.75,250.75,408100
2026-08-10,Defense,ITA,251.55999755859375,253.3800048828125,250.52999877929688,251.1300048828125,251.1300048828125,485200
2026-08-11,Defense,ITA,251.5,253.35000610351562,250.58999633789062,251.89999389648438,251.89999389648438,372200
2026-08-12,Defense,ITA,252.22999572753906,252.77000427246094,249.63999938964844,251.6199951171875,251.6199951171875,352400
2026-08-13,Defense,ITA,251.75,252.10000610351562,248.13999938964844,249.69000244140625,249.69000244140625,413800
2026-08-14,Defense,ITA,250.3000030517578,253.25999450683594,250.3000030517578,253.22000122070312,253.22000122070312,410200
2025-08-15,Clean Energy,ICLN,13.720000267028809,14.210000038146973,13.6899995803833,14.100000381469727,13.953693389892578,4513200
2025-08-18,Clean Energy,ICLN,14.300000190734863,15.220000267028809,14.300000190734863,14.489999771118164,14.339646339416504,5585700
2025-08-19,Clean Energy,ICLN,14.449999809265137,14.449999809265137,13.789999961853027,14.329999923706055,14.181305885314941,5438300
2025-08-20,Clean Energy,ICLN,14.369999885559082,14.449999809265137,14.300000190734863,14.390000343322754,14.240684509277344,1897200
2025-08-21,Clean Energy,ICLN,14.25,14.270000457763672,14.140000343322754,14.180000305175781,14.032864570617676,5664100
2025-08-22,Clean Energy,ICLN,14.229999542236328,14.680000305175781,14.229999542236328,14.670000076293945,14.517778396606445,3665600
2025-08-25,Clean Energy,ICLN,14.489999771118164,14.539999961853027,14.390000343322754,14.390000343322754,14.240684509277344,2687300
2025-08-26,Clean Energy,ICLN,14.430000305175781,14.510000228881836,14.359999656677246,14.390000343322754,14.240684509277344,4188500
2025-08-27,Clean Energy,ICLN,14.430000305175781,14.430000305175781,14.300000190734863,14.34000015258789,14.191203117370605,1605300
2025-08-28,Clean Energy,ICLN,14.420000076293945,14.569999694824219,14.390000343322754,14.520000457763672,14.369336128234863,4602400
2025-08-29,Clean Energy,ICLN,14.420000076293945,14.479999542236328,14.369999885559082,14.390000343322754,14.240684509277344,2635400
2025-09-02,Clean Energy,ICLN,14.069999694824219,14.25,14.0,14.15999984741211,14.013071060180664,2757800
2025-09-03,Clean Energy,ICLN,14.180000305175781,14.289999961853027,13.649999618530273,14.199999809265137,14.052655220031738,4976800
2025-09-04,Clean Energy,ICLN,14.239999771118164,14.520000457763672,14.180000305175781,14.329999923706055,14.181305885314941,3844100
2025-09-05,Clean Energy,ICLN,14.600000381469727,14.739999771118164,14.0,14.680000305175781,14.52767562866211,4361900
2025-09-08,Clean Energy,ICLN,14.6899995803833,14.720000267028809,14.510000228881836,14.569999694824219,14.418816566467285,3493600
2025-09-09,Clean Energy,ICLN,14.510000228881836,14.539999961853027,14.329999923706055,14.390000343322754,14.240684509277344,1494700
2025-09-10,Clean Energy,ICLN,14.510000228881836,14.6899995803833,14.489999771118164,14.5600004196167,14.408921241760254,3754700
2025-09-11,Clean Energy,ICLN,14.569999694824219,14.800000190734863,14.569999694824219,14.6899995803833,14.53757095336914,3599300
2025-09-12,Clean Energy,ICLN,14.569999694824219,14.6899995803833,14.5600004196167,14.630000114440918,14.478193283081055,3532500
2025-09-15,Clean Energy,ICLN,14.699999809265137,14.850000381469727,14.609999656677246,14.8100004196167,14.656326293945312,2014600
2025-09-16,Clean Energy,ICLN,14.880000114440918,14.970000267028809,14.829999923706055,14.890000343322754,14.735496520996094,2539500
2025-09-17,Clean Energy,ICLN,14.989999771118164,15.239999771118164,14.9399995803833,15.0600004196167,14.903732299804688,4649800
2025-09-18,Clean Energy,ICLN,15.039999961853027,15.109999656677246,14.880000114440918,15.039999961853027,14.883939743041992,3924900
2025-09-19,Clean Energy,ICLN,15.069999694824219,15.1899995803833,15.069999694824219,15.170000076293945,15.012591361999512,4020700
2025-09-22,Clean Energy,ICLN,15.109999656677246,15.380000114440918,15.069999694824219,15.359999656677246,15.200618743896484,3035900
2025-09-23,Clean Energy,ICLN,15.369999885559082,15.399999618530273,15.149999618530273,15.1899995803833,15.03238296508789,3874600
2025-09-24,Clean Energy,ICLN,15.119999885559082,15.239999771118164,15.069999694824219,15.140000343322754,14.982902526855469,3094600
2025-09-25,Clean Energy,ICLN,15.029999732971191,15.170000076293945,14.960000038146973,15.15999984741211,15.002694129943848,2125200
2025-09-26,Clean Energy,ICLN,15.130000114440918,15.239999771118164,15.0600004196167,15.210000038146973,15.052175521850586,2705400
2025-09-29,Clean Energy,ICLN,15.319999694824219,15.449999809265137,15.3100004196167,15.40999984741211,15.250100135803223,2713800
2025-09-30,Clean Energy,ICLN,15.380000114440918,15.520000457763672,15.220000267028809,15.479999542236328,15.319374084472656,4456100
2025-10-01,Clean Energy,ICLN,15.539999961853027,15.930000305175781,15.539999961853027,15.880000114440918,15.715224266052246,4314200
2025-10-02,Clean Energy,ICLN,15.890000343322754,15.9399995803833,15.789999961853027,15.890000343322754,15.725120544433594,2728400
2025-10-03,Clean Energy,ICLN,15.899999618530273,16.139999389648438,15.859999656677246,15.979999542236328,15.81418514251709,2579700
2025-10-06,Clean Energy,ICLN,16.1299991607666,16.219999313354492,16.020000457763672,16.079999923706055,15.913148880004883,2839900
2025-10-07,Clean Energy,ICLN,16.1299991607666,16.1299991607666,15.859999656677246,15.890000343322754,15.725120544433594,2775300
2025-10-08,Clean Energy,ICLN,15.970000267028809,16.09000015258789,15.920000076293945,16.010000228881836,15.84387493133545,1502400
2025-10-09,Clean Energy,ICLN,16.09000015258789,16.270000457763672,16.049999237060547,16.139999389648438,15.972525596618652,3002000
2025-10-10,Clean Energy,ICLN,16.149999618530273,16.25,15.729999542236328,15.779999732971191,15.61626148223877,2850300
2025-10-13,Clean Energy,ICLN,16.200000762939453,16.5,16.15999984741211,16.3700008392334,16.20013999938965,3905100
2025-10-14,Clean Energy,ICLN,16.219999313354492,16.559999465942383,16.040000915527344,16.420000076293945,16.24962043762207,3088700
2025-10-15,Clean Energy,ICLN,16.729999542236328,16.950000762939453,16.6299991607666,16.8700008392334,16.6949520111084,4651900
2025-10-16,Clean Energy,ICLN,16.969999313354492,17.100000381469727,16.739999771118164,16.790000915527344,16.615781784057617,6215400
2025-10-17,Clean Energy,ICLN,16.600000381469727,16.670000076293945,16.479999542236328,16.530000686645508,16.358478546142578,3962000
2025-10-20,Clean Energy,ICLN,16.739999771118164,16.790000915527344,16.56999969482422,16.600000381469727,16.427753448486328,3598200
2025-10-21,Clean Energy,ICLN,16.579999923706055,16.610000610351562,16.270000457763672,16.34000015258789,16.17045021057129,4319800
2025-10-22,Clean Energy,ICLN,16.229999542236328,16.309999465942383,15.880000114440918,16.1200008392334,15.95273494720459,3371500
2025-10-23,Clean Energy,ICLN,16.09000015258789,16.40999984741211,16.09000015258789,16.34000015258789,16.17045021057129,2518700
2025-10-24,Clean Energy,ICLN,16.690000534057617,16.760000228881836,16.59000015258789,16.700000762939453,16.526716232299805,4118300
2025-10-27,Clean Energy,ICLN,16.790000915527344,16.809999465942383,16.59000015258789,16.75,16.576194763183594,1604900
2025-10-28,Clean Energy,ICLN,16.8700008392334,17.010000228881836,16.81999969482422,16.889999389648438,16.71474266052246,4450500
2025-10-29,Clean Energy,ICLN,17.18000030517578,17.579999923706055,17.149999618530273,17.31999969482422,17.14027976989746,5783000
2025-10-30,Clean Energy,ICLN,17.190000534057617,17.229999542236328,17.020000457763672,17.030000686645508,16.853290557861328,1676900
2025-10-31,Clean Energy,ICLN,17.1200008392334,17.329999923706055,17.059999465942383,17.299999237060547,17.1204891204834,4080200
2025-11-03,Clean Energy,ICLN,17.450000762939453,17.719999313354492,17.43000030517578,17.600000381469727,17.417375564575195,6401700
2025-11-04,Clean Energy,ICLN,17.260000228881836,17.479999542236328,17.149999618530273,17.170000076293945,16.991838455200195,2801500
2025-11-05,Clean Energy,ICLN,17.479999542236328,18.200000762939453,17.469999313354492,18.100000381469727,17.912189483642578,5201400
2025-11-06,Clean Energy,ICLN,18.079999923706055,18.100000381469727,17.700000762939453,17.770000457763672,17.585613250732422,3075600
2025-11-07,Clean Energy,ICLN,17.59000015258789,17.690000534057617,17.190000534057617,17.65999984741211,17.47675323486328,4766700
2025-11-10,Clean Energy,ICLN,18.040000915527344,18.110000610351562,17.81999969482422,18.010000228881836,17.823122024536133,7738700
2025-11-11,Clean Energy,ICLN,18.030000686645508,18.030000686645508,17.639999389648438,17.760000228881836,17.575716018676758,1587200
2025-11-12,Clean Energy,ICLN,17.8799991607666,17.8799991607666,17.489999771118164,17.65999984741211,17.47675323486328,2642300
2025-11-13,Clean Energy,ICLN,17.540000915527344,17.540000915527344,16.719999313354492,16.8700008392334,16.6949520111084,5232500
2025-11-14,Clean Energy,ICLN,16.510000228881836,17.190000534057617,16.459999084472656,17.020000457763672,16.843393325805664,2604200
2025-11-17,Clean Energy,ICLN,16.90999984741211,17.079999923706055,16.690000534057617,16.799999237060547,16.625675201416016,7109200
2025-11-18,Clean Energy,ICLN,16.549999237060547,16.799999237060547,16.510000228881836,16.600000381469727,16.427753448486328,10769300
2025-11-19,Clean Energy,ICLN,16.520000457763672,16.809999465942383,16.520000457763672,16.559999465942383,16.388166427612305,1530600
2025-11-20,Clean Energy,ICLN,16.8700008392334,16.950000762939453,16.049999237060547,16.079999923706055,15.913148880004883,3986200
2025-11-21,Clean Energy,ICLN,16.030000686645508,16.110000610351562,15.630000114440918,16.06999969482422,15.903252601623535,4390800
2025-11-24,Clean Energy,ICLN,16.06999969482422,16.309999465942383,16.059999465942383,16.290000915527344,16.120969772338867,1485900
2025-11-25,Clean Energy,ICLN,16.270000457763672,16.950000762939453,16.020000457763672,16.43000030517578,16.259517669677734,4261700
2025-11-26,Clean Energy,ICLN,16.600000381469727,16.850000381469727,16.5,16.799999237060547,16.625675201416016,3124100
2025-11-28,Clean Energy,ICLN,16.84000015258789,17.020000457763672,16.780000686645508,16.989999771118164,16.813705444335938,4848400
2025-12-01,Clean Energy,ICLN,16.799999237060547,16.850000381469727,16.520000457763672,16.549999237060547,16.378271102905273,1903200
2025-12-02,Clean Energy,ICLN,16.75,16.84000015258789,16.639999389648438,16.719999313354492,16.546506881713867,1355100
2025-12-03,Clean Energy,ICLN,16.670000076293945,16.719999313354492,16.530000686645508,16.639999389648438,16.467336654663086,1234300
2025-12-04,Clean Energy,ICLN,16.6200008392334,17.0,16.610000610351562,16.969999313354492,16.793912887573242,1961500
2025-12-05,Clean Energy,ICLN,16.969999313354492,17.06999969482422,16.40999984741211,16.8700008392334,16.6949520111084,1849300
2025-12-08,Clean Energy,ICLN,16.899999618530273,16.959999084472656,16.559999465942383,16.700000762939453,16.526716232299805,1492200
2025-12-09,Clean Energy,ICLN,16.639999389648438,17.5,16.610000610351562,16.68000030517578,16.50692367553711,1506200
2025-12-10,Clean Energy,ICLN,16.600000381469727,16.860000610351562,16.489999771118164,16.739999771118164,16.566299438476562,1345900
2025-12-11,Clean Energy,ICLN,16.65999984741211,17.049999237060547,16.540000915527344,17.040000915527344,16.863187789916992,3216200
2025-12-12,Clean Energy,ICLN,17.059999465942383,17.06999969482422,16.489999771118164,16.600000381469727,16.427753448486328,1957700
2025-12-15,Clean Energy,ICLN,16.719999313354492,16.75,16.540000915527344,16.579999923706055,16.407960891723633,1552600
2025-12-16,Clean Energy,ICLN,16.329999923706055,16.43000030517578,16.190000534057617,16.290000915527344,16.246395111083984,1354700
2025-12-17,Clean Energy,ICLN,16.299999237060547,16.399999618530273,15.9399995803833,16.0,15.957170486450195,2292400
2025-12-18,Clean Energy,ICLN,16.15999984741211,16.350000381469727,16.1299991607666,16.18000030517578,16.136688232421875,3517300
2025-12-19,Clean Energy,ICLN,16.290000915527344,16.510000228881836,16.270000457763672,16.440000534057617,16.395992279052734,2193500
2025-12-22,Clean Energy,ICLN,16.43000030517578,16.68000030517578,16.3700008392334,16.649999618530273,16.605430603027344,2143700
2025-12-23,Clean Energy,ICLN,16.600000381469727,16.6299991607666,16.440000534057617,16.540000915527344,16.495725631713867,1477000
2025-12-24,Clean Energy,ICLN,16.540000915527344,16.610000610351562,16.489999771118164,16.579999923706055,16.53561782836914,2112700
2025-12-26,Clean Energy,ICLN,16.59000015258789,16.649999618530273,16.520000457763672,16.6200008392334,16.575511932373047,1091400
2025-12-29,Clean Energy,ICLN,16.479999542236328,16.649999618530273,16.420000076293945,16.520000457763672,16.475778579711914,1838000
2025-12-30,Clean Energy,ICLN,16.610000610351562,16.610000610351562,16.43000030517578,16.450000762939453,16.40596580505371,1470400
2025-12-31,Clean Energy,ICLN,16.450000762939453,16.489999771118164,16.350000381469727,16.43000030517578,16.38602066040039,6696900
2026-01-02,Clean Energy,ICLN,16.700000762939453,17.1200008392334,16.6299991607666,17.100000381469727,17.05422592163086,6497400
2026-01-05,Clean Energy,ICLN,17.18000030517578,17.25,16.90999984741211,17.1299991607666,17.084144592285156,5378500
2026-01-06,Clean Energy,ICLN,17.219999313354492,17.31999969482422,17.030000686645508,17.200000762939453,17.153959274291992,3806600
2026-01-07,Clean Energy,ICLN,17.139999389648438,17.18000030517578,16.940000534057617,16.979999542236328,16.934547424316406,3790800
2026-01-08,Clean Energy,ICLN,17.040000915527344,17.31999969482422,17.040000915527344,17.1200008392334,17.074172973632812,8355200
2026-01-09,Clean Energy,ICLN,17.149999618530273,17.34000015258789,17.110000610351562,17.31999969482422,17.273635864257812,3840200
2026-01-12,Clean Energy,ICLN,17.190000534057617,17.59000015258789,17.149999618530273,17.559999465942383,17.51299476623535,4714000
2026-01-13,Clean Energy,ICLN,17.530000686645508,17.68000030517578,17.43000030517578,17.549999237060547,17.503021240234375,2833300
2026-01-14,Clean Energy,ICLN,17.530000686645508,17.549999237060547,17.299999237060547,17.360000610351562,17.31352996826172,3584200
2026-01-15,Clean Energy,ICLN,17.459999084472656,17.68000030517578,17.3799991607666,17.510000228881836,17.4631290435791,4719800
2026-01-16,Clean Energy,ICLN,17.610000610351562,17.790000915527344,17.489999771118164,17.700000762939453,17.652620315551758,5093900
2026-01-20,Clean Energy,ICLN,17.43000030517578,17.6200008392334,17.260000228881836,17.530000686645508,17.483076095581055,5590500
2026-01-21,Clean Energy,ICLN,17.59000015258789,17.739999771118164,17.3700008392334,17.739999771118164,17.69251251220703,4942500
2026-01-22,Clean Energy,ICLN,18.010000228881836,18.219999313354492,17.93000030517578,18.110000610351562,18.0615234375,5359000
2026-01-23,Clean Energy,ICLN,18.190000534057617,18.389999389648438,18.030000686645508,18.270000457763672,18.221094131469727,6115600
2026-01-26,Clean Energy,ICLN,18.209999084472656,18.43000030517578,18.079999923706055,18.200000762939453,18.151281356811523,7202000
2026-01-27,Clean Energy,ICLN,18.34000015258789,18.6299991607666,18.229999542236328,18.579999923706055,18.530263900756836,4694900
2026-01-28,Clean Energy,ICLN,18.809999465942383,19.100000381469727,18.770000457763672,19.030000686645508,18.979061126708984,9065500
2026-01-29,Clean Energy,ICLN,19.0,19.0,18.1200008392334,18.510000228881836,18.460451126098633,8559900
2026-01-30,Clean Energy,ICLN,18.440000534057617,18.639999389648438,18.020000457763672,18.149999618530273,18.101415634155273,4411900
2026-02-02,Clean Energy,ICLN,18.059999465942383,18.329999923706055,17.899999618530273,18.229999542236328,18.18120002746582,3880600
2026-02-03,Clean Energy,ICLN,18.450000762939453,18.93000030517578,18.0,18.760000228881836,18.70978355407715,7024600
2026-02-04,Clean Energy,ICLN,19.229999542236328,19.350000381469727,18.299999237060547,18.739999771118164,18.689836502075195,6283000
2026-02-05,Clean Energy,ICLN,18.3700008392334,18.520000457763672,18.06999969482422,18.110000610351562,18.0615234375,5094300
2026-02-06,Clean Energy,ICLN,18.549999237060547,18.770000457763672,18.31999969482422,18.610000610351562,18.560184478759766,3769100
2026-02-09,Clean Energy,ICLN,18.760000228881836,19.059999465942383,18.639999389648438,19.040000915527344,18.98903465270996,3178000
2026-02-10,Clean Energy,ICLN,18.940000534057617,19.100000381469727,18.649999618530273,18.850000381469727,18.799541473388672,7047200
2026-02-11,Clean Energy,ICLN,19.09000015258789,19.209999084472656,18.459999084472656,19.040000915527344,18.98903465270996,5629100
2026-02-12,Clean Energy,ICLN,19.06999969482422,19.06999969482422,18.299999237060547,18.3799991607666,18.330799102783203,2824400
2026-02-13,Clean Energy,ICLN,18.190000534057617,18.549999237060547,17.989999771118164,18.420000076293945,18.37069320678711,2791300
2026-02-17,Clean Energy,ICLN,18.43000030517578,18.809999465942383,18.329999923706055,18.729999542236328,18.67986297607422,2824000
2026-02-18,Clean Energy,ICLN,18.860000610351562,19.110000610351562,18.75,19.030000686645508,18.979061126708984,7145400
2026-02-19,Clean Energy,ICLN,18.850000381469727,18.979999542236328,18.700000762939453,18.809999465942383,18.759647369384766,3953800
2026-02-20,Clean Energy,ICLN,18.700000762939453,19.040000915527344,18.610000610351562,18.90999984741211,18.8593807220459,2913500
2026-02-23,Clean Energy,ICLN,18.799999237060547,19.010000228881836,18.68000030517578,18.979999542236328,18.9291934967041,2348300
2026-02-24,Clean Energy,ICLN,18.969999313354492,19.3799991607666,18.75,19.190000534057617,19.13863182067871,6780200
2026-02-25,Clean Energy,ICLN,19.149999618530273,19.309999465942383,19.06999969482422,19.09000015258789,19.038898468017578,3939700
2026-02-26,Clean Energy,ICLN,18.899999618530273,18.920000076293945,18.3799991607666,18.670000076293945,18.620023727416992,7281100
2026-02-27,Clean Energy,ICLN,18.5,18.540000915527344,17.989999771118164,18.219999313354492,18.171226501464844,7180500
2026-03-02,Clean Energy,ICLN,17.860000610351562,18.389999389648438,17.719999313354492,18.329999923706055,18.280933380126953,6311500
2026-03-03,Clean Energy,ICLN,17.6200008392334,17.829999923706055,17.34000015258789,17.719999313354492,17.672565460205078,3221000
2026-03-04,Clean Energy,ICLN,17.81999969482422,18.170000076293945,17.780000686645508,18.09000015258789,18.041576385498047,3232200
2026-03-05,Clean Energy,ICLN,17.93000030517578,18.09000015258789,17.530000686645508,17.790000915527344,17.742380142211914,4089300
2026-03-06,Clean Energy,ICLN,17.530000686645508,17.729999542236328,17.3799991607666,17.43000030517578,17.383342742919922,3881500
2026-03-09,Clean Energy,ICLN,17.34000015258789,18.06999969482422,17.309999465942383,17.959999084472656,17.911922454833984,4036500
2026-03-10,Clean Energy,ICLN,18.09000015258789,18.530000686645508,18.09000015258789,18.25,18.201147079467773,9196700
2026-03-11,Clean Energy,ICLN,18.3700008392334,18.739999771118164,18.360000610351562,18.510000228881836,18.460451126098633,5373800
2026-03-12,Clean Energy,ICLN,18.5,18.610000610351562,18.290000915527344,18.389999389648438,18.34077262878418,3788800
2026-03-13,Clean Energy,ICLN,18.549999237060547,18.809999465942383,18.31999969482422,18.3799991607666,18.330799102783203,3650900
2026-03-16,Clean Energy,ICLN,18.559999465942383,18.739999771118164,18.3799991607666,18.520000457763672,18.47042465209961,4971100
2026-03-17,Clean Energy,ICLN,18.59000015258789,18.770000457763672,18.549999237060547,18.760000228881836,18.70978355407715,2871100
2026-03-18,Clean Energy,ICLN,18.670000076293945,18.729999542236328,18.360000610351562,18.3700008392334,18.32082748413086,3455300
2026-03-19,Clean Energy,ICLN,18.09000015258789,18.780000686645508,17.979999542236328,18.75,18.699810028076172,6818800
2026-03-20,Clean Energy,ICLN,18.719999313354492,18.829999923706055,17.959999084472656,18.059999465942383,18.011655807495117,6749500
2026-03-23,Clean Energy,ICLN,18.299999237060547,18.579999923706055,18.010000228881836,18.18000030517578,18.131336212158203,3975200
2026-03-24,Clean Energy,ICLN,17.93000030517578,18.420000076293945,17.920000076293945,18.309999465942383,18.260986328125,1714800
2026-03-25,Clean Energy,ICLN,18.559999465942383,18.889999389648438,18.559999465942383,18.809999465942383,18.759647369384766,3760600
2026-03-26,Clean Energy,ICLN,18.440000534057617,18.56999969482422,18.0,18.030000686645508,17.98173713684082,5430400
2026-03-27,Clean Energy,ICLN,17.90999984741211,18.1200008392334,17.760000228881836,17.850000381469727,17.80221939086914,10805400
2026-03-30,Clean Energy,ICLN,18.049999237060547,18.049999237060547,17.3799991607666,17.510000228881836,17.4631290435791,7429300
2026-03-31,Clean Energy,ICLN,17.649999618530273,18.290000915527344,17.600000381469727,18.290000915527344,18.24104118347168,7557500
2026-04-01,Clean Energy,ICLN,18.270000457763672,18.469999313354492,18.170000076293945,18.25,18.201147079467773,5401900
2026-04-02,Clean Energy,ICLN,17.809999465942383,18.34000015258789,17.809999465942383,18.049999237060547,18.00168228149414,7989900
2026-04-06,Clean Energy,ICLN,18.079999923706055,18.15999984741211,17.799999237060547,17.889999389648438,17.842111587524414,5603100
2026-04-07,Clean Energy,ICLN,17.84000015258789,17.8700008392334,17.5,17.850000381469727,17.80221939086914,6754300
2026-04-08,Clean Energy,ICLN,18.520000457763672,18.690000534057617,18.3799991607666,18.520000457763672,18.47042465209961,4451600
2026-04-09,Clean Energy,ICLN,18.459999084472656,18.850000381469727,18.450000762939453,18.639999389648438,18.590103149414062,2136200
2026-04-10,Clean Energy,ICLN,18.780000686645508,19.059999465942383,18.719999313354492,18.920000076293945,18.869354248046875,4450000
2026-04-13,Clean Energy,ICLN,18.8799991607666,19.010000228881836,18.829999923706055,18.969999313354492,18.919219970703125,9273000
2026-04-14,Clean Energy,ICLN,19.43000030517578,19.739999771118164,19.360000610351562,19.729999542236328,19.67718505859375,6600500
2026-04-15,Clean Energy,ICLN,19.860000610351562,19.940000534057617,19.479999542236328,19.530000686645508,19.47772216796875,9396600
2026-04-16,Clean Energy,ICLN,19.549999237060547,19.579999923706055,19.139999389648438,19.350000381469727,19.298202514648438,5889200
2026-04-17,Clean Energy,ICLN,19.59000015258789,19.68000030517578,19.280000686645508,19.399999618530273,19.348068237304688,7503800
2026-04-20,Clean Energy,ICLN,19.360000610351562,19.670000076293945,19.239999771118164,19.649999618530273,19.59739875793457,6217000
2026-04-21,Clean Energy,ICLN,19.670000076293945,19.889999389648438,19.3700008392334,19.399999618530273,19.348068237304688,5995600
2026-04-22,Clean Energy,ICLN,19.780000686645508,20.040000915527344,19.739999771118164,19.850000381469727,19.796865463256836,5811700
2026-04-23,Clean Energy,ICLN,19.93000030517578,20.25,19.850000381469727,20.139999389648438,20.086088180541992,4912500
2026-04-24,Clean Energy,ICLN,20.239999771118164,20.239999771118164,19.8700008392334,19.989999771118164,19.93648910522461,5947800
2026-04-27,Clean Energy,ICLN,20.15999984741211,20.239999771118164,19.920000076293945,20.18000030517578,20.1259822845459,6915600
2026-04-28,Clean Energy,ICLN,19.969999313354492,20.1200008392334,19.670000076293945,19.84000015258789,19.78689193725586,8220000
2026-04-29,Clean Energy,ICLN,20.420000076293945,20.489999771118164,20.030000686645508,20.329999923706055,20.27557945251465,7808000
2026-04-30,Clean Energy,ICLN,20.600000381469727,20.780000686645508,20.209999084472656,20.770000457763672,20.71440315246582,6527800
2026-05-01,Clean Energy,ICLN,20.81999969482422,21.059999465942383,20.649999618530273,20.950000762939453,20.8939208984375,7454400
2026-05-04,Clean Energy,ICLN,20.979999542236328,21.09000015258789,20.450000762939453,20.760000228881836,20.704429626464844,7781900
2026-05-05,Clean Energy,ICLN,21.0,21.329999923706055,20.920000076293945,21.290000915527344,21.23301124572754,8793300
2026-05-06,Clean Energy,ICLN,21.3700008392334,21.5,21.06999969482422,21.31999969482422,21.262929916381836,8927700
2026-05-07,Clean Energy,ICLN,21.3700008392334,21.3799991607666,20.610000610351562,20.709999084472656,20.65456199645996,8867000
2026-05-08,Clean Energy,ICLN,21.079999923706055,21.299999237060547,20.829999923706055,21.15999984741211,21.103357315063477,5085300
2026-05-11,Clean Energy,ICLN,21.299999237060547,22.059999465942383,21.270000457763672,21.729999542236328,21.671831130981445,9835200
2026-05-12,Clean Energy,ICLN,21.59000015258789,21.610000610351562,21.030000686645508,21.3799991607666,21.322769165039062,8198100
2026-05-13,Clean Energy,ICLN,21.84000015258789,22.100000381469727,21.440000534057617,21.8799991607666,21.821430206298828,8182200
2026-05-14,Clean Energy,ICLN,21.760000228881836,22.170000076293945,21.350000381469727,22.1299991607666,22.07076072692871,6017100
2026-05-15,Clean Energy,ICLN,21.459999084472656,22.020000457763672,21.219999313354492,21.790000915527344,21.731672286987305,5664500
2026-05-18,Clean Energy,ICLN,21.940000534057617,21.959999084472656,21.040000915527344,21.329999923706055,21.272903442382812,7459600
2026-05-19,Clean Energy,ICLN,21.030000686645508,21.209999084472656,20.520000457763672,20.989999771118164,20.933813095092773,5031900
2026-05-20,Clean Energy,ICLN,21.09000015258789,21.719999313354492,20.889999389648438,21.520000457763672,21.46239471435547,7824900
2026-05-21,Clean Energy,ICLN,21.3700008392334,22.40999984741211,21.31999969482422,22.18000030517578,22.120628356933594,6413300
2026-05-22,Clean Energy,ICLN,22.309999465942383,22.510000228881836,22.110000610351562,22.40999984741211,22.350011825561523,5513800
2026-05-26,Clean Energy,ICLN,22.899999618530273,23.190000534057617,22.700000762939453,22.93000030517578,22.868619918823242,4092600
2026-05-27,Clean Energy,ICLN,22.989999771118164,23.31999969482422,22.670000076293945,23.149999618530273,23.088029861450195,5557300
2026-05-28,Clean Energy,ICLN,23.079999923706055,23.649999618530273,23.030000686645508,23.399999618530273,23.33736228942871,9822900
2026-05-29,Clean Energy,ICLN,23.520000457763672,23.780000686645508,23.190000534057617,23.56999969482422,23.506906509399414,8428300
2026-06-01,Clean Energy,ICLN,23.3799991607666,23.3799991607666,22.65999984741211,23.040000915527344,22.97832679748535,5708100
2026-06-02,Clean Energy,ICLN,22.920000076293945,23.75,22.8700008392334,23.75,23.686424255371094,5993300
2026-06-03,Clean Energy,ICLN,23.5,23.540000915527344,22.989999771118164,23.09000015258789,23.0281925201416,4662400
2026-06-04,Clean Energy,ICLN,22.739999771118164,23.260000228881836,22.579999923706055,23.100000381469727,23.038166046142578,3926300
2026-06-05,Clean Energy,ICLN,22.579999923706055,22.579999923706055,21.149999618530273,21.31999969482422,21.262929916381836,8846000
2026-06-08,Clean Energy,ICLN,21.56999969482422,21.6299991607666,20.950000762939453,21.0,20.94378662109375,5292800
2026-06-09,Clean Energy,ICLN,21.350000381469727,21.440000534057617,19.989999771118164,20.6299991607666,20.57477569580078,6861800
2026-06-10,Clean Energy,ICLN,20.329999923706055,20.549999237060547,19.850000381469727,19.860000610351562,19.806838989257812,7509400
2026-06-11,Clean Energy,ICLN,20.049999237060547,20.790000915527344,20.030000686645508,20.739999771118164,20.68448257446289,4162800
2026-06-12,Clean Energy,ICLN,20.81999969482422,21.209999084472656,20.729999542236328,20.920000076293945,20.86400032043457,3467200
2026-06-15,Clean Energy,ICLN,21.260000228881836,21.34000015258789,20.850000381469727,21.030000686645508,21.030000686645508,6045600
2026-06-16,Clean Energy,ICLN,20.940000534057617,21.350000381469727,20.799999237060547,20.81999969482422,20.81999969482422,6452600
2026-06-17,Clean Energy,ICLN,20.75,21.09000015258789,20.469999313354492,20.479999542236328,20.479999542236328,3474400
2026-06-18,Clean Energy,ICLN,20.739999771118164,21.1299991607666,20.440000534057617,21.100000381469727,21.100000381469727,6530300
2026-06-22,Clean Energy,ICLN,21.40999984741211,21.75,21.34000015258789,21.6299991607666,21.6299991607666,3142800
2026-06-23,Clean Energy,ICLN,20.610000610351562,21.06999969482422,20.56999969482422,20.670000076293945,20.670000076293945,3539700
2026-06-24,Clean Energy,ICLN,20.600000381469727,20.860000610351562,20.229999542236328,20.479999542236328,20.479999542236328,2808900
2026-06-25,Clean Energy,ICLN,20.829999923706055,20.8700008392334,20.020000457763672,20.290000915527344,20.290000915527344,6704200
2026-06-26,Clean Energy,ICLN,19.989999771118164,20.030000686645508,19.43000030517578,19.5,19.5,9062100
2026-06-29,Clean Energy,ICLN,19.889999389648438,19.959999084472656,19.440000534057617,19.8799991607666,19.8799991607666,7937900
2026-06-30,Clean Energy,ICLN,20.239999771118164,20.610000610351562,20.15999984741211,20.489999771118164,20.489999771118164,6833500
2026-07-01,Clean Energy,ICLN,20.299999237060547,20.739999771118164,20.15999984741211,20.18000030517578,20.18000030517578,6278800
2026-07-02,Clean Energy,ICLN,20.299999237060547,20.6200008392334,19.3700008392334,19.670000076293945,19.670000076293945,4389100
2026-07-06,Clean Energy,ICLN,19.809999465942383,20.290000915527344,19.709999084472656,20.1200008392334,20.1200008392334,3271200
2026-07-07,Clean Energy,ICLN,19.780000686645508,19.8700008392334,19.190000534057617,19.329999923706055,19.329999923706055,4170500
2026-07-08,Clean Energy,ICLN,19.030000686645508,19.239999771118164,18.709999084472656,19.049999237060547,19.049999237060547,5024100
2026-07-09,Clean Energy,ICLN,19.540000915527344,19.56999969482422,19.260000228881836,19.329999923706055,19.329999923706055,2368000
2026-07-10,Clean Energy,ICLN,19.389999389648438,19.389999389648438,19.049999237060547,19.25,19.25,5078900
2026-07-13,Clean Energy,ICLN,18.940000534057617,19.020000457763672,18.549999237060547,18.6299991607666,18.6299991607666,3511700
2026-07-14,Clean Energy,ICLN,19.030000686645508,19.25,18.940000534057617,19.06999969482422,19.06999969482422,3806000
2026-07-15,Clean Energy,ICLN,19.25,19.420000076293945,18.690000534057617,19.079999923706055,19.079999923706055,3390900
2026-07-16,Clean Energy,ICLN,18.760000228881836,18.809999465942383,18.260000228881836,18.350000381469727,18.350000381469727,3924400
2026-07-17,Clean Energy,ICLN,18.170000076293945,18.6200008392334,17.950000762939453,18.3700008392334,18.3700008392334,4327600
2026-07-20,Clean Energy,ICLN,18.530000686645508,18.600000381469727,18.1200008392334,18.139999389648438,18.139999389648438,4127900
2026-07-21,Clean Energy,ICLN,18.31999969482422,18.6200008392334,18.260000228881836,18.520000457763672,18.520000457763672,3444900
2026-07-22,Clean Energy,ICLN,18.510000228881836,18.729999542236328,18.450000762939453,18.540000915527344,18.540000915527344,4373900
2026-07-23,Clean Energy,ICLN,18.420000076293945,18.600000381469727,18.239999771118164,18.3700008392334,18.3700008392334,5578700
2026-07-24,Clean Energy,ICLN,18.25,18.329999923706055,17.729999542236328,17.780000686645508,17.780000686645508,4608500
2026-07-27,Clean Energy,ICLN,17.860000610351562,17.940000534057617,17.520000457763672,17.809999465942383,17.809999465942383,4310900
2026-07-28,Clean Energy,ICLN,17.469999313354492,17.5,17.059999465942383,17.200000762939453,17.200000762939453,7527500
2026-07-29,Clean Energy,ICLN,17.31999969482422,17.3700008392334,16.770000457763672,16.8700008392334,16.8700008392334,6278900
2026-07-30,Clean Energy,ICLN,17.360000610351562,17.739999771118164,17.329999923706055,17.670000076293945,17.670000076293945,13259600
2026-07-31,Clean Energy,ICLN,18.040000915527344,18.100000381469727,17.5,17.549999237060547,17.549999237060547,8027200
2026-08-03,Clean Energy,ICLN,17.520000457763672,18.079999923706055,17.43000030517578,17.989999771118164,17.989999771118164,13965800
2026-08-04,Clean Energy,ICLN,18.200000762939453,18.59000015258789,18.09000015258789,18.440000534057617,18.440000534057617,12689800
2026-08-05,Clean Energy,ICLN,18.290000915527344,18.360000610351562,18.020000457763672,18.100000381469727,18.100000381469727,8517100
2026-08-06,Clean Energy,ICLN,18.049999237060547,18.450000762939453,17.899999618530273,18.1200008392334,18.1200008392334,4709900
2026-08-07,Clean Energy,ICLN,18.469999313354492,18.6200008392334,18.079999923706055,18.299999237060547,18.299999237060547,9223600
2026-08-10,Clean Energy,ICLN,18.309999465942383,18.329999923706055,18.040000915527344,18.079999923706055,18.079999923706055,10893700
2026-08-11,Clean Energy,ICLN,18.299999237060547,18.450000762939453,18.15999984741211,18.200000762939453,18.200000762939453,4793300
2026-08-12,Clean Energy,ICLN,18.68000030517578,18.790000915527344,18.1299991607666,18.40999984741211,18.40999984741211,5321000
2026-08-13,Clean Energy,ICLN,18.299999237060547,18.520000457763672,18.260000228881836,18.360000610351562,18.360000610351562,5359500
2026-08-14,Clean Energy,ICLN,18.25,18.450000762939453,18.149999618530273,18.209999084472656,18.209999084472656,4726500
2025-08-15,Long Treasury,TLT,86.66000366210938,86.77999877929688,86.25,86.4000015258789,82.61738586425781,36343600
2025-08-18,Long Treasury,TLT,86.5,86.54000091552734,85.98999786376953,86.1500015258789,82.37833404541016,26777500
2025-08-19,Long Treasury,TLT,86.44999694824219,86.75,86.44999694824219,86.6500015258789,82.85643768310547,28780600
2025-08-20,Long Treasury,TLT,86.58999633789062,86.97000122070312,86.55999755859375,86.83999633789062,83.0381088256836,25912500
2025-08-21,Long Treasury,TLT,86.55999755859375,86.68000030517578,86.11000061035156,86.41000366210938,82.62693786621094,28643900
2025-08-22,Long Treasury,TLT,86.83000183105469,87.30000305175781,86.72000122070312,87.05000305175781,83.23892211914062,49871900
2025-08-25,Long Treasury,TLT,86.7300033569336,87.05000305175781,86.6500015258789,86.80000305175781,82.99987030029297,27011900
2025-08-26,Long Treasury,TLT,86.51000213623047,86.79000091552734,86.22000122070312,86.75,82.9520492553711,30259300
2025-08-27,Long Treasury,TLT,86.11000061035156,86.66000366210938,86.0,86.6500015258789,82.85643768310547,38142800
2025-08-28,Long Treasury,TLT,86.77999877929688,87.26000213623047,86.66000366210938,87.22000122070312,83.40147399902344,32205900
2025-08-29,Long Treasury,TLT,86.76000213623047,86.86000061035156,86.44000244140625,86.5999984741211,82.8086166381836,41686400
2025-09-02,Long Treasury,TLT,85.62999725341797,85.83999633789062,85.4800033569336,85.62999725341797,82.19239044189453,48760600
2025-09-03,Long Treasury,TLT,85.93000030517578,86.80999755859375,85.88999938964844,86.56999969482422,83.09465789794922,52499500
2025-09-04,Long Treasury,TLT,87.0199966430664,87.23999786376953,86.58000183105469,87.2300033569336,83.72815704345703,40501600
2025-09-05,Long Treasury,TLT,88.22000122070312,88.61000061035156,88.13999938964844,88.55999755859375,85.00477600097656,69668000
2025-09-08,Long Treasury,TLT,89.16999816894531,89.76000213623047,89.12000274658203,89.73999786376953,86.13740539550781,54538700
2025-09-09,Long Treasury,TLT,89.4000015258789,89.55000305175781,88.98999786376953,89.2300033569336,85.64786529541016,37126400
2025-09-10,Long Treasury,TLT,89.4000015258789,90.06999969482422,89.19000244140625,89.73999786376953,86.13740539550781,40713600
2025-09-11,Long Treasury,TLT,89.91000366210938,90.4800033569336,89.9000015258789,90.33999633789062,86.71330261230469,46694400
2025-09-12,Long Treasury,TLT,89.83000183105469,89.9800033569336,89.48999786376953,89.94999694824219,86.33897399902344,32968600
2025-09-15,Long Treasury,TLT,90.1500015258789,90.45999908447266,90.06999969482422,90.16000366210938,86.54053497314453,24820100
2025-09-16,Long Treasury,TLT,90.08999633789062,90.5,90.04000091552734,90.3499984741211,86.72291564941406,26794200
2025-09-17,Long Treasury,TLT,90.70999908447266,91.04000091552734,89.87000274658203,90.12000274658203,86.50213623046875,49121800
2025-09-18,Long Treasury,TLT,89.26000213623047,89.47000122070312,88.9000015258789,89.19000244140625,85.60948181152344,55717900
2025-09-19,Long Treasury,TLT,89.06999969482422,89.2300033569336,88.79000091552734,89.0199966430664,85.44630432128906,32509200
2025-09-22,Long Treasury,TLT,88.81999969482422,88.91000366210938,88.54000091552734,88.69999694824219,85.13914489746094,24758200
2025-09-23,Long Treasury,TLT,88.97000122070312,89.36000061035156,88.75,89.31999969482422,85.73426055908203,26689000
2025-09-24,Long Treasury,TLT,89.08000183105469,89.16000366210938,88.69999694824219,88.9800033569336,85.40791320800781,28098000
2025-09-25,Long Treasury,TLT,88.8499984741211,89.02999877929688,88.45999908447266,88.9800033569336,85.40791320800781,29882500
2025-09-26,Long Treasury,TLT,88.98999786376953,89.47000122070312,88.69000244140625,88.9000015258789,85.33110809326172,30955100
2025-09-29,Long Treasury,TLT,89.29000091552734,89.73999786376953,89.26000213623047,89.62999725341797,86.03180694580078,32286200
2025-09-30,Long Treasury,TLT,89.66000366210938,90.04000091552734,89.20999908447266,89.37000274658203,85.78224182128906,38584000
2025-10-01,Long Treasury,TLT,89.44999694824219,89.63999938964844,89.08999633789062,89.29000091552734,86.00379180908203,39408900
2025-10-02,Long Treasury,TLT,89.30999755859375,89.69000244140625,89.19000244140625,89.55000305175781,86.25421905517578,23208300
2025-10-03,Long Treasury,TLT,89.62999725341797,89.72000122070312,89.2699966430664,89.37999725341797,86.09048461914062,25884500
2025-10-06,Long Treasury,TLT,88.70999908447266,89.16000366210938,88.6500015258789,88.66999816894531,85.4066162109375,28371000
2025-10-07,Long Treasury,TLT,88.97000122070312,89.37999725341797,88.80999755859375,89.18000030517578,85.89783477783203,29103300
2025-10-08,Long Treasury,TLT,89.5999984741211,89.62000274658203,89.12999725341797,89.25,85.96526336669922,22506200
2025-10-09,Long Treasury,TLT,89.16999816894531,89.29000091552734,89.01000213623047,89.18000030517578,85.89783477783203,21578700
2025-10-10,Long Treasury,TLT,89.9800033569336,90.72000122070312,89.9000015258789,90.62000274658203,87.28482818603516,59389400
2025-10-13,Long Treasury,TLT,90.27999877929688,90.58000183105469,89.86000061035156,90.56999969482422,87.23667907714844,28035500
2025-10-14,Long Treasury,TLT,90.6500015258789,90.91999816894531,90.43000030517578,90.86000061035156,87.51599884033203,29800000
2025-10-15,Long Treasury,TLT,90.95999908447266,91.30000305175781,90.47000122070312,90.66000366210938,87.32337188720703,31333900
2025-10-16,Long Treasury,TLT,90.5199966430664,91.5,90.44999694824219,91.33999633789062,87.97834014892578,39631200
2025-10-17,Long Treasury,TLT,91.25,91.29000091552734,90.9000015258789,91.19999694824219,87.84349060058594,40240400
2025-10-20,Long Treasury,TLT,91.45999908447266,91.55999755859375,91.27999877929688,91.55000305175781,88.18062591552734,28429300
2025-10-21,Long Treasury,TLT,91.98999786376953,92.19000244140625,91.91000366210938,92.0,88.61404418945312,24514300
2025-10-22,Long Treasury,TLT,91.98999786376953,92.18000030517578,91.81999969482422,92.05999755859375,88.67183685302734,30496200
2025-10-23,Long Treasury,TLT,91.61000061035156,91.79000091552734,91.29000091552734,91.43000030517578,88.06503295898438,28275100
2025-10-24,Long Treasury,TLT,91.58999633789062,91.5999984741211,91.16000366210938,91.47000122070312,88.10356140136719,28266000
2025-10-27,Long Treasury,TLT,91.31999969482422,91.79000091552734,91.08999633789062,91.77999877929688,88.40215301513672,30033600
2025-10-28,Long Treasury,TLT,91.8499984741211,92.18000030517578,91.80999755859375,92.0199966430664,88.63331604003906,23564500
2025-10-29,Long Treasury,TLT,91.87999725341797,91.88999938964844,91.0199966430664,91.08999633789062,87.7375259399414,39551600
2025-10-30,Long Treasury,TLT,90.38999938964844,90.97000122070312,90.3499984741211,90.55999755859375,87.22703552246094,42649200
2025-10-31,Long Treasury,TLT,90.55999755859375,90.66000366210938,90.19999694824219,90.29000091552734,86.96698760986328,38247300
2025-11-03,Long Treasury,TLT,89.62000274658203,89.81999969482422,89.41999816894531,89.73999786376953,86.74948120117188,40752300
2025-11-04,Long Treasury,TLT,89.77999877929688,90.05999755859375,89.73999786376953,89.94000244140625,86.94281005859375,26383800
2025-11-05,Long Treasury,TLT,89.51000213623047,89.55000305175781,88.87999725341797,88.95999908447266,85.9954605102539,44643400
2025-11-06,Long Treasury,TLT,89.55999755859375,89.8499984741211,89.52999877929688,89.76000213623047,86.76881408691406,33027400
2025-11-07,Long Treasury,TLT,89.36000061035156,89.87000274658203,89.36000061035156,89.56999969482422,86.58515167236328,28530100
2025-11-10,Long Treasury,TLT,89.48999786376953,89.66999816894531,89.38999938964844,89.55000305175781,86.56582641601562,24093500
2025-11-11,Long Treasury,TLT,89.94999694824219,90.06999969482422,89.77999877929688,89.95999908447266,86.96214294433594,18942300
2025-11-12,Long Treasury,TLT,89.94999694824219,90.31999969482422,89.87999725341797,90.12000274658203,87.1168212890625,23594900
2025-11-13,Long Treasury,TLT,89.80000305175781,89.94000244140625,89.37999725341797,89.37999725341797,86.40147399902344,33825900
2025-11-14,Long Treasury,TLT,89.79000091552734,89.83999633789062,88.87000274658203,88.87000274658203,85.90848541259766,38550500
2025-11-17,Long Treasury,TLT,89.08000183105469,89.30000305175781,88.9800033569336,89.08999633789062,86.12114715576172,25605800
2025-11-18,Long Treasury,TLT,89.3499984741211,89.44999694824219,88.80000305175781,89.05999755859375,86.09214782714844,31967400
2025-11-19,Long Treasury,TLT,89.2300033569336,89.30999755859375,88.8499984741211,88.87999725341797,85.91814422607422,25782400
2025-11-20,Long Treasury,TLT,88.98999786376953,89.41999816894531,88.98999786376953,89.2300033569336,86.2564926147461,32945000
2025-11-21,Long Treasury,TLT,89.6500015258789,89.66999816894531,89.19999694824219,89.5,86.51748657226562,41938600
2025-11-24,Long Treasury,TLT,89.94999694824219,90.06999969482422,89.77999877929688,90.01000213623047,87.01048278808594,30865700
2025-11-25,Long Treasury,TLT,90.30999755859375,90.58999633789062,90.12999725341797,90.23999786376953,87.23282623291016,36503300
2025-11-26,Long Treasury,TLT,90.1500015258789,90.63999938964844,89.83000183105469,90.63999938964844,87.6194839477539,34099000
2025-11-28,Long Treasury,TLT,90.45999908447266,90.52999877929688,89.94999694824219,90.20999908447266,87.20381927490234,40704300
2025-12-01,Long Treasury,TLT,88.8499984741211,88.98999786376953,88.70999908447266,88.7699966430664,86.11823272705078,47086600
2025-12-02,Long Treasury,TLT,88.58000183105469,88.95999908447266,88.45999908447266,88.80999755859375,86.15704345703125,27605700
2025-12-03,Long Treasury,TLT,88.91999816894531,89.16000366210938,88.73999786376953,89.05999755859375,86.39958190917969,23278600
2025-12-04,Long Treasury,TLT,88.91000366210938,88.93000030517578,88.4800033569336,88.58000183105469,85.9339370727539,25541500
2025-12-05,Long Treasury,TLT,88.55000305175781,88.55000305175781,88.05000305175781,88.16999816894531,85.53617095947266,32808100
2025-12-08,Long Treasury,TLT,88.19000244140625,88.19999694824219,87.55999755859375,87.87999725341797,85.25483703613281,32255200
2025-12-09,Long Treasury,TLT,88.33999633789062,88.3499984741211,87.83999633789062,87.97000122070312,85.34214782714844,25771800
2025-12-10,Long Treasury,TLT,88.0,88.5199966430664,87.86000061035156,88.30999755859375,85.67198944091797,46833500
2025-12-11,Long Treasury,TLT,88.69000244140625,88.83000183105469,88.16000366210938,88.19000244140625,85.55558013916016,26778700
2025-12-12,Long Treasury,TLT,87.37999725341797,87.5,87.19000244140625,87.33999633789062,84.73095703125,47030100
2025-12-15,Long Treasury,TLT,87.72000122070312,87.87999725341797,87.38999938964844,87.4000015258789,84.78916931152344,28611800
2025-12-16,Long Treasury,TLT,87.19000244140625,87.91999816894531,87.16999816894531,87.87999725341797,85.25483703613281,41018700
2025-12-17,Long Treasury,TLT,87.62999725341797,87.98999786376953,87.58000183105469,87.80000305175781,85.17721557617188,24668300
2025-12-18,Long Treasury,TLT,88.12999725341797,88.37999725341797,88.06999969482422,88.22000122070312,85.58468627929688,39048900
2025-12-19,Long Treasury,TLT,87.61000061035156,87.76000213623047,87.41000366210938,87.55000305175781,85.26524353027344,37858100
2025-12-22,Long Treasury,TLT,87.41999816894531,87.45999908447266,87.25,87.36000061035156,85.0802001953125,25547100
2025-12-23,Long Treasury,TLT,87.06999969482422,87.58000183105469,87.02999877929688,87.5,85.21654510498047,33624100
2025-12-24,Long Treasury,TLT,87.76000213623047,88.08000183105469,87.6500015258789,88.02999877929688,85.73270416259766,25942000
2025-12-26,Long Treasury,TLT,88.0999984741211,88.16999816894531,87.5999984741211,87.73999786376953,85.45027160644531,26522700
2025-12-29,Long Treasury,TLT,87.94999694824219,88.06999969482422,87.79000091552734,88.06999969482422,85.77167510986328,29399800
2025-12-30,Long Treasury,TLT,87.73999786376953,88.04000091552734,87.66999816894531,87.86000061035156,85.56715393066406,25106800
2025-12-31,Long Treasury,TLT,87.68000030517578,87.91000366210938,87.12999725341797,87.16000366210938,84.88542175292969,36500000
2026-01-02,Long Treasury,TLT,87.4000015258789,87.41000366210938,87.0199966430664,87.02999877929688,84.75880432128906,40731300
2026-01-05,Long Treasury,TLT,87.18000030517578,87.5199966430664,87.11000061035156,87.45999908447266,85.17758178710938,30178000
2026-01-06,Long Treasury,TLT,87.1500015258789,87.33999633789062,86.9000015258789,87.27999877929688,85.00228118896484,39015200
2026-01-07,Long Treasury,TLT,87.83999633789062,88.01000213623047,87.4800033569336,87.79000091552734,85.49897003173828,39930900
2026-01-08,Long Treasury,TLT,87.33000183105469,87.55000305175781,87.25,87.3499984741211,85.0704574584961,28204900
2026-01-09,Long Treasury,TLT,87.30000305175781,88.0,87.12000274658203,87.93000030517578,85.63533020019531,57348800
2026-01-12,Long Treasury,TLT,87.5,87.91000366210938,87.41000366210938,87.66999816894531,85.38211059570312,36103100
2026-01-13,Long Treasury,TLT,87.87999725341797,87.91000366210938,87.54000091552734,87.81999969482422,85.52820587158203,30451400
2026-01-14,Long Treasury,TLT,87.91000366210938,88.43000030517578,87.88999938964844,88.33000183105469,86.02489471435547,39233500
2026-01-15,Long Treasury,TLT,88.63999938964844,88.66000366210938,88.30999755859375,88.30999755859375,86.00540161132812,37988900
2026-01-16,Long Treasury,TLT,88.12999725341797,88.31999969482422,87.70999908447266,87.80000305175781,85.50870513916016,46382400
2026-01-20,Long Treasury,TLT,86.62999725341797,87.02999877929688,86.54000091552734,86.6500015258789,84.38873291015625,66009500
2026-01-21,Long Treasury,TLT,86.80000305175781,87.4800033569336,86.62000274658203,87.30999755859375,85.031494140625,51220100
2026-01-22,Long Treasury,TLT,87.2699966430664,87.76000213623047,87.13999938964844,87.69000244140625,85.40158081054688,42419300
2026-01-23,Long Treasury,TLT,87.83000183105469,88.02999877929688,87.5,87.93000030517578,85.63533020019531,35968800
2026-01-26,Long Treasury,TLT,88.4000015258789,88.48999786376953,88.19999694824219,88.3499984741211,86.04435729980469,38882400
2026-01-27,Long Treasury,TLT,88.11000061035156,88.25,87.68000030517578,87.80000305175781,85.50870513916016,35180100
2026-01-28,Long Treasury,TLT,87.51000213623047,87.69999694824219,87.29000091552734,87.5999984741211,85.31393432617188,38750300
2026-01-29,Long Treasury,TLT,87.1500015258789,87.73999786376953,87.08000183105469,87.62000274658203,85.33341217041016,43855000
2026-01-30,Long Treasury,TLT,87.37999725341797,87.55999755859375,87.12999725341797,87.12999725341797,84.85619354248047,45832200
2026-02-02,Long Treasury,TLT,87.0199966430664,87.05999755859375,86.55000305175781,86.55000305175781,84.6137466430664,38171400
2026-02-03,Long Treasury,TLT,86.48999786376953,86.77999877929688,86.43000030517578,86.76000213623047,84.81903839111328,27438200
2026-02-04,Long Treasury,TLT,86.62999725341797,86.77999877929688,86.45999908447266,86.54000091552734,84.60397338867188,37872900
2026-02-05,Long Treasury,TLT,86.93000030517578,87.4800033569336,86.75,87.4800033569336,85.52294158935547,50268900
2026-02-06,Long Treasury,TLT,87.44999694824219,87.54000091552734,87.19999694824219,87.54000091552734,85.58159637451172,33461800
2026-02-09,Long Treasury,TLT,87.19999694824219,87.58000183105469,87.02999877929688,87.5199966430664,85.56204223632812,24708900
2026-02-10,Long Treasury,TLT,88.23999786376953,88.52999877929688,88.22000122070312,88.52999877929688,86.54944610595703,37253700
2026-02-11,Long Treasury,TLT,88.04000091552734,88.4800033569336,87.94000244140625,88.05999755859375,86.08997344970703,37014000
2026-02-12,Long Treasury,TLT,88.36000061035156,89.27999877929688,88.3499984741211,89.2300033569336,87.2337875366211,48454900
2026-02-13,Long Treasury,TLT,89.62999725341797,89.80999755859375,89.5199966430664,89.72000122070312,87.71282196044922,56785200
2026-02-17,Long Treasury,TLT,89.93000030517578,90.12000274658203,89.76000213623047,89.87000274658203,87.8594741821289,32356700
2026-02-18,Long Treasury,TLT,89.69000244140625,89.86000061035156,89.47000122070312,89.52999877929688,87.5270767211914,35415400
2026-02-19,Long Treasury,TLT,89.4000015258789,89.72000122070312,89.37000274658203,89.62000274658203,87.61506652832031,28658600
2026-02-20,Long Treasury,TLT,89.69999694824219,89.73999786376953,88.93000030517578,89.41000366210938,87.4097671508789,49610800
2026-02-23,Long Treasury,TLT,89.55000305175781,90.0,89.52999877929688,89.73999786376953,87.73237609863281,33614600
2026-02-24,Long Treasury,TLT,89.94999694824219,90.05000305175781,89.76000213623047,89.9000015258789,87.88880920410156,24933900
2026-02-25,Long Treasury,TLT,89.70999908447266,90.08000183105469,89.70999908447266,89.91000366210938,87.89859008789062,23625800
2026-02-26,Long Treasury,TLT,90.05999755859375,90.31999969482422,90.05000305175781,90.2699966430664,88.25051879882812,29447100
2026-02-27,Long Treasury,TLT,90.69000244140625,90.86000061035156,90.55000305175781,90.81999969482422,88.78821563720703,51272000
2026-03-02,Long Treasury,TLT,89.9800033569336,89.98999786376953,89.36000061035156,89.61000061035156,87.89659881591797,55465500
2026-03-03,Long Treasury,TLT,88.9800033569336,89.66999816894531,88.94000244140625,89.43000030517578,87.72003936767578,51850400
2026-03-04,Long Treasury,TLT,89.2699966430664,89.44000244140625,89.0999984741211,89.1500015258789,87.44539642333984,47069500
2026-03-05,Long Treasury,TLT,88.62999725341797,88.94000244140625,88.51000213623047,88.79000091552734,87.09227752685547,45768900
2026-03-06,Long Treasury,TLT,88.31999969482422,88.94000244140625,88.0199966430664,88.45999908447266,86.76858520507812,58136900
2026-03-09,Long Treasury,TLT,88.30000305175781,89.31999969482422,88.20999908447266,89.2300033569336,87.52387237548828,52478700
2026-03-10,Long Treasury,TLT,88.80000305175781,88.94999694824219,88.2699966430664,88.27999877929688,86.59203338623047,48651500
2026-03-11,Long Treasury,TLT,87.75,87.80999755859375,87.08000183105469,87.13999938964844,85.47383117675781,54679900
2026-03-12,Long Treasury,TLT,86.91000366210938,87.25,86.77999877929688,86.97000122070312,85.30707550048828,48977000
2026-03-13,Long Treasury,TLT,86.93000030517578,87.1500015258789,86.47000122070312,86.54000091552734,84.88529968261719,43460000
2026-03-16,Long Treasury,TLT,87.18000030517578,87.33999633789062,86.95999908447266,87.20999908447266,85.54249572753906,37341500
2026-03-17,Long Treasury,TLT,87.36000061035156,87.56999969482422,87.31999969482422,87.44999694824219,85.77790069580078,19578100
2026-03-18,Long Treasury,TLT,87.36000061035156,87.4800033569336,86.93000030517578,86.95999908447266,85.2972640991211,37596600
2026-03-19,Long Treasury,TLT,87.05999755859375,87.7300033569336,86.97000122070312,87.48999786376953,85.81713104248047,60307400
2026-03-20,Long Treasury,TLT,86.80999755859375,86.86000061035156,85.76000213623047,85.83000183105469,84.18888092041016,78948500
2026-03-23,Long Treasury,TLT,86.18000030517578,86.72000122070312,85.94000244140625,86.38999938964844,84.73816680908203,69686700
2026-03-24,Long Treasury,TLT,85.72000122070312,86.29000091552734,85.55999755859375,86.01000213623047,84.36544036865234,51799400
2026-03-25,Long Treasury,TLT,86.75,86.87999725341797,86.4800033569336,86.83999633789062,85.1795654296875,37861000
2026-03-26,Long Treasury,TLT,86.33999633789062,86.61000061035156,85.93000030517578,86.11000061035156,84.46353149414062,39537000
2026-03-27,Long Treasury,TLT,85.5,86.0999984741211,85.44999694824219,85.63999938964844,84.00250244140625,39928900
2026-03-30,Long Treasury,TLT,86.62999725341797,86.94999694824219,86.48999786376953,86.77999877929688,85.12071228027344,36473200
2026-03-31,Long Treasury,TLT,86.93000030517578,87.16000366210938,86.56999969482422,86.69000244140625,85.03243255615234,47112200
2026-04-01,Long Treasury,TLT,86.27999877929688,86.70999908447266,86.2300033569336,86.26000213623047,84.94872283935547,31157600
2026-04-02,Long Treasury,TLT,86.20999908447266,86.8499984741211,86.1500015258789,86.79000091552734,85.47066497802734,33310600
2026-04-06,Long Treasury,TLT,86.5,86.8499984741211,86.38999938964844,86.6500015258789,85.33279418945312,14660300
2026-04-07,Long Treasury,TLT,86.5199966430664,86.68000030517578,85.91000366210938,86.63999938964844,85.32294464111328,22747200
2026-04-08,Long Treasury,TLT,87.36000061035156,87.37000274658203,86.7300033569336,86.91999816894531,85.59869384765625,22244900
2026-04-09,Long Treasury,TLT,86.69000244140625,87.12999725341797,86.38999938964844,86.69999694824219,85.38203430175781,18909100
2026-04-10,Long Treasury,TLT,86.5999984741211,86.68000030517578,86.33000183105469,86.48999786376953,85.17522430419922,13247700
2026-04-13,Long Treasury,TLT,86.44000244140625,86.80000305175781,86.25,86.75,85.4312744140625,12719700
2026-04-14,Long Treasury,TLT,86.69999694824219,87.23999786376953,86.62999725341797,87.20999908447266,85.88428497314453,16606900
2026-04-15,Long Treasury,TLT,87.0199966430664,87.06999969482422,86.7300033569336,86.83000183105469,85.51007080078125,15119600
2026-04-16,Long Treasury,TLT,86.91999816894531,86.97000122070312,86.19999694824219,86.27999877929688,84.96842193603516,20001000
2026-04-17,Long Treasury,TLT,87.05000305175781,87.20999908447266,86.88999938964844,87.06999969482422,85.74640655517578,29604100
2026-04-20,Long Treasury,TLT,87.11000061035156,87.12999725341797,86.70999908447266,87.05000305175781,85.72671508789062,14623500
2026-04-21,Long Treasury,TLT,86.97000122070312,87.08999633789062,86.52999877929688,86.56999969482422,85.2540054321289,19798700
2026-04-22,Long Treasury,TLT,87.05000305175781,87.16000366210938,86.70999908447266,86.73999786376953,85.42141723632812,13676800
2026-04-23,Long Treasury,TLT,86.83000183105469,87.04000091552734,86.23999786376953,86.55000305175781,85.23431396484375,21106700
2026-04-24,Long Treasury,TLT,86.45999908447266,86.81999969482422,86.25,86.70999908447266,85.39188385009766,22285700
2026-04-27,Long Treasury,TLT,86.48999786376953,86.62000274658203,86.19000244140625,86.27999877929688,84.96842193603516,19250100
2026-04-28,Long Treasury,TLT,86.12000274658203,86.37000274658203,85.94000244140625,86.37000274658203,85.05706024169922,14553600
2026-04-29,Long Treasury,TLT,85.98999786376953,85.98999786376953,85.55000305175781,85.69999694824219,84.3972396850586,29020800
2026-04-30,Long Treasury,TLT,85.88999938964844,85.9000015258789,85.38999938964844,85.62000274658203,84.31845092773438,28516200
2026-05-01,Long Treasury,TLT,85.5,86.0,85.33999633789062,85.61000061035156,84.61992645263672,21281000
2026-05-04,Long Treasury,TLT,85.3499984741211,85.36000061035156,84.76000213623047,84.95999908447266,83.9774398803711,27226000
2026-05-05,Long Treasury,TLT,85.1500015258789,85.48999786376953,85.08999633789062,85.43000030517578,84.44200897216797,18226500
2026-05-06,Long Treasury,TLT,86.05000305175781,86.16999816894531,85.91999816894531,86.08000183105469,85.08448791503906,22530700
2026-05-07,Long Treasury,TLT,86.27999877929688,86.29000091552734,85.5999984741211,85.6500015258789,84.65946960449219,21178300
2026-05-08,Long Treasury,TLT,86.05999755859375,86.27999877929688,85.98999786376953,86.08000183105469,85.08448791503906,30797600
2026-05-11,Long Treasury,TLT,85.87999725341797,85.91999816894531,85.48999786376953,85.55999755859375,84.57050323486328,17713700
2026-05-12,Long Treasury,TLT,85.19000244140625,85.19999694824219,84.91999816894531,84.98999786376953,84.00709533691406,27680600
2026-05-13,Long Treasury,TLT,84.94000244140625,85.05000305175781,84.58999633789062,84.80000305175781,83.81929779052734,26295100
2026-05-14,Long Treasury,TLT,85.26000213623047,85.37999725341797,84.91000366210938,84.91999816894531,83.93790435791016,25247200
2026-05-15,Long Treasury,TLT,83.87000274658203,83.97000122070312,83.58999633789062,83.66000366210938,82.69247436523438,50796000
2026-05-18,Long Treasury,TLT,83.69999694824219,83.91999816894531,83.31999969482422,83.55999755859375,82.5936279296875,26166200
2026-05-19,Long Treasury,TLT,82.95999908447266,83.2300033569336,82.7699966430664,83.0199966430664,82.05987548828125,35346600
2026-05-20,Long Treasury,TLT,83.05999755859375,84.0,83.04000091552734,83.91000366210938,82.93959045410156,44498000
2026-05-21,Long Treasury,TLT,83.62000274658203,84.26000213623047,83.33000183105469,84.22000122070312,83.24600219726562,24887000
2026-05-22,Long Treasury,TLT,84.61000061035156,84.68000030517578,84.13999938964844,84.68000030517578,83.70067596435547,27987700
2026-05-26,Long Treasury,TLT,85.33999633789062,85.37999725341797,84.9000015258789,85.0999984741211,84.1158218383789,22531200
2026-05-27,Long Treasury,TLT,85.25,85.4800033569336,85.1500015258789,85.30000305175781,84.31350708007812,23589600
2026-05-28,Long Treasury,TLT,85.36000061035156,85.8499984741211,85.2699966430664,85.73999786376953,84.74842071533203,25417300
2026-05-29,Long Treasury,TLT,85.80999755859375,85.95999908447266,85.55000305175781,85.76000213623047,84.76819610595703,33118600
2026-06-01,Long Treasury,TLT,84.93000030517578,85.54000091552734,84.80000305175781,85.47000122070312,84.81383514404297,26322400
2026-06-02,Long Treasury,TLT,85.80000305175781,85.81999969482422,85.5,85.6500015258789,84.99246215820312,20319000
2026-06-03,Long Treasury,TLT,85.29000091552734,85.43000030517578,85.0999984741211,85.30999755859375,84.65506744384766,15372000
2026-06-04,Long Treasury,TLT,85.61000061035156,85.70999908447266,85.41999816894531,85.5,84.8436050415039,15866500
2026-06-05,Long Treasury,TLT,84.98999786376953,85.3499984741211,84.91999816894531,85.05999755859375,84.406982421875,26461200
2026-06-08,Long Treasury,TLT,85.2300033569336,85.33000183105469,84.62000274658203,84.62000274658203,83.97036743164062,22922700
2026-06-09,Long Treasury,TLT,84.97000122070312,85.18000030517578,84.77999877929688,85.12000274658203,84.4665298461914,22617700
2026-06-10,Long Treasury,TLT,85.12000274658203,85.30000305175781,84.69999694824219,84.87999725341797,84.22836303710938,21258300
2026-06-11,Long Treasury,TLT,85.16999816894531,86.04000091552734,85.04000091552734,85.9800033569336,85.3199234008789,35190500
2026-06-12,Long Treasury,TLT,85.63999938964844,85.83000183105469,85.41000366210938,85.7699966430664,85.11153411865234,23092600
2026-06-15,Long Treasury,TLT,85.95999908447266,86.11000061035156,85.66999816894531,85.72000122070312,85.06192016601562,17632700
2026-06-16,Long Treasury,TLT,85.95999908447266,86.37999725341797,85.93000030517578,86.19000244140625,85.52831268310547,26472500
2026-06-17,Long Treasury,TLT,86.33000183105469,86.58999633789062,85.93000030517578,86.33000183105469,85.66724395751953,34507500
2026-06-18,Long Treasury,TLT,87.06999969482422,87.18000030517578,86.6500015258789,86.75,86.08401489257812,32350900
2026-06-22,Long Treasury,TLT,86.30000305175781,86.33000183105469,85.97000122070312,86.08999633789062,85.42906951904297,28595100
2026-06-23,Long Treasury,TLT,86.12000274658203,86.43000030517578,86.0999984741211,86.19999694824219,85.5382308959961,19145500
2026-06-24,Long Treasury,TLT,87.1500015258789,87.47000122070312,87.12000274658203,87.37999725341797,86.70916748046875,41837000
2026-06-25,Long Treasury,TLT,87.58000183105469,87.79000091552734,87.29000091552734,87.3499984741211,86.67940521240234,28380000
2026-06-26,Long Treasury,TLT,87.01000213623047,87.37000274658203,87.0,87.36000061035156,86.6893310546875,21650800
2026-06-29,Long Treasury,TLT,87.36000061035156,87.54000091552734,87.30000305175781,87.44999694824219,86.77863311767578,19457200
2026-06-30,Long Treasury,TLT,87.1500015258789,87.18000030517578,86.37999725341797,86.41999816894531,85.75653839111328,31079500
2026-07-01,Long Treasury,TLT,85.4800033569336,85.79000091552734,85.43000030517578,85.5199966430664,85.1768798828125,28109800
2026-07-02,Long Treasury,TLT,85.37999725341797,85.77999877929688,85.37000274658203,85.51000213623047,85.16692352294922,20816300
2026-07-06,Long Treasury,TLT,85.43000030517578,85.4800033569336,85.18000030517578,85.44999694824219,85.1071548461914,17940900
2026-07-07,Long Treasury,TLT,85.12000274658203,85.16999816894531,84.54000091552734,84.55000305175781,84.21077728271484,24816400
2026-07-08,Long Treasury,TLT,84.30999755859375,84.44999694824219,84.05999755859375,84.36000061035156,84.02153778076172,25806600
2026-07-09,Long Treasury,TLT,84.27999877929688,84.68000030517578,84.26000213623047,84.48999786376953,84.15100860595703,18625300
2026-07-10,Long Treasury,TLT,84.51000213623047,84.62999725341797,84.27999877929688,84.47000122070312,84.13109588623047,14454100
2026-07-13,Long Treasury,TLT,84.19000244140625,84.27999877929688,83.93000030517578,83.97000122070312,83.63310241699219,18742500
2026-07-14,Long Treasury,TLT,84.18000030517578,84.5,84.04000091552734,84.08000183105469,83.74266052246094,23793500
2026-07-15,Long Treasury,TLT,84.08000183105469,84.41000366210938,84.08000183105469,84.23999786376953,83.90201568603516,17837800
2026-07-16,Long Treasury,TLT,83.83999633789062,84.22000122070312,83.79000091552734,84.20999908447266,83.87213134765625,20817800
2026-07-17,Long Treasury,TLT,84.62000274658203,84.81999969482422,84.48999786376953,84.5199966430664,84.1808853149414,22065600
2026-07-20,Long Treasury,TLT,84.30999755859375,84.33999633789062,83.81999969482422,83.88999938964844,83.55342102050781,24289000
2026-07-21,Long Treasury,TLT,83.73999786376953,83.7699966430664,83.43000030517578,83.66000366210938,83.32434844970703,14287500
2026-07-22,Long Treasury,TLT,83.61000061035156,83.69999694824219,83.37999725341797,83.44000244140625,83.105224609375,15988400
2026-07-23,Long Treasury,TLT,82.98999786376953,83.25,82.95999908447266,83.16999816894531,82.8363037109375,29152800
2026-07-24,Long Treasury,TLT,83.30999755859375,83.66000366210938,83.2300033569336,83.25,82.91598510742188,15106000
2026-07-27,Long Treasury,TLT,83.7300033569336,83.87000274658203,83.5199966430664,83.75,83.41397857666016,23816200
2026-07-28,Long Treasury,TLT,83.86000061035156,84.33999633789062,83.8499984741211,84.23999786376953,83.90201568603516,25366900
2026-07-29,Long Treasury,TLT,84.0999984741211,84.1500015258789,82.69999694824219,82.8499984741211,82.51759338378906,41445200
2026-07-30,Long Treasury,TLT,82.80999755859375,82.9000015258789,82.5199966430664,82.80000305175781,82.4677963256836,40407300
2026-07-31,Long Treasury,TLT,82.44999694824219,82.44999694824219,81.88999938964844,82.25,81.91999816894531,50359800
2026-08-03,Long Treasury,TLT,82.23999786376953,82.3499984741211,82.01000213623047,82.19000244140625,82.19000244140625,32050800
2026-08-04,Long Treasury,TLT,82.6500015258789,82.83999633789062,82.56999969482422,82.81999969482422,82.81999969482422,38408600
2026-08-05,Long Treasury,TLT,82.94999694824219,83.1500015258789,82.80000305175781,83.0,83.0,29465800
2026-08-06,Long Treasury,TLT,82.7699966430664,82.91999816894531,82.4000015258789,82.5199966430664,82.5199966430664,27566600
2026-08-07,Long Treasury,TLT,82.80000305175781,82.8499984741211,82.4800033569336,82.76000213623047,82.76000213623047,96130000
2026-08-10,Long Treasury,TLT,82.4000015258789,82.44999694824219,82.02999877929688,82.05999755859375,82.05999755859375,36743600
2026-08-11,Long Treasury,TLT,82.2699966430664,82.45999908447266,82.12000274658203,82.19000244140625,82.19000244140625,23268500
2026-08-12,Long Treasury,TLT,82.44999694824219,82.4800033569336,82.05000305175781,82.11000061035156,82.11000061035156,21444600
2026-08-13,Long Treasury,TLT,82.58999633789062,83.0,82.48999786376953,82.58999633789062,82.58999633789062,26921500
2026-08-14,Long Treasury,TLT,82.2300033569336,82.36000061035156,81.81999969482422,82.04000091552734,82.04000091552734,31357100
2025-08-15,Gold,GLD,307.3399963378906,308.0,306.8699951171875,307.42999267578125,307.42999267578125,5990100
2025-08-18,Gold,GLD,307.7900085449219,307.8900146484375,306.6300048828125,306.95001220703125,306.95001220703125,6150100
2025-08-19,Gold,GLD,306.760009765625,307.4800109863281,305.19000244140625,305.2699890136719,305.2699890136719,5029900
2025-08-20,Gold,GLD,307.5400085449219,308.4700012207031,307.3999938964844,308.3599853515625,308.3599853515625,6515400
2025-08-21,Gold,GLD,307.8599853515625,308.1499938964844,307.0299987792969,307.2900085449219,307.2900085449219,4809000
2025-08-22,Gold,GLD,306.5199890136719,311.0199890136719,306.42999267578125,310.5799865722656,310.5799865722656,8526500
2025-08-25,Gold,GLD,309.6700134277344,310.8399963378906,309.6700134277344,309.8299865722656,309.8299865722656,4044400
2025-08-26,Gold,GLD,310.6199951171875,312.2099914550781,310.30999755859375,312.0799865722656,312.0799865722656,11698500
2025-08-27,Gold,GLD,311.3900146484375,312.9100036621094,310.7699890136719,312.7099914550781,312.7099914550781,4320100
2025-08-28,Gold,GLD,313.32000732421875,315.0799865722656,313.07000732421875,315.0299987792969,315.0299987792969,9610200
2025-08-29,Gold,GLD,314.7200012207031,318.0899963378906,314.6400146484375,318.07000732421875,318.07000732421875,15642600
2025-09-02,Gold,GLD,320.82000732421875,325.9200134277344,320.239990234375,325.5899963378906,325.5899963378906,21247500
2025-09-03,Gold,GLD,327.760009765625,329.45001220703125,326.7300109863281,328.1400146484375,328.1400146484375,16062200
2025-09-04,Gold,GLD,327.0299987792969,327.55999755859375,325.3500061035156,326.69000244140625,326.69000244140625,11703100
2025-09-05,Gold,GLD,329.5299987792969,331.44000244140625,328.92999267578125,331.04998779296875,331.04998779296875,16065200
2025-09-08,Gold,GLD,333.6600036621094,335.6700134277344,333.2300109863281,334.82000732421875,334.82000732421875,18617300
2025-09-09,Gold,GLD,337.0299987792969,338.30999755859375,333.8500061035156,334.05999755859375,334.05999755859375,21641900
2025-09-10,Gold,GLD,335.7300109863281,336.5,326.19000244140625,335.260009765625,335.260009765625,11945700
2025-09-11,Gold,GLD,333.3699951171875,335.1600036621094,332.9700012207031,334.760009765625,334.760009765625,9082600
2025-09-12,Gold,GLD,335.8800048828125,336.3900146484375,335.2300109863281,335.4200134277344,335.4200134277344,9619700
2025-09-15,Gold,GLD,336.30999755859375,339.2799987792969,336.2300109863281,338.9100036621094,338.9100036621094,10569900
2025-09-16,Gold,GLD,340.0899963378906,340.8800048828125,338.6199951171875,339.5899963378906,339.5899963378906,12161500
2025-09-17,Gold,GLD,338.5299987792969,341.239990234375,335.5199890136719,336.9700012207031,336.9700012207031,16535300
2025-09-18,Gold,GLD,336.2200012207031,336.32000732421875,333.80999755859375,335.6199951171875,335.6199951171875,14913300
2025-09-19,Gold,GLD,336.510009765625,339.2300109863281,336.30999755859375,339.17999267578125,339.17999267578125,14982600
2025-09-22,Gold,GLD,342.75,345.07000732421875,341.8399963378906,345.04998779296875,345.04998779296875,12386400
2025-09-23,Gold,GLD,348.2300109863281,348.75,345.32000732421875,346.4599914550781,346.4599914550781,18384000
2025-09-24,Gold,GLD,346.70001220703125,346.8299865722656,342.1400146484375,343.32000732421875,343.32000732421875,12709100
2025-09-25,Gold,GLD,344.3900146484375,345.8299865722656,342.4700012207031,344.75,344.75,12639600
2025-09-26,Gold,GLD,345.8299865722656,348.25,345.30999755859375,346.739990234375,346.739990234375,11698200
2025-09-29,Gold,GLD,351.7900085449219,352.8299865722656,351.2799987792969,352.4599914550781,352.4599914550781,15719600
2025-09-30,Gold,GLD,351.1300048828125,355.57000732421875,350.8699951171875,355.4700012207031,355.4700012207031,13312400
2025-10-01,Gold,GLD,356.1700134277344,356.9700012207031,354.7900085449219,356.0299987792969,356.0299987792969,15573600
2025-10-02,Gold,GLD,358.260009765625,358.6700134277344,351.3999938964844,354.7900085449219,354.7900085449219,16162100
2025-10-03,Gold,GLD,357.1199951171875,358.1400146484375,355.79998779296875,357.6400146484375,357.6400146484375,14464000
2025-10-06,Gold,GLD,362.1600036621094,365.29998779296875,361.3699951171875,364.3800048828125,364.3800048828125,17093700
2025-10-07,Gold,GLD,366.510009765625,367.2699890136719,364.54998779296875,366.260009765625,366.260009765625,16836800
2025-10-08,Gold,GLD,371.6499938964844,373.57000732421875,370.5,372.29998779296875,372.29998779296875,28052300
2025-10-09,Gold,GLD,373.1400146484375,373.2200012207031,362.8299865722656,365.42999267578125,365.42999267578125,33674800
2025-10-10,Gold,GLD,367.5400085449219,370.30999755859375,365.44000244140625,369.1199951171875,369.1199951171875,24192800
2025-10-13,Gold,GLD,376.5,378.8599853515625,375.5799865722656,378.0899963378906,378.0899963378906,18514400
2025-10-14,Gold,GLD,378.2099914550781,382.3800048828125,377.8999938964844,380.7900085449219,380.7900085449219,18409600
2025-10-15,Gold,GLD,385.92999267578125,387.760009765625,384.5899963378906,387.3900146484375,387.3900146484375,20598300
2025-10-16,Gold,GLD,391.1499938964844,396.8699951171875,390.3999938964844,396.45001220703125,396.45001220703125,33621400
2025-10-17,Gold,GLD,397.1400146484375,397.2799987792969,385.2200012207031,388.989990234375,388.989990234375,62025000
2025-10-20,Gold,GLD,397.45001220703125,403.29998779296875,394.20001220703125,403.1499938964844,403.1499938964844,34523000
2025-10-21,Gold,GLD,386.5400085449219,388.8900146484375,375.6499938964844,377.239990234375,377.239990234375,54101400
2025-10-22,Gold,GLD,372.75,378.4700012207031,368.92999267578125,377.2799987792969,377.2799987792969,30524100
2025-10-23,Gold,GLD,381.4599914550781,382.25,378.6499938964844,378.7900085449219,378.7900085449219,13695500
2025-10-24,Gold,GLD,378.510009765625,380.7699890136719,376.80999755859375,377.5199890136719,377.5199890136719,13263800
2025-10-27,Gold,GLD,371.1300048828125,371.5899963378906,365.3399963378906,367.010009765625,367.010009765625,23657600
2025-10-28,Gold,GLD,361.80999755859375,365.29998779296875,360.1199951171875,364.3800048828125,364.3800048828125,19257600
2025-10-29,Gold,GLD,369.6499938964844,370.0799865722656,361.3599853515625,363.0,363.0,18891800
2025-10-30,Gold,GLD,365.0899963378906,370.3599853515625,364.5,370.1300048828125,370.1300048828125,14812800
2025-10-31,Gold,GLD,370.4700012207031,370.6600036621094,365.5,368.1199951171875,368.1199951171875,11077900
2025-11-03,Gold,GLD,368.9100036621094,370.8399963378906,367.5400085449219,368.7799987792969,368.7799987792969,7254300
2025-11-04,Gold,GLD,363.4800109863281,365.739990234375,361.3900146484375,362.32000732421875,362.32000732421875,11540100
2025-11-05,Gold,GLD,366.3900146484375,367.1000061035156,364.6499938964844,366.510009765625,366.510009765625,8357300
2025-11-06,Gold,GLD,367.1600036621094,368.17999267578125,364.70001220703125,366.07000732421875,366.07000732421875,6891100
2025-11-07,Gold,GLD,367.94000244140625,370.4200134277344,366.4200134277344,368.30999755859375,368.30999755859375,11060400
2025-11-10,Gold,GLD,375.92999267578125,378.6600036621094,374.7799987792969,378.3800048828125,378.3800048828125,13456200
2025-11-11,Gold,GLD,379.9800109863281,380.3999938964844,376.8699951171875,379.8699951171875,379.8699951171875,10753200
2025-11-12,Gold,GLD,380.07000732421875,387.4599914550781,379.44000244140625,385.989990234375,385.989990234375,16203700
2025-11-13,Gold,GLD,387.2900085449219,388.17999267578125,381.2099914550781,382.8699951171875,382.8699951171875,15867900
2025-11-14,Gold,GLD,372.8699951171875,378.20001220703125,370.8900146484375,375.9599914550781,375.9599914550781,15198000
2025-11-17,Gold,GLD,374.0400085449219,375.4599914550781,368.5199890136719,371.6499938964844,371.6499938964844,13295200
2025-11-18,Gold,GLD,374.8299865722656,375.5400085449219,371.6199951171875,374.3500061035156,374.3500061035156,7818800
2025-11-19,Gold,GLD,377.7799987792969,380.1700134277344,373.0299987792969,374.9599914550781,374.9599914550781,10980400
2025-11-20,Gold,GLD,375.2900085449219,377.69000244140625,371.8500061035156,374.8500061035156,374.8500061035156,10506500
2025-11-21,Gold,GLD,374.0299987792969,377.2300109863281,372.94000244140625,374.2699890136719,374.2699890136719,13194600
2025-11-24,Gold,GLD,374.8800048828125,380.2799987792969,374.19000244140625,380.20001220703125,380.20001220703125,10085300
2025-11-25,Gold,GLD,380.260009765625,382.5199890136719,378.05999755859375,380.0799865722656,380.0799865722656,10462800
2025-11-26,Gold,GLD,381.05999755859375,383.7799987792969,380.4599914550781,383.1199951171875,383.1199951171875,9184100
2025-11-28,Gold,GLD,385.9800109863281,388.0,384.989990234375,387.8800048828125,387.8800048828125,7175400
2025-12-01,Gold,GLD,390.6099853515625,390.70001220703125,388.05999755859375,389.75,389.75,11177100
2025-12-02,Gold,GLD,388.8699951171875,388.9800109863281,382.9100036621094,387.239990234375,387.239990234375,8103900
2025-12-03,Gold,GLD,388.4599914550781,390.1300048828125,385.8299865722656,386.8800048828125,386.8800048828125,7886800
2025-12-04,Gold,GLD,386.9200134277344,388.0,385.3999938964844,387.1300048828125,387.1300048828125,6754400
2025-12-05,Gold,GLD,389.1199951171875,391.739990234375,386.17999267578125,386.44000244140625,386.44000244140625,9449800
2025-12-08,Gold,GLD,387.0199890136719,387.239990234375,384.010009765625,385.4200134277344,385.4200134277344,6822100
2025-12-09,Gold,GLD,385.6199951171875,388.2099914550781,385.2699890136719,387.3999938964844,387.3999938964844,6358700
2025-12-10,Gold,GLD,385.95001220703125,389.760009765625,384.5,389.04998779296875,389.04998779296875,9120500
2025-12-11,Gold,GLD,389.0199890136719,394.0899963378906,388.5,393.239990234375,393.239990234375,11240600
2025-12-12,Gold,GLD,399.1600036621094,400.3900146484375,391.4700012207031,395.44000244140625,395.44000244140625,16792100
2025-12-15,Gold,GLD,397.760009765625,398.7099914550781,394.07000732421875,395.79998779296875,395.79998779296875,11345000
2025-12-16,Gold,GLD,397.75,398.7099914550781,394.5899963378906,395.8900146484375,395.8900146484375,9201600
2025-12-17,Gold,GLD,398.0799865722656,399.9800109863281,397.25,399.2900085449219,399.2900085449219,10456900
2025-12-18,Gold,GLD,398.2799987792969,402.2099914550781,396.04998779296875,398.57000732421875,398.57000732421875,11837600
2025-12-19,Gold,GLD,397.9200134277344,400.6300048828125,397.1700134277344,399.0199890136719,399.0199890136719,9894800
2025-12-22,Gold,GLD,406.9800109863281,408.5199890136719,405.7200012207031,408.2300109863281,408.2300109863281,14202100
2025-12-23,Gold,GLD,410.29998779296875,413.760009765625,407.1000061035156,413.6400146484375,413.6400146484375,13193300
2025-12-24,Gold,GLD,412.25,412.6300048828125,408.8299865722656,411.92999267578125,411.92999267578125,6718400
2025-12-26,Gold,GLD,416.4800109863281,418.45001220703125,414.75,416.739990234375,416.739990234375,10476200
2025-12-29,Gold,GLD,403.6600036621094,403.760009765625,395.3299865722656,398.6000061035156,398.6000061035156,20679200
2025-12-30,Gold,GLD,403.6000061035156,403.79998779296875,398.55999755859375,398.8900146484375,398.8900146484375,10179000
2025-12-31,Gold,GLD,398.6000061035156,400.1300048828125,395.5899963378906,396.30999755859375,396.30999755859375,10194700
2026-01-02,Gold,GLD,401.6199951171875,401.82000732421875,396.25,398.2799987792969,398.2799987792969,10372600
2026-01-05,Gold,GLD,406.3900146484375,409.7200012207031,406.1499938964844,408.760009765625,408.760009765625,13410600
2026-01-06,Gold,GLD,410.6700134277344,413.4800109863281,410.30999755859375,413.17999267578125,413.17999267578125,11640900
2026-01-07,Gold,GLD,408.6300048828125,410.80999755859375,406.6499938964844,409.2300109863281,409.2300109863281,10589500
2026-01-08,Gold,GLD,406.9700012207031,411.6400146484375,406.3999938964844,411.489990234375,411.489990234375,8705900
2026-01-09,Gold,GLD,413.2200012207031,415.2900085449219,411.79998779296875,414.4700012207031,414.4700012207031,14011200
2026-01-12,Gold,GLD,421.5199890136719,425.739990234375,421.5199890136719,422.2300109863281,422.2300109863281,20904100
2026-01-13,Gold,GLD,424.5899963378906,426.1199951171875,420.07000732421875,421.6300048828125,421.6300048828125,16681200
2026-01-14,Gold,GLD,426.0299987792969,426.8599853515625,422.8399963378906,425.94000244140625,425.94000244140625,18305500
2026-01-15,Gold,GLD,423.0199890136719,425.05999755859375,422.7900085449219,423.3299865722656,423.3299865722656,14253200
2026-01-16,Gold,GLD,422.79998779296875,424.79998779296875,417.0400085449219,421.2900085449219,421.2900085449219,20951600
2026-01-20,Gold,GLD,436.69000244140625,438.1400146484375,434.1000061035156,437.2300109863281,437.2300109863281,21308100
2026-01-21,Gold,GLD,446.8699951171875,448.0,437.1099853515625,443.6000061035156,443.6000061035156,38830200
2026-01-22,Gold,GLD,443.8399963378906,452.9800109863281,443.55999755859375,451.7900085449219,451.7900085449219,19251200
2026-01-23,Gold,GLD,454.1099853515625,458.75,453.45001220703125,458.0,458.0,21531900
2026-01-26,Gold,GLD,466.7799987792969,469.2799987792969,460.3599853515625,464.70001220703125,464.70001220703125,34156000
2026-01-27,Gold,GLD,465.07000732421875,476.489990234375,463.95001220703125,476.1000061035156,476.1000061035156,28386200
2026-01-28,Gold,GLD,483.3900146484375,495.8800048828125,481.25,494.55999755859375,494.55999755859375,44154600
2026-01-29,Gold,GLD,509.510009765625,509.70001220703125,468.510009765625,495.8999938964844,495.8999938964844,69970900
2026-01-30,Gold,GLD,466.25,470.05999755859375,430.79998779296875,444.95001220703125,444.95001220703125,86593500
2026-02-02,Gold,GLD,434.010009765625,440.7799987792969,422.54998779296875,427.1300048828125,427.1300048828125,41626200
2026-02-03,Gold,GLD,452.6300048828125,459.0,448.30999755859375,454.2900085449219,454.2900085449219,28703500
2026-02-04,Gold,GLD,462.4700012207031,463.1000061035156,445.7099914550781,453.9700012207031,453.9700012207031,24427900
2026-02-05,Gold,GLD,444.2900085449219,450.8999938964844,440.3500061035156,441.8800048828125,441.8800048828125,17718100
2026-02-06,Gold,GLD,450.7300109863281,456.92999267578125,450.0299987792969,455.4599914550781,455.4599914550781,12663900
2026-02-09,Gold,GLD,461.3900146484375,467.55999755859375,460.8500061035156,467.0299987792969,467.0299987792969,12330900
2026-02-10,Gold,GLD,465.9599914550781,466.75,459.5199890136719,462.3999938964844,462.3999938964844,7861600
2026-02-11,Gold,GLD,466.0,468.6099853515625,462.82000732421875,467.6300048828125,467.6300048828125,11209600
2026-02-12,Gold,GLD,464.8999938964844,466.3800048828125,448.05999755859375,451.3900146484375,451.3900146484375,20488800
2026-02-13,Gold,GLD,459.7300109863281,463.8399963378906,456.25,462.6199951171875,462.6199951171875,12359300
2026-02-17,Gold,GLD,450.260009765625,451.3699951171875,445.5299987792969,448.20001220703125,448.20001220703125,10976100
2026-02-18,Gold,GLD,455.80999755859375,460.510009765625,455.32000732421875,458.2799987792969,458.2799987792969,10226300
2026-02-19,Gold,GLD,457.3399963378906,461.510009765625,456.0299987792969,459.55999755859375,459.55999755859375,8411400
2026-02-20,Gold,GLD,463.25,468.6199951171875,458.3399963378906,468.6199951171875,468.6199951171875,14316300
2026-02-23,Gold,GLD,474.6499938964844,481.4599914550781,474.6099853515625,481.2799987792969,481.2799987792969,17441600
2026-02-24,Gold,GLD,470.0899963378906,475.44000244140625,469.54998779296875,474.6099853515625,474.6099853515625,14147100
2026-02-25,Gold,GLD,475.739990234375,479.5299987792969,472.8999938964844,473.4200134277344,473.4200134277344,12954300
2026-02-26,Gold,GLD,474.95001220703125,477.8299865722656,442.0400085449219,477.4800109863281,477.4800109863281,12375000
2026-02-27,Gold,GLD,480.75,483.8999938964844,479.1099853515625,483.75,483.75,16795100
2026-03-02,Gold,GLD,490.1000061035156,492.1499938964844,483.2799987792969,490.0,490.0,19916600
2026-03-03,Gold,GLD,472.8299865722656,473.20001220703125,458.92999267578125,468.1400146484375,468.1400146484375,22591500
2026-03-04,Gold,GLD,474.82000732421875,476.4200134277344,469.3900146484375,471.79998779296875,471.79998779296875,9985900
2026-03-05,Gold,GLD,470.45001220703125,470.6700134277344,463.9100036621094,466.1300048828125,466.1300048828125,11674800
2026-03-06,Gold,GLD,469.0400085449219,475.4599914550781,467.07000732421875,473.510009765625,473.510009765625,10489800
2026-03-09,Gold,GLD,468.0899963378906,472.67999267578125,464.7900085449219,472.5299987792969,472.5299987792969,8829800
2026-03-10,Gold,GLD,479.739990234375,481.30999755859375,474.2099914550781,477.8599853515625,477.8599853515625,9616800
2026-03-11,Gold,GLD,476.1300048828125,477.45001220703125,473.1300048828125,476.239990234375,476.239990234375,7522900
2026-03-12,Gold,GLD,475.0199890136719,475.0199890136719,466.6000061035156,466.8800048828125,466.8800048828125,11900600
2026-03-13,Gold,GLD,469.30999755859375,470.1000061035156,460.2200012207031,460.8399963378906,460.8399963378906,11741600
2026-03-16,Gold,GLD,461.2699890136719,462.79998779296875,456.9100036621094,460.42999267578125,460.42999267578125,8964100
2026-03-17,Gold,GLD,460.510009765625,462.2099914550781,456.8699951171875,459.2699890136719,459.2699890136719,7610100
2026-03-18,Gold,GLD,446.6600036621094,450.05999755859375,444.3900146484375,444.739990234375,444.739990234375,18375600
2026-03-19,Gold,GLD,420.3599853515625,428.2699890136719,416.79998779296875,426.4100036621094,426.4100036621094,30206000
2026-03-20,Gold,GLD,428.0899963378906,428.5899963378906,411.2300109863281,413.3800048828125,413.3800048828125,27204900
2026-03-23,Gold,GLD,405.1199951171875,414.5400085449219,399.6400146484375,404.0400085449219,404.0400085449219,36796800
2026-03-24,Gold,GLD,400.239990234375,407.2900085449219,399.20001220703125,404.1300048828125,404.1300048828125,17478500
2026-03-25,Gold,GLD,419.7099914550781,420.6600036621094,412.25,416.2900085449219,416.2900085449219,15713200
2026-03-26,Gold,GLD,408.5299987792969,411.3699951171875,400.260009765625,400.6400146484375,400.6400146484375,15756300
2026-03-27,Gold,GLD,406.20001220703125,418.3999938964844,405.4100036621094,414.70001220703125,414.70001220703125,16580700
2026-03-30,Gold,GLD,419.5400085449219,420.1000061035156,412.6600036621094,414.5799865722656,414.5799865722656,13172100
2026-03-31,Gold,GLD,420.0799865722656,430.57000732421875,419.5899963378906,430.2900085449219,430.2900085449219,14534300
2026-04-01,Gold,GLD,435.0,440.19000244140625,433.760009765625,437.82000732421875,437.82000732421875,14133100
2026-04-02,Gold,GLD,422.2900085449219,431.6700134277344,421.1700134277344,429.4100036621094,429.4100036621094,10838600
2026-04-06,Gold,GLD,428.8699951171875,431.489990234375,426.7099914550781,427.6499938964844,427.6499938964844,5417300
2026-04-07,Gold,GLD,427.8999938964844,433.42999267578125,423.1000061035156,431.80999755859375,431.80999755859375,7263500
2026-04-08,Gold,GLD,439.9800109863281,440.44000244140625,431.30999755859375,434.5299987792969,434.5299987792969,9689700
2026-04-09,Gold,GLD,436.4700012207031,440.9100036621094,435.8699951171875,437.9100036621094,437.9100036621094,6748500
2026-04-10,Gold,GLD,438.5899963378906,440.3500061035156,436.0,437.1300048828125,437.1300048828125,6193300
2026-04-13,Gold,GLD,434.7799987792969,436.2200012207031,431.6300048828125,435.3599853515625,435.3599853515625,5549400
2026-04-14,Gold,GLD,439.32000732421875,445.17999267578125,439.0199890136719,445.0899963378906,445.0899963378906,8731700
2026-04-15,Gold,GLD,442.8800048828125,443.739990234375,439.6000061035156,440.4599914550781,440.4599914550781,6455900
2026-04-16,Gold,GLD,442.1499938964844,442.9800109863281,438.17999267578125,440.0799865722656,440.0799865722656,5350100
2026-04-17,Gold,GLD,445.6499938964844,448.70001220703125,445.32000732421875,445.92999267578125,445.92999267578125,9712000
2026-04-20,Gold,GLD,443.1300048828125,443.4200134277344,440.04998779296875,442.0899963378906,442.0899963378906,8473000
2026-04-21,Gold,GLD,438.54998779296875,440.25,428.7099914550781,429.57000732421875,429.57000732421875,9480000
2026-04-22,Gold,GLD,436.2699890136719,437.1700134277344,433.7799987792969,435.260009765625,435.260009765625,5178100
2026-04-23,Gold,GLD,433.9599914550781,435.2900085449219,428.2200012207031,431.0400085449219,431.0400085449219,4976400
2026-04-24,Gold,GLD,431.3399963378906,435.2799987792969,430.6499938964844,433.25,433.25,5924100
2026-04-27,Gold,GLD,431.6600036621094,431.79998779296875,428.5199890136719,429.8900146484375,429.8900146484375,6105200
2026-04-28,Gold,GLD,420.7200012207031,422.5199890136719,418.3999938964844,421.9100036621094,421.9100036621094,7723400
2026-04-29,Gold,GLD,416.739990234375,419.1700134277344,414.1600036621094,417.4100036621094,417.4100036621094,6452600
2026-04-30,Gold,GLD,425.3399963378906,425.4599914550781,422.739990234375,423.6600036621094,423.6600036621094,6732800
2026-05-01,Gold,GLD,421.4100036621094,427.92999267578125,421.0799865722656,423.17999267578125,423.17999267578125,5911500
2026-05-04,Gold,GLD,418.8399963378906,420.8599853515625,413.2799987792969,414.7099914550781,414.7099914550781,7285700
2026-05-05,Gold,GLD,420.1499938964844,421.1600036621094,417.9100036621094,418.2699890136719,418.2699890136719,4279900
2026-05-06,Gold,GLD,430.1499938964844,433.19000244140625,429.6000061035156,430.9599914550781,430.9599914550781,7013900
2026-05-07,Gold,GLD,435.6099853515625,437.4200134277344,430.25,431.67999267578125,431.67999267578125,6816200
2026-05-08,Gold,GLD,434.04998779296875,436.20001220703125,431.70001220703125,433.7699890136719,433.7699890136719,5380800
2026-05-11,Gold,GLD,434.17999267578125,436.0400085449219,432.2099914550781,434.6499938964844,434.6499938964844,5569100
2026-05-12,Gold,GLD,430.70001220703125,432.9800109863281,425.8500061035156,432.92999267578125,432.92999267578125,6660900
2026-05-13,Gold,GLD,430.5199890136719,432.489990234375,428.75,430.5,430.5,4180300
2026-05-14,Gold,GLD,430.29998779296875,431.5400085449219,427.1000061035156,427.2099914550781,427.2099914550781,4021400
2026-05-15,Gold,GLD,417.6400146484375,419.25,414.1199951171875,417.2900085449219,417.2900085449219,9360400
2026-05-18,Gold,GLD,419.82000732421875,420.92999267578125,416.05999755859375,418.42999267578125,418.42999267578125,5628300
2026-05-19,Gold,GLD,412.45001220703125,414.4700012207031,409.8800048828125,411.5,411.5,5419400
2026-05-20,Gold,GLD,412.1400146484375,417.989990234375,410.0799865722656,417.3999938964844,417.3999938964844,6005000
2026-05-21,Gold,GLD,413.1400146484375,418.4200134277344,411.95001220703125,416.989990234375,416.989990234375,4679900
2026-05-22,Gold,GLD,415.1700134277344,415.67999267578125,412.0,413.82000732421875,413.82000732421875,5528400
2026-05-26,Gold,GLD,415.1600036621094,415.9800109863281,411.5,414.0,414.0,5098400
2026-05-27,Gold,GLD,404.3399963378906,409.25,404.29998779296875,408.489990234375,408.489990234375,6624600
2026-05-28,Gold,GLD,406.4800109863281,414.510009765625,405.4100036621094,412.7699890136719,412.7699890136719,7184100
2026-05-29,Gold,GLD,415.6199951171875,421.82000732421875,415.0799865722656,417.1199951171875,417.1199951171875,7705700
2026-06-01,Gold,GLD,409.8599853515625,412.6099853515625,408.239990234375,411.260009765625,411.260009765625,6158900
2026-06-02,Gold,GLD,414.0799865722656,414.3999938964844,411.1000061035156,411.95001220703125,411.95001220703125,3823900
2026-06-03,Gold,GLD,408.3800048828125,409.3800048828125,406.2300109863281,407.8699951171875,407.8699951171875,5038000
2026-06-04,Gold,GLD,413.3699951171875,414.3699951171875,409.010009765625,411.2699890136719,411.2699890136719,4646500
2026-06-05,Gold,GLD,404.3800048828125,404.7200012207031,395.9200134277344,396.239990234375,396.239990234375,11473900
2026-06-08,Gold,GLD,397.5199890136719,398.9800109863281,396.0299987792969,397.2699890136719,397.2699890136719,8057300
2026-06-09,Gold,GLD,397.57000732421875,400.4800109863281,388.75,390.7799987792969,390.7799987792969,9567300
2026-06-10,Gold,GLD,380.75,384.2099914550781,374.54998779296875,374.5799865722656,374.5799865722656,13956200
2026-06-11,Gold,GLD,373.9599914550781,387.2099914550781,371.8800048828125,386.32000732421875,386.32000732421875,12622500
2026-06-12,Gold,GLD,385.7300109863281,388.7699890136719,383.3500061035156,386.5400085449219,386.5400085449219,7532600
2026-06-15,Gold,GLD,399.489990234375,401.0,396.1499938964844,396.54998779296875,396.54998779296875,10477100
2026-06-16,Gold,GLD,397.8299865722656,398.9599914550781,395.82000732421875,397.6300048828125,397.6300048828125,6004000
2026-06-17,Gold,GLD,397.82000732421875,402.0400085449219,387.0799865722656,388.6000061035156,388.6000061035156,13343000
2026-06-18,Gold,GLD,391.239990234375,392.5,385.6000061035156,387.1199951171875,387.1199951171875,7627300
2026-06-22,Gold,GLD,384.25,386.4100036621094,382.6400146484375,384.5899963378906,384.5899963378906,7835100
2026-06-23,Gold,GLD,377.7200012207031,380.3500061035156,377.1700134277344,377.32000732421875,377.32000732421875,7389600
2026-06-24,Gold,GLD,364.80999755859375,370.8999938964844,363.32000732421875,365.9200134277344,365.9200134277344,12741700
2026-06-25,Gold,GLD,368.989990234375,371.0400085449219,366.79998779296875,369.4599914550781,369.4599914550781,9137100
2026-06-26,Gold,GLD,372.2699890136719,375.8500061035156,371.17999267578125,373.6300048828125,373.6300048828125,5603300
2026-06-29,Gold,GLD,370.5799865722656,371.19000244140625,366.9700012207031,368.5799865722656,368.5799865722656,5006300
2026-06-30,Gold,GLD,369.2200012207031,372.8299865722656,368.260009765625,368.3800048828125,368.3800048828125,5302100
2026-07-01,Gold,GLD,371.2099914550781,377.7799987792969,370.2099914550781,370.6000061035156,370.6000061035156,9058300
2026-07-02,Gold,GLD,377.44000244140625,380.2699890136719,376.2900085449219,378.1300048828125,378.1300048828125,7592900
2026-07-06,Gold,GLD,380.2099914550781,382.42999267578125,378.8299865722656,382.1300048828125,382.1300048828125,3906500
2026-07-07,Gold,GLD,382.3900146484375,383.6000061035156,375.5199890136719,377.489990234375,377.489990234375,4815400
2026-07-08,Gold,GLD,373.1700134277344,375.4700012207031,368.95001220703125,374.45001220703125,374.45001220703125,7728500
2026-07-09,Gold,GLD,378.510009765625,379.6499938964844,377.4100036621094,378.17999267578125,378.17999267578125,4754600
2026-07-10,Gold,GLD,375.0,377.54998779296875,373.70001220703125,377.010009765625,377.010009765625,5455400
2026-07-13,Gold,GLD,372.7699890136719,372.8900146484375,365.7699890136719,367.1300048828125,367.1300048828125,7161700
2026-07-14,Gold,GLD,374.5299987792969,376.2799987792969,370.9200134277344,372.1499938964844,372.1499938964844,6303400
2026-07-15,Gold,GLD,372.1099853515625,374.489990234375,369.5,372.3500061035156,372.3500061035156,7683700
2026-07-16,Gold,GLD,367.45001220703125,368.42999267578125,364.04998779296875,364.9599914550781,364.9599914550781,9048000
2026-07-17,Gold,GLD,364.1099853515625,369.2099914550781,363.6000061035156,368.4100036621094,368.4100036621094,6456600
2026-07-20,Gold,GLD,367.7900085449219,368.7900085449219,366.79998779296875,367.6000061035156,367.6000061035156,3922500
2026-07-21,Gold,GLD,371.70001220703125,375.010009765625,371.07000732421875,374.80999755859375,374.80999755859375,6070600
2026-07-22,Gold,GLD,379.07000732421875,382.2200012207031,378.8299865722656,379.1199951171875,379.1199951171875,7115100
2026-07-23,Gold,GLD,372.3599853515625,373.0899963378906,370.5299987792969,371.5199890136719,371.5199890136719,9820600
2026-07-24,Gold,GLD,371.260009765625,374.489990234375,371.0299987792969,371.8999938964844,371.8999938964844,3852400
2026-07-27,Gold,GLD,373.8900146484375,375.5299987792969,372.9100036621094,374.6300048828125,374.6300048828125,3700000
2026-07-28,Gold,GLD,369.6099853515625,371.2300109863281,367.9800109863281,369.3699951171875,369.3699951171875,4819300
2026-07-29,Gold,GLD,368.2900085449219,377.6199951171875,366.5299987792969,371.0799865722656,371.0799865722656,11839900
2026-07-30,Gold,GLD,374.1600036621094,377.8599853515625,373.760009765625,377.1600036621094,377.1600036621094,5968400
2026-07-31,Gold,GLD,370.8399963378906,372.010009765625,368.82000732421875,371.5400085449219,371.5400085449219,6825900
2026-08-03,Gold,GLD,370.1000061035156,372.0400085449219,368.6400146484375,371.7099914550781,371.7099914550781,4968900
2026-08-04,Gold,GLD,374.1400146484375,376.69000244140625,373.7099914550781,374.1600036621094,374.1600036621094,5723100
2026-08-05,Gold,GLD,384.9599914550781,391.510009765625,384.32000732421875,389.6400146484375,389.6400146484375,14758700
2026-08-06,Gold,GLD,389.5,392.1199951171875,387.2699890136719,389.6700134277344,389.6700134277344,10954300
2026-08-07,Gold,GLD,399.6000061035156,400.6600036621094,396.95001220703125,398.4700012207031,398.4700012207031,13324500
2026-08-10,Gold,GLD,397.7099914550781,403.239990234375,395.92999267578125,402.5400085449219,402.5400085449219,11057000
2026-08-11,Gold,GLD,403.44000244140625,404.0299987792969,399.8900146484375,400.9599914550781,400.9599914550781,7439100
2026-08-12,Gold,GLD,405.30999755859375,407.3599853515625,403.2200012207031,404.9200134277344,404.9200134277344,10383100
2026-08-13,Gold,GLD,402.1700134277344,402.5799865722656,398.2799987792969,398.9599914550781,398.9599914550781,8695200
2026-08-14,Gold,GLD,402.17999267578125,403.3299865722656,400.94000244140625,401.4800109863281,401.4800109863281,6744200
2025-08-15,Dollar,UUP,27.34000015258789,27.360000610351562,27.309999465942383,27.34000015258789,26.43710708618164,660600
2025-08-18,Dollar,UUP,27.389999389648438,27.440000534057617,27.389999389648438,27.40999984741211,26.50479507446289,646000
2025-08-19,Dollar,UUP,27.420000076293945,27.479999542236328,27.40999984741211,27.479999542236328,26.57248306274414,582100
2025-08-20,Dollar,UUP,27.450000762939453,27.469999313354492,27.420000076293945,27.459999084472656,26.553142547607422,658600
2025-08-21,Dollar,UUP,27.5,27.600000381469727,27.5,27.600000381469727,26.688520431518555,1186400
2025-08-22,Dollar,UUP,27.610000610351562,27.6200008392334,27.290000915527344,27.329999923706055,26.42743682861328,1552700
2025-08-25,Dollar,UUP,27.389999389648438,27.56999969482422,27.360000610351562,27.549999237060547,26.64017105102539,791300
2025-08-26,Dollar,UUP,27.489999771118164,27.510000228881836,27.450000762939453,27.479999542236328,26.57248306274414,675500
2025-08-27,Dollar,UUP,27.610000610351562,27.610000610351562,27.469999313354492,27.489999771118164,26.5821533203125,524000
2025-08-28,Dollar,UUP,27.440000534057617,27.459999084472656,27.360000610351562,27.389999389648438,26.485454559326172,819400
2025-08-29,Dollar,UUP,27.459999084472656,27.469999313354492,27.3700008392334,27.3700008392334,26.46611785888672,661500
2025-09-02,Dollar,UUP,27.56999969482422,27.56999969482422,27.459999084472656,27.549999237060547,26.64017105102539,931700
2025-09-03,Dollar,UUP,27.530000686645508,27.559999465942383,27.459999084472656,27.5,26.59182357788086,577200
2025-09-04,Dollar,UUP,27.530000686645508,27.59000015258789,27.530000686645508,27.540000915527344,26.630502700805664,906000
2025-09-05,Dollar,UUP,27.3799991607666,27.420000076293945,27.309999465942383,27.399999618530273,26.49512481689453,1127400
2025-09-08,Dollar,UUP,27.329999923706055,27.3799991607666,27.309999465942383,27.309999465942383,26.408098220825195,513600
2025-09-09,Dollar,UUP,27.329999923706055,27.43000030517578,27.290000915527344,27.420000076293945,26.51446533203125,385200
2025-09-10,Dollar,UUP,27.40999984741211,27.450000762939453,27.3700008392334,27.440000534057617,26.53380584716797,465200
2025-09-11,Dollar,UUP,27.40999984741211,27.40999984741211,27.350000381469727,27.350000381469727,26.44677734375,926000
2025-09-12,Dollar,UUP,27.450000762939453,27.450000762939453,27.3799991607666,27.389999389648438,26.485454559326172,1069900
2025-09-15,Dollar,UUP,27.34000015258789,27.360000610351562,27.299999237060547,27.299999237060547,26.398427963256836,586800
2025-09-16,Dollar,UUP,27.209999084472656,27.219999313354492,27.110000610351562,27.1299991607666,26.234041213989258,874700
2025-09-17,Dollar,UUP,27.170000076293945,27.229999542236328,27.010000228881836,27.219999313354492,26.321069717407227,1662000
2025-09-18,Dollar,UUP,27.329999923706055,27.40999984741211,27.31999969482422,27.350000381469727,26.44677734375,1542100
2025-09-19,Dollar,UUP,27.420000076293945,27.440000534057617,27.3799991607666,27.43000030517578,26.52413558959961,715300
2025-09-22,Dollar,UUP,27.360000610351562,27.40999984741211,27.329999923706055,27.329999923706055,26.42743682861328,805500
2025-09-23,Dollar,UUP,27.350000381469727,27.3700008392334,27.299999237060547,27.309999465942383,26.408098220825195,886000
2025-09-24,Dollar,UUP,27.489999771118164,27.520000457763672,27.469999313354492,27.510000228881836,26.60149383544922,802100
2025-09-25,Dollar,UUP,27.59000015258789,27.719999313354492,27.59000015258789,27.700000762939453,26.785219192504883,1273600
2025-09-26,Dollar,UUP,27.65999984741211,27.65999984741211,27.59000015258789,27.600000381469727,26.688520431518555,605500
2025-09-29,Dollar,UUP,27.510000228881836,27.559999465942383,27.5,27.540000915527344,26.630502700805664,748800
2025-09-30,Dollar,UUP,27.530000686645508,27.540000915527344,27.459999084472656,27.510000228881836,26.60149383544922,1106800
2025-10-01,Dollar,UUP,27.43000030517578,27.530000686645508,27.420000076293945,27.5,26.59182357788086,1273400
2025-10-02,Dollar,UUP,27.479999542236328,27.610000610351562,27.479999542236328,27.540000915527344,26.630502700805664,949500
2025-10-03,Dollar,UUP,27.510000228881836,27.530000686645508,27.469999313354492,27.489999771118164,26.5821533203125,707700
2025-10-06,Dollar,UUP,27.65999984741211,27.670000076293945,27.59000015258789,27.6200008392334,26.707860946655273,967700
2025-10-07,Dollar,UUP,27.719999313354492,27.780000686645508,27.690000534057617,27.780000686645508,26.862577438354492,891000
2025-10-08,Dollar,UUP,27.829999923706055,27.899999618530273,27.809999465942383,27.84000015258789,26.920595169067383,937200
2025-10-09,Dollar,UUP,27.8799991607666,28.059999465942383,27.8799991607666,28.030000686645508,27.104320526123047,2422400
2025-10-10,Dollar,UUP,28.010000228881836,28.010000228881836,27.850000381469727,27.889999389648438,26.968942642211914,1210600
2025-10-13,Dollar,UUP,27.959999084472656,28.0,27.950000762939453,27.989999771118164,27.065641403198242,580700
2025-10-14,Dollar,UUP,27.979999542236328,28.0,27.899999618530273,27.90999984741211,26.988283157348633,805500
2025-10-15,Dollar,UUP,27.889999389648438,27.889999389648438,27.799999237060547,27.829999923706055,26.910924911499023,1133500
2025-10-16,Dollar,UUP,27.790000915527344,27.809999465942383,27.709999084472656,27.719999313354492,26.80455780029297,868100
2025-10-17,Dollar,UUP,27.75,27.799999237060547,27.739999771118164,27.75,26.833566665649414,670700
2025-10-20,Dollar,UUP,27.780000686645508,27.81999969482422,27.760000228881836,27.81999969482422,26.901254653930664,714500
2025-10-21,Dollar,UUP,27.90999984741211,27.93000030517578,27.8700008392334,27.93000030517578,27.00762367248535,1433400
2025-10-22,Dollar,UUP,27.959999084472656,27.959999084472656,27.8700008392334,27.899999618530273,26.978612899780273,1081100
2025-10-23,Dollar,UUP,27.950000762939453,27.950000762939453,27.90999984741211,27.90999984741211,26.988283157348633,501300
2025-10-24,Dollar,UUP,27.90999984741211,27.959999084472656,27.899999618530273,27.90999984741211,26.988283157348633,691800
2025-10-27,Dollar,UUP,27.889999389648438,27.93000030517578,27.8799991607666,27.8799991607666,26.959272384643555,818000
2025-10-28,Dollar,UUP,27.90999984741211,27.93000030517578,27.84000015258789,27.860000610351562,26.9399356842041,1573900
2025-10-29,Dollar,UUP,27.90999984741211,28.059999465942383,27.850000381469727,28.020000457763672,27.094650268554688,1968800
2025-10-30,Dollar,UUP,28.1200008392334,28.1299991607666,28.079999923706055,28.1299991607666,27.201017379760742,1519100
2025-10-31,Dollar,UUP,28.15999984741211,28.209999084472656,28.15999984741211,28.209999084472656,27.27837562561035,972400
2025-11-03,Dollar,UUP,28.260000228881836,28.280000686645508,28.18000030517578,28.229999542236328,27.297714233398438,852300
2025-11-04,Dollar,UUP,28.309999465942383,28.350000381469727,28.280000686645508,28.31999969482422,27.384742736816406,1204600
2025-11-05,Dollar,UUP,28.350000381469727,28.3799991607666,28.31999969482422,28.329999923706055,27.394412994384766,1340000
2025-11-06,Dollar,UUP,28.239999771118164,28.260000228881836,28.18000030517578,28.18000030517578,27.249366760253906,1293800
2025-11-07,Dollar,UUP,28.149999618530273,28.18000030517578,28.110000610351562,28.15999984741211,27.230026245117188,1150600
2025-11-10,Dollar,UUP,28.170000076293945,28.219999313354492,28.15999984741211,28.18000030517578,27.249366760253906,997900
2025-11-11,Dollar,UUP,28.100000381469727,28.149999618530273,28.09000015258789,28.139999389648438,27.2106876373291,1383900
2025-11-12,Dollar,UUP,28.209999084472656,28.219999313354492,28.1299991607666,28.149999618530273,27.220355987548828,1043900
2025-11-13,Dollar,UUP,28.100000381469727,28.110000610351562,28.020000457763672,28.06999969482422,27.14299964904785,1014100
2025-11-14,Dollar,UUP,28.06999969482422,28.139999389648438,28.059999465942383,28.110000610351562,27.181678771972656,1099300
2025-11-17,Dollar,UUP,28.170000076293945,28.200000762939453,28.149999618530273,28.18000030517578,27.249366760253906,1188500
2025-11-18,Dollar,UUP,28.18000030517578,28.229999542236328,28.149999618530273,28.209999084472656,27.27837562561035,1428100
2025-11-19,Dollar,UUP,28.290000915527344,28.399999618530273,28.270000457763672,28.389999389648438,27.452430725097656,1917200
2025-11-20,Dollar,UUP,28.350000381469727,28.40999984741211,28.329999923706055,28.40999984741211,27.471771240234375,1492900
2025-11-21,Dollar,UUP,28.43000030517578,28.450000762939453,28.3700008392334,28.389999389648438,27.452430725097656,1305200
2025-11-24,Dollar,UUP,28.3799991607666,28.420000076293945,28.3700008392334,28.389999389648438,27.452430725097656,996000
2025-11-25,Dollar,UUP,28.31999969482422,28.329999923706055,28.239999771118164,28.309999465942383,27.375072479248047,1281600
2025-11-26,Dollar,UUP,28.329999923706055,28.329999923706055,28.219999313354492,28.229999542236328,27.297714233398438,1130500
2025-11-28,Dollar,UUP,28.270000457763672,28.270000457763672,28.18000030517578,28.209999084472656,27.27837562561035,1215800
2025-12-01,Dollar,UUP,28.1200008392334,28.209999084472656,28.110000610351562,28.200000762939453,27.268707275390625,2996300
2025-12-02,Dollar,UUP,28.219999313354492,28.25,28.18000030517578,28.190000534057617,27.259037017822266,1528300
2025-12-03,Dollar,UUP,28.09000015258789,28.100000381469727,28.020000457763672,28.049999237060547,27.123659133911133,1962500
2025-12-04,Dollar,UUP,28.020000457763672,28.110000610351562,28.020000457763672,28.110000610351562,27.181678771972656,1479800
2025-12-05,Dollar,UUP,28.079999923706055,28.1299991607666,28.059999465942383,28.079999923706055,27.152667999267578,1639400
2025-12-08,Dollar,UUP,28.079999923706055,28.15999984741211,28.079999923706055,28.1200008392334,27.191349029541016,1143400
2025-12-09,Dollar,UUP,28.139999389648438,28.200000762939453,28.1299991607666,28.15999984741211,27.230026245117188,1191700
2025-12-10,Dollar,UUP,28.15999984741211,28.15999984741211,27.979999542236328,28.010000228881836,27.084980010986328,2309500
2025-12-11,Dollar,UUP,27.899999618530273,27.940000534057617,27.860000610351562,27.90999984741211,26.988283157348633,1143000
2025-12-12,Dollar,UUP,27.950000762939453,27.979999542236328,27.93000030517578,27.950000762939453,27.026962280273438,1141700
2025-12-15,Dollar,UUP,27.90999984741211,27.959999084472656,27.8799991607666,27.93000030517578,27.00762367248535,568400
2025-12-16,Dollar,UUP,27.850000381469727,27.940000534057617,27.809999465942383,27.899999618530273,26.978612899780273,881400
2025-12-17,Dollar,UUP,27.989999771118164,27.989999771118164,27.920000076293945,27.959999084472656,27.036630630493164,655400
2025-12-18,Dollar,UUP,27.93000030517578,28.010000228881836,27.93000030517578,27.979999542236328,27.055971145629883,764300
2025-12-19,Dollar,UUP,28.020000457763672,28.06999969482422,28.010000228881836,28.06999969482422,27.14299964904785,553300
2025-12-22,Dollar,UUP,27.020000457763672,27.040000915527344,27.0,27.030000686645508,27.030000686645508,1148200
2025-12-23,Dollar,UUP,26.969999313354492,26.989999771118164,26.93000030517578,26.940000534057617,26.940000534057617,1032800
2025-12-24,Dollar,UUP,26.940000534057617,26.959999084472656,26.93000030517578,26.950000762939453,26.950000762939453,699400
2025-12-26,Dollar,UUP,26.920000076293945,27.0,26.920000076293945,26.969999313354492,26.969999313354492,743400
2025-12-29,Dollar,UUP,26.959999084472656,27.020000457763672,26.940000534057617,26.979999542236328,26.979999542236328,794700
2025-12-30,Dollar,UUP,27.020000457763672,27.049999237060547,27.0,27.049999237060547,27.049999237060547,627500
2025-12-31,Dollar,UUP,27.059999465942383,27.110000610351562,27.030000686645508,27.030000686645508,27.030000686645508,575900
2026-01-02,Dollar,UUP,27.079999923706055,27.1200008392334,27.040000915527344,27.110000610351562,27.110000610351562,2375000
2026-01-05,Dollar,UUP,27.170000076293945,27.190000534057617,27.049999237060547,27.06999969482422,27.06999969482422,1632900
2026-01-06,Dollar,UUP,27.100000381469727,27.15999984741211,27.09000015258789,27.15999984741211,27.15999984741211,1253200
2026-01-07,Dollar,UUP,27.149999618530273,27.200000762939453,27.139999389648438,27.200000762939453,27.200000762939453,1122800
2026-01-08,Dollar,UUP,27.25,27.280000686645508,27.219999313354492,27.270000457763672,27.270000457763672,591000
2026-01-09,Dollar,UUP,27.299999237060547,27.360000610351562,27.299999237060547,27.329999923706055,27.329999923706055,806900
2026-01-12,Dollar,UUP,27.25,27.280000686645508,27.219999313354492,27.280000686645508,27.280000686645508,991700
2026-01-13,Dollar,UUP,27.270000457763672,27.3700008392334,27.270000457763672,27.350000381469727,27.350000381469727,747800
2026-01-14,Dollar,UUP,27.309999465942383,27.350000381469727,27.280000686645508,27.329999923706055,27.329999923706055,535700
2026-01-15,Dollar,UUP,27.40999984741211,27.450000762939453,27.389999389648438,27.43000030517578,27.43000030517578,700000
2026-01-16,Dollar,UUP,27.3799991607666,27.450000762939453,27.3700008392334,27.43000030517578,27.43000030517578,1463100
2026-01-20,Dollar,UUP,27.170000076293945,27.229999542236328,27.149999618530273,27.209999084472656,27.209999084472656,931300
2026-01-21,Dollar,UUP,27.18000030517578,27.299999237060547,27.18000030517578,27.270000457763672,27.270000457763672,1005400
2026-01-22,Dollar,UUP,27.209999084472656,27.219999313354492,27.1200008392334,27.149999618530273,27.149999618530273,826800
2026-01-23,Dollar,UUP,27.1299991607666,27.139999389648438,26.90999984741211,26.90999984741211,26.90999984741211,686100
2026-01-26,Dollar,UUP,26.809999465942383,26.81999969482422,26.719999313354492,26.780000686645508,26.780000686645508,1392400
2026-01-27,Dollar,UUP,26.65999984741211,26.670000076293945,26.399999618530273,26.469999313354492,26.469999313354492,1780800
2026-01-28,Dollar,UUP,26.600000381469727,26.739999771118164,26.559999465942383,26.6299991607666,26.6299991607666,2744700
2026-01-29,Dollar,UUP,26.56999969482422,26.709999084472656,26.56999969482422,26.59000015258789,26.59000015258789,1592500
2026-01-30,Dollar,UUP,26.729999542236328,26.850000381469727,26.700000762939453,26.850000381469727,26.850000381469727,2763800
2026-02-02,Dollar,UUP,26.959999084472656,27.030000686645508,26.90999984741211,26.989999771118164,26.989999771118164,2780900
2026-02-03,Dollar,UUP,26.979999542236328,26.989999771118164,26.899999618530273,26.920000076293945,26.920000076293945,1165000
2026-02-04,Dollar,UUP,26.969999313354492,27.030000686645508,26.950000762939453,27.010000228881836,27.010000228881836,1122400
2026-02-05,Dollar,UUP,27.010000228881836,27.09000015258789,27.0,27.09000015258789,27.09000015258789,1840300
2026-02-06,Dollar,UUP,27.020000457763672,27.020000457763672,26.969999313354492,27.010000228881836,27.010000228881836,1305200
2026-02-09,Dollar,UUP,26.809999465942383,26.850000381469727,26.780000686645508,26.790000915527344,26.790000915527344,1344900
2026-02-10,Dollar,UUP,26.729999542236328,26.809999465942383,26.729999542236328,26.799999237060547,26.799999237060547,1037900
2026-02-11,Dollar,UUP,26.81999969482422,26.8700008392334,26.760000228881836,26.829999923706055,26.829999923706055,1454400
2026-02-12,Dollar,UUP,26.809999465942383,26.860000610351562,26.770000457763672,26.81999969482422,26.81999969482422,1103000
2026-02-13,Dollar,UUP,26.81999969482422,26.889999389648438,26.799999237060547,26.81999969482422,26.81999969482422,840600
2026-02-17,Dollar,UUP,26.950000762939453,27.010000228881836,26.889999389648438,26.90999984741211,26.90999984741211,1048600
2026-02-18,Dollar,UUP,26.989999771118164,27.079999923706055,26.969999313354492,27.079999923706055,27.079999923706055,1865700
2026-02-19,Dollar,UUP,27.15999984741211,27.170000076293945,27.100000381469727,27.1200008392334,27.1200008392334,937600
2026-02-20,Dollar,UUP,27.139999389648438,27.15999984741211,27.040000915527344,27.09000015258789,27.09000015258789,1281600
2026-02-23,Dollar,UUP,27.06999969482422,27.09000015258789,27.020000457763672,27.09000015258789,27.09000015258789,713500
2026-02-24,Dollar,UUP,27.1299991607666,27.149999618530273,27.09000015258789,27.110000610351562,27.110000610351562,817300
2026-02-25,Dollar,UUP,27.139999389648438,27.139999389648438,27.049999237060547,27.079999923706055,27.079999923706055,1029100
2026-02-26,Dollar,UUP,27.09000015258789,27.170000076293945,27.059999465942383,27.100000381469727,27.100000381469727,1354900
2026-02-27,Dollar,UUP,27.100000381469727,27.1200008392334,27.049999237060547,27.079999923706055,27.079999923706055,1037400
2026-03-02,Dollar,UUP,27.31999969482422,27.399999618530273,27.280000686645508,27.329999923706055,27.329999923706055,3348800
2026-03-03,Dollar,UUP,27.540000915527344,27.649999618530273,27.450000762939453,27.459999084472656,27.459999084472656,3237200
2026-03-04,Dollar,UUP,27.420000076293945,27.459999084472656,27.389999389648438,27.40999984741211,27.40999984741211,2493200
2026-03-05,Dollar,UUP,27.489999771118164,27.59000015258789,27.479999542236328,27.479999542236328,27.479999542236328,4089300
2026-03-06,Dollar,UUP,27.56999969482422,27.59000015258789,27.440000534057617,27.469999313354492,27.469999313354492,3315900
2026-03-09,Dollar,UUP,27.510000228881836,27.59000015258789,27.40999984741211,27.459999084472656,27.459999084472656,4290500
2026-03-10,Dollar,UUP,27.360000610351562,27.479999542236328,27.34000015258789,27.450000762939453,27.450000762939453,3283500
2026-03-11,Dollar,UUP,27.520000457763672,27.56999969482422,27.469999313354492,27.549999237060547,27.549999237060547,3203200
2026-03-12,Dollar,UUP,27.6299991607666,27.709999084472656,27.6200008392334,27.68000030517578,27.68000030517578,2316100
2026-03-13,Dollar,UUP,27.770000457763672,27.90999984741211,27.75,27.889999389648438,27.889999389648438,4225700
2026-03-16,Dollar,UUP,27.739999771118164,27.780000686645508,27.68000030517578,27.729999542236328,27.729999542236328,7286100
2026-03-17,Dollar,UUP,27.670000076293945,27.709999084472656,27.639999389648438,27.68000030517578,27.68000030517578,3599400
2026-03-18,Dollar,UUP,27.739999771118164,27.850000381469727,27.700000762939453,27.850000381469727,27.850000381469727,4278500
2026-03-19,Dollar,UUP,27.790000915527344,27.809999465942383,27.5,27.579999923706055,27.579999923706055,5031400
2026-03-20,Dollar,UUP,27.65999984741211,27.75,27.65999984741211,27.68000030517578,27.68000030517578,4216900
2026-03-23,Dollar,UUP,27.600000381469727,27.639999389648438,27.479999542236328,27.559999465942383,27.559999465942383,4152900
2026-03-24,Dollar,UUP,27.65999984741211,27.709999084472656,27.579999923706055,27.649999618530273,27.649999618530273,3131800
2026-03-25,Dollar,UUP,27.6299991607666,27.719999313354492,27.6299991607666,27.700000762939453,27.700000762939453,3161100
2026-03-26,Dollar,UUP,27.760000228881836,27.81999969482422,27.719999313354492,27.809999465942383,27.809999465942383,2410200
2026-03-27,Dollar,UUP,27.829999923706055,27.8799991607666,27.780000686645508,27.84000015258789,27.84000015258789,2421300
2026-03-30,Dollar,UUP,27.90999984741211,28.0,27.90999984741211,27.979999542236328,27.979999542236328,2470800
2026-03-31,Dollar,UUP,27.850000381469727,27.889999389648438,27.770000457763672,27.780000686645508,27.780000686645508,3450000
2026-04-01,Dollar,UUP,27.670000076293945,27.739999771118164,27.6299991607666,27.729999542236328,27.729999542236328,4154600
2026-04-02,Dollar,UUP,27.850000381469727,27.889999389648438,27.780000686645508,27.860000610351562,27.860000610351562,3579400
2026-04-06,Dollar,UUP,27.809999465942383,27.8700008392334,27.770000457763672,27.829999923706055,27.829999923706055,3497200
2026-04-07,Dollar,UUP,27.829999923706055,27.84000015258789,27.729999542236328,27.75,27.75,3871900
2026-04-08,Dollar,UUP,27.450000762939453,27.610000610351562,27.450000762939453,27.530000686645508,27.530000686645508,5403000
2026-04-09,Dollar,UUP,27.510000228881836,27.559999465942383,27.440000534057617,27.479999542236328,27.479999542236328,3167600
2026-04-10,Dollar,UUP,27.420000076293945,27.489999771118164,27.420000076293945,27.440000534057617,27.440000534057617,4865800
2026-04-13,Dollar,UUP,27.540000915527344,27.540000915527344,27.3799991607666,27.3799991607666,27.3799991607666,3728900
2026-04-14,Dollar,UUP,27.299999237060547,27.329999923706055,27.270000457763672,27.31999969482422,27.31999969482422,4075700
2026-04-15,Dollar,UUP,27.309999465942383,27.34000015258789,27.280000686645508,27.290000915527344,27.290000915527344,1926300
2026-04-16,Dollar,UUP,27.34000015258789,27.3799991607666,27.329999923706055,27.3700008392334,27.3700008392334,1324700
2026-04-17,Dollar,UUP,27.239999771118164,27.360000610351562,27.200000762939453,27.360000610351562,27.360000610351562,1974600
2026-04-20,Dollar,UUP,27.350000381469727,27.3799991607666,27.299999237060547,27.31999969482422,27.31999969482422,1209500
2026-04-21,Dollar,UUP,27.350000381469727,27.469999313354492,27.34000015258789,27.469999313354492,27.469999313354492,1641300
2026-04-22,Dollar,UUP,27.440000534057617,27.489999771118164,27.399999618530273,27.479999542236328,27.479999542236328,768400
2026-04-23,Dollar,UUP,27.530000686645508,27.579999923706055,27.469999313354492,27.530000686645508,27.530000686645508,830200
2026-04-24,Dollar,UUP,27.5,27.530000686645508,27.450000762939453,27.479999542236328,27.479999542236328,1463800
2026-04-27,Dollar,UUP,27.40999984741211,27.459999084472656,27.389999389648438,27.450000762939453,27.450000762939453,1210300
2026-04-28,Dollar,UUP,27.530000686645508,27.549999237060547,27.489999771118164,27.530000686645508,27.530000686645508,3308700
2026-04-29,Dollar,UUP,27.559999465942383,27.6299991607666,27.549999237060547,27.610000610351562,27.610000610351562,2659200
2026-04-30,Dollar,UUP,27.479999542236328,27.5,27.34000015258789,27.360000610351562,27.360000610351562,3652900
2026-05-01,Dollar,UUP,27.329999923706055,27.420000076293945,27.260000228881836,27.40999984741211,27.40999984741211,2575400
2026-05-04,Dollar,UUP,27.43000030517578,27.510000228881836,27.420000076293945,27.479999542236328,27.479999542236328,1855900
2026-05-05,Dollar,UUP,27.479999542236328,27.5,27.440000534057617,27.5,27.5,691900
2026-05-06,Dollar,UUP,27.34000015258789,27.3700008392334,27.31999969482422,27.350000381469727,27.350000381469727,2479300
2026-05-07,Dollar,UUP,27.31999969482422,27.40999984741211,27.299999237060547,27.40999984741211,27.40999984741211,1528600
2026-05-08,Dollar,UUP,27.31999969482422,27.350000381469727,27.309999465942383,27.34000015258789,27.34000015258789,1070300
2026-05-11,Dollar,UUP,27.350000381469727,27.360000610351562,27.329999923706055,27.350000381469727,27.350000381469727,959200
2026-05-12,Dollar,UUP,27.479999542236328,27.510000228881836,27.440000534057617,27.450000762939453,27.450000762939453,2007800
2026-05-13,Dollar,UUP,27.520000457763672,27.540000915527344,27.5,27.510000228881836,27.510000228881836,2113600
2026-05-14,Dollar,UUP,27.549999237060547,27.6299991607666,27.540000915527344,27.6200008392334,27.6200008392334,2309200
2026-05-15,Dollar,UUP,27.719999313354492,27.770000457763672,27.709999084472656,27.770000457763672,27.770000457763672,1851100
2026-05-18,Dollar,UUP,27.68000030517578,27.729999542236328,27.670000076293945,27.700000762939453,27.700000762939453,2992100
2026-05-19,Dollar,UUP,27.790000915527344,27.809999465942383,27.760000228881836,27.790000915527344,27.790000915527344,1914800
2026-05-20,Dollar,UUP,27.790000915527344,27.81999969482422,27.670000076293945,27.729999542236328,27.729999542236328,2509300
2026-05-21,Dollar,UUP,27.799999237060547,27.829999923706055,27.709999084472656,27.729999542236328,27.729999542236328,1832400
2026-05-22,Dollar,UUP,27.760000228881836,27.81999969482422,27.75,27.770000457763672,27.770000457763672,2021800
2026-05-26,Dollar,UUP,27.75,27.780000686645508,27.729999542236328,27.75,27.75,1929200
2026-05-27,Dollar,UUP,27.719999313354492,27.790000915527344,27.709999084472656,27.75,27.75,2693300
2026-05-28,Dollar,UUP,27.770000457763672,27.790000915527344,27.690000534057617,27.700000762939453,27.700000762939453,2942100
2026-05-29,Dollar,UUP,27.709999084472656,27.739999771118164,27.6299991607666,27.65999984741211,27.65999984741211,4610000
2026-06-01,Dollar,UUP,27.770000457763672,27.829999923706055,27.75,27.760000228881836,27.760000228881836,2057400
2026-06-02,Dollar,UUP,27.739999771118164,27.809999465942383,27.739999771118164,27.760000228881836,27.760000228881836,2048200
2026-06-03,Dollar,UUP,27.860000610351562,27.8799991607666,27.829999923706055,27.860000610351562,27.860000610351562,1725500
2026-06-04,Dollar,UUP,27.790000915527344,27.850000381469727,27.780000686645508,27.84000015258789,27.84000015258789,880100
2026-06-05,Dollar,UUP,27.920000076293945,28.049999237060547,27.899999618530273,28.020000457763672,28.020000457763672,2008900
2026-06-08,Dollar,UUP,27.989999771118164,28.040000915527344,27.969999313354492,28.030000686645508,28.030000686645508,2424900
2026-06-09,Dollar,UUP,27.959999084472656,28.049999237060547,27.940000534057617,28.010000228881836,28.010000228881836,2008200
2026-06-10,Dollar,UUP,27.979999542236328,28.049999237060547,27.950000762939453,28.049999237060547,28.049999237060547,1741900
2026-06-11,Dollar,UUP,28.079999923706055,28.1299991607666,27.920000076293945,27.950000762939453,27.950000762939453,2647800
2026-06-12,Dollar,UUP,27.959999084472656,27.989999771118164,27.940000534057617,27.950000762939453,27.950000762939453,2225500
2026-06-15,Dollar,UUP,27.889999389648438,27.969999313354492,27.8700008392334,27.969999313354492,27.969999313354492,4139500
2026-06-16,Dollar,UUP,27.959999084472656,27.969999313354492,27.889999389648438,27.93000030517578,27.93000030517578,1794200
2026-06-17,Dollar,UUP,27.940000534057617,28.219999313354492,27.940000534057617,28.18000030517578,28.18000030517578,2963900
2026-06-18,Dollar,UUP,28.229999542236328,28.31999969482422,28.209999084472656,28.299999237060547,28.299999237060547,2054900
2026-06-22,Dollar,UUP,28.34000015258789,28.3700008392334,28.290000915527344,28.360000610351562,28.360000610351562,2516200
2026-06-23,Dollar,UUP,28.43000030517578,28.479999542236328,28.399999618530273,28.450000762939453,28.450000762939453,2494600
2026-06-24,Dollar,UUP,28.540000915527344,28.559999465942383,28.489999771118164,28.530000686645508,28.530000686645508,2043800
2026-06-25,Dollar,UUP,28.489999771118164,28.510000228881836,28.440000534057617,28.479999542236328,28.479999542236328,2075800
2026-06-26,Dollar,UUP,28.389999389648438,28.469999313354492,28.3799991607666,28.459999084472656,28.459999084472656,1893400
2026-06-29,Dollar,UUP,28.440000534057617,28.440000534057617,28.3700008392334,28.3700008392334,28.3700008392334,1750400
2026-06-30,Dollar,UUP,28.450000762939453,28.469999313354492,28.3799991607666,28.40999984741211,28.40999984741211,1484200
2026-07-01,Dollar,UUP,28.479999542236328,28.489999771118164,28.420000076293945,28.489999771118164,28.489999771118164,1996400
2026-07-02,Dollar,UUP,28.290000915527344,28.350000381469727,28.270000457763672,28.34000015258789,28.34000015258789,2644200
2026-07-06,Dollar,UUP,28.389999389648438,28.40999984741211,28.309999465942383,28.31999969482422,28.31999969482422,2837900
2026-07-07,Dollar,UUP,28.34000015258789,28.40999984741211,28.329999923706055,28.399999618530273,28.399999618530273,1902000
2026-07-08,Dollar,UUP,28.40999984741211,28.459999084472656,28.350000381469727,28.360000610351562,28.360000610351562,1338200
2026-07-09,Dollar,UUP,28.350000381469727,28.3700008392334,28.329999923706055,28.360000610351562,28.360000610351562,1543400
2026-07-10,Dollar,UUP,28.360000610351562,28.389999389648438,28.309999465942383,28.389999389648438,28.389999389648438,1810500
2026-07-13,Dollar,UUP,28.3799991607666,28.5,28.3700008392334,28.5,28.5,3187900
2026-07-14,Dollar,UUP,28.31999969482422,28.399999618530273,28.290000915527344,28.389999389648438,28.389999389648438,2503500
2026-07-15,Dollar,UUP,28.3700008392334,28.3700008392334,28.219999313354492,28.25,28.25,2209200
2026-07-16,Dollar,UUP,28.280000686645508,28.350000381469727,28.280000686645508,28.34000015258789,28.34000015258789,2893800
2026-07-17,Dollar,UUP,28.3799991607666,28.3799991607666,28.329999923706055,28.329999923706055,28.329999923706055,1134200
2026-07-20,Dollar,UUP,28.3799991607666,28.43000030517578,28.3799991607666,28.389999389648438,28.389999389648438,1898100
2026-07-21,Dollar,UUP,28.43000030517578,28.479999542236328,28.420000076293945,28.479999542236328,28.479999542236328,1231400
2026-07-22,Dollar,UUP,28.43000030517578,28.469999313354492,28.43000030517578,28.450000762939453,28.450000762939453,1230800
2026-07-23,Dollar,UUP,28.540000915527344,28.59000015258789,28.530000686645508,28.559999465942383,28.559999465942383,1529300
2026-07-24,Dollar,UUP,28.579999923706055,28.579999923706055,28.520000457763672,28.579999923706055,28.579999923706055,1113500
2026-07-27,Dollar,UUP,28.559999465942383,28.600000381469727,28.549999237060547,28.600000381469727,28.600000381469727,1602600
2026-07-28,Dollar,UUP,28.59000015258789,28.600000381469727,28.520000457763672,28.579999923706055,28.579999923706055,1037400
2026-07-29,Dollar,UUP,28.56999969482422,28.59000015258789,28.299999237060547,28.420000076293945,28.420000076293945,2286600
2026-07-30,Dollar,UUP,28.360000610351562,28.360000610351562,28.1200008392334,28.139999389648438,28.139999389648438,4809000
2026-07-31,Dollar,UUP,28.239999771118164,28.309999465942383,28.1299991607666,28.170000076293945,28.170000076293945,2731200
2026-08-03,Dollar,UUP,28.110000610351562,28.190000534057617,28.110000610351562,28.170000076293945,28.170000076293945,2506000
2026-08-04,Dollar,UUP,28.15999984741211,28.170000076293945,28.1299991607666,28.15999984741211,28.15999984741211,2144400
2026-08-05,Dollar,UUP,28.100000381469727,28.1200008392334,28.079999923706055,28.09000015258789,28.09000015258789,2092700
2026-08-06,Dollar,UUP,28.1200008392334,28.200000762939453,28.110000610351562,28.190000534057617,28.190000534057617,1666000
2026-08-07,Dollar,UUP,28.059999465942383,28.110000610351562,28.049999237060547,28.06999969482422,28.06999969482422,1718300
2026-08-10,Dollar,UUP,28.1200008392334,28.15999984741211,28.110000610351562,28.139999389648438,28.139999389648438,3241000
2026-08-11,Dollar,UUP,28.149999618530273,28.18000030517578,28.139999389648438,28.139999389648438,28.139999389648438,1247400
2026-08-12,Dollar,UUP,28.110000610351562,28.209999084472656,28.110000610351562,28.200000762939453,28.200000762939453,1496900
2026-08-13,Dollar,UUP,28.170000076293945,28.209999084472656,28.15999984741211,28.18000030517578,28.18000030517578,1127800
2026-08-14,Dollar,UUP,28.100000381469727,28.1299991607666,28.059999465942383,28.110000610351562,28.110000610351562,1362200
2025-08-15,Oil,USO,72.72000122070312,73.22000122070312,72.29000091552734,72.80000305175781,72.80000305175781,8046900
2025-08-18,Oil,USO,72.3499984741211,73.62999725341797,71.80999755859375,73.16999816894531,73.16999816894531,5247900
2025-08-19,Oil,USO,72.5,72.75,72.05999755859375,72.30000305175781,72.30000305175781,3423300
2025-08-20,Oil,USO,73.16000366210938,73.62999725341797,72.58999633789062,73.5199966430664,73.5199966430664,3858800
2025-08-21,Oil,USO,73.29000091552734,74.41000366210938,73.08999633789062,74.12999725341797,74.12999725341797,3185700
2025-08-22,Oil,USO,74.27999877929688,74.7300033569336,74.12000274658203,74.63999938964844,74.63999938964844,4873300
2025-08-25,Oil,USO,75.19000244140625,76.12000274658203,75.16999816894531,75.75,75.75,3175800
2025-08-26,Oil,USO,74.58000183105469,75.12000274658203,73.8499984741211,74.05000305175781,74.05000305175781,3174400
2025-08-27,Oil,USO,74.12999725341797,75.11000061035156,74.12999725341797,74.68000030517578,74.68000030517578,3322100
2025-08-28,Oil,USO,74.94000244140625,75.66999816894531,74.11000061035156,75.23999786376953,75.23999786376953,3522000
2025-08-29,Oil,USO,75.3499984741211,75.44999694824219,74.73999786376953,74.83999633789062,74.83999633789062,3510200
2025-09-02,Oil,USO,76.08000183105469,76.95999908447266,75.66999816894531,76.76000213623047,76.76000213623047,5380800
2025-09-03,Oil,USO,75.61000061035156,75.83000183105469,74.58999633789062,74.83000183105469,74.83000183105469,6270900
2025-09-04,Oil,USO,73.87000274658203,74.55000305175781,73.75,74.18000030517578,74.18000030517578,4503100
2025-09-05,Oil,USO,73.0199966430664,73.0199966430664,71.95999908447266,72.62999725341797,72.62999725341797,5101500
2025-09-08,Oil,USO,73.48999786376953,73.54000091552734,72.56999969482422,73.04000091552734,73.04000091552734,3943300
2025-09-09,Oil,USO,73.98999786376953,74.5199966430664,73.29000091552734,73.38999938964844,73.38999938964844,4228800
2025-09-10,Oil,USO,74.0,75.05000305175781,73.79000091552734,74.70999908447266,74.70999908447266,6039000
2025-09-11,Oil,USO,73.19000244140625,73.55000305175781,72.93000030517578,73.0,73.0,3876000
2025-09-12,Oil,USO,74.16999816894531,74.44999694824219,73.26000213623047,73.30999755859375,73.30999755859375,4990100
2025-09-15,Oil,USO,74.26000213623047,74.68000030517578,73.97000122070312,74.2300033569336,74.2300033569336,3985500
2025-09-16,Oil,USO,75.08000183105469,75.86000061035156,74.80000305175781,75.66999816894531,75.66999816894531,5063900
2025-09-17,Oil,USO,75.41000366210938,75.69999694824219,74.66999816894531,74.97000122070312,74.97000122070312,4020200
2025-09-18,Oil,USO,75.12000274658203,75.66000366210938,74.27999877929688,74.69000244140625,74.69000244140625,4176200
2025-09-19,Oil,USO,73.94999694824219,74.4800033569336,73.33000183105469,73.5199966430664,73.5199966430664,5958100
2025-09-22,Oil,USO,72.80000305175781,73.58999633789062,72.72000122070312,73.44999694824219,73.44999694824219,2787100
2025-09-23,Oil,USO,74.36000061035156,75.33000183105469,74.33000183105469,75.05000305175781,75.05000305175781,5617600
2025-09-24,Oil,USO,75.87999725341797,76.69000244140625,75.58000183105469,76.38999938964844,76.38999938964844,3939900
2025-09-25,Oil,USO,76.02999877929688,77.04000091552734,75.55000305175781,76.98999786376953,76.98999786376953,5736700
2025-09-26,Oil,USO,77.05999755859375,78.31999969482422,76.93000030517578,77.0199966430664,77.0199966430664,5918400
2025-09-29,Oil,USO,75.43000030517578,75.5,74.31999969482422,74.58999633789062,74.58999633789062,6341200
2025-09-30,Oil,USO,73.87000274658203,74.3499984741211,73.4000015258789,73.75,73.75,7709100
2025-10-01,Oil,USO,72.6500015258789,73.48999786376953,72.45999908447266,73.13999938964844,73.13999938964844,6348600
2025-10-02,Oil,USO,72.27999877929688,72.95999908447266,71.27999877929688,71.54000091552734,71.54000091552734,6317200
2025-10-03,Oil,USO,71.7699966430664,72.30000305175781,71.62999725341797,71.70999908447266,71.70999908447266,6657000
2025-10-06,Oil,USO,72.43000030517578,73.16000366210938,72.23999786376953,72.87000274658203,72.87000274658203,5435400
2025-10-07,Oil,USO,72.4800033569336,73.2300033569336,72.22000122070312,73.19999694824219,73.19999694824219,4845800
2025-10-08,Oil,USO,73.5199966430664,74.12999725341797,73.25,73.52999877929688,73.52999877929688,4321100
2025-10-09,Oil,USO,73.80999755859375,73.91000366210938,72.23999786376953,72.51000213623047,72.51000213623047,4670900
2025-10-10,Oil,USO,70.7699966430664,71.37000274658203,69.30000305175781,69.38999938964844,69.38999938964844,8290900
2025-10-13,Oil,USO,70.30999755859375,70.88999938964844,69.9000015258789,70.27999877929688,70.27999877929688,4026900
2025-10-14,Oil,USO,69.1500015258789,69.5999984741211,68.51000213623047,69.0,69.0,5106900
2025-10-15,Oil,USO,69.70999908447266,69.86000061035156,68.70999908447266,68.98999786376953,68.98999786376953,4069300
2025-10-16,Oil,USO,69.12000274658203,69.22000122070312,67.52999877929688,67.80999755859375,67.80999755859375,7635800
2025-10-17,Oil,USO,67.72000122070312,68.16000366210938,67.44000244140625,67.9800033569336,67.9800033569336,5517900
2025-10-20,Oil,USO,66.9800033569336,67.9000015258789,66.9800033569336,67.83000183105469,67.83000183105469,6113000
2025-10-21,Oil,USO,68.05000305175781,69.13999938964844,67.04000091552734,68.2699966430664,68.2699966430664,10824400
2025-10-22,Oil,USO,69.5199966430664,71.18000030517578,69.33000183105469,70.62999725341797,70.62999725341797,14092800
2025-10-23,Oil,USO,73.11000061035156,73.98999786376953,72.86000061035156,73.29000091552734,73.29000091552734,9561300
2025-10-24,Oil,USO,73.66999816894531,74.25,73.08999633789062,73.18000030517578,73.18000030517578,6467300
2025-10-27,Oil,USO,73.20999908447266,73.81999969482422,72.7699966430664,73.12000274658203,73.12000274658203,4563100
2025-10-28,Oil,USO,72.05000305175781,72.33000183105469,71.13999938964844,71.38999938964844,71.38999938964844,4540300
2025-10-29,Oil,USO,71.80999755859375,72.63999938964844,71.73999786376953,71.80000305175781,71.80000305175781,4418000
2025-10-30,Oil,USO,71.38999938964844,72.3499984741211,71.16000366210938,71.70999908447266,71.70999908447266,2787200
2025-10-31,Oil,USO,72.56999969482422,72.88999938964844,72.01000213623047,72.55999755859375,72.55999755859375,7030300
2025-11-03,Oil,USO,72.55999755859375,73.19999694824219,72.05999755859375,72.73999786376953,72.73999786376953,4473600
2025-11-04,Oil,USO,71.91999816894531,72.5199966430664,71.77999877929688,71.93000030517578,71.93000030517578,3196200
2025-11-05,Oil,USO,71.68000030517578,72.45999908447266,70.94000244140625,71.02999877929688,71.02999877929688,3309200
2025-11-06,Oil,USO,70.62000274658203,71.11000061035156,70.12999725341797,70.87999725341797,70.87999725341797,4127300
2025-11-07,Oil,USO,71.27999877929688,71.44999694824219,70.72000122070312,71.26000213623047,71.26000213623047,3627000
2025-11-10,Oil,USO,71.58999633789062,71.7699966430664,70.86000061035156,71.68000030517578,71.68000030517578,2525500
2025-11-11,Oil,USO,72.43000030517578,73.06999969482422,72.43000030517578,72.72000122070312,72.72000122070312,3677200
2025-11-12,Oil,USO,71.08999633789062,71.08999633789062,69.63999938964844,69.79000091552734,69.79000091552734,5070800
2025-11-13,Oil,USO,70.5,70.54000091552734,69.8499984741211,69.8499984741211,69.8499984741211,4174700
2025-11-14,Oil,USO,71.31999969482422,71.95999908447266,71.12999725341797,71.37999725341797,71.37999725341797,4159900
2025-11-17,Oil,USO,71.5999984741211,71.77999877929688,71.29000091552734,71.30000305175781,71.30000305175781,3647400
2025-11-18,Oil,USO,71.31999969482422,72.68000030517578,70.91000366210938,72.5,72.5,5343000
2025-11-19,Oil,USO,70.4800033569336,70.91000366210938,70.11000061035156,70.87999725341797,70.87999725341797,4790200
2025-11-20,Oil,USO,71.2699966430664,71.79000091552734,70.0199966430664,70.1500015258789,70.1500015258789,5542200
2025-11-21,Oil,USO,69.2699966430664,69.52999877929688,68.58000183105469,69.30000305175781,69.30000305175781,7120500
2025-11-24,Oil,USO,69.2699966430664,70.58999633789062,68.8499984741211,70.41999816894531,70.41999816894531,4551300
2025-11-25,Oil,USO,68.94999694824219,69.48999786376953,68.26000213623047,69.25,69.25,5888800
2025-11-26,Oil,USO,69.06999969482422,70.19000244140625,69.05000305175781,70.04000091552734,70.04000091552734,3201800
2025-11-28,Oil,USO,70.44000244140625,71.30000305175781,70.44000244140625,71.06999969482422,71.06999969482422,3363800
2025-12-01,Oil,USO,70.61000061035156,71.33000183105469,70.61000061035156,71.05999755859375,71.05999755859375,4462800
2025-12-02,Oil,USO,70.54000091552734,71.04000091552734,69.72000122070312,70.19999694824219,70.19999694824219,6339600
2025-12-03,Oil,USO,70.75,71.30000305175781,70.37000274658203,70.66000366210938,70.66000366210938,3173600
2025-12-04,Oil,USO,70.6500015258789,71.76000213623047,70.3499984741211,71.38999938964844,71.38999938964844,3957500
2025-12-05,Oil,USO,71.33000183105469,72.33999633789062,71.30999755859375,71.91999816894531,71.91999816894531,4323600
2025-12-08,Oil,USO,70.81999969482422,71.18000030517578,70.2699966430664,70.48999786376953,70.48999786376953,3073400
2025-12-09,Oil,USO,70.37999725341797,70.41999816894531,69.66000366210938,69.86000061035156,69.86000061035156,3111300
2025-12-10,Oil,USO,69.43000030517578,70.69999694824219,69.12999725341797,70.54000091552734,70.54000091552734,8096000
2025-12-11,Oil,USO,68.58999633789062,69.29000091552734,68.30999755859375,69.25,69.25,8487500
2025-12-12,Oil,USO,68.87000274658203,69.12999725341797,68.47000122070312,68.80999755859375,68.80999755859375,5306000
2025-12-15,Oil,USO,68.48999786376953,68.52999877929688,67.61000061035156,67.88999938964844,67.88999938964844,6298800
2025-12-16,Oil,USO,66.75,66.77999877929688,65.98999786376953,66.16999816894531,66.16999816894531,6816100
2025-12-17,Oil,USO,67.22000122070312,68.05999755859375,66.83000183105469,67.9800033569336,67.9800033569336,7398000
2025-12-18,Oil,USO,67.7699966430664,67.94000244140625,67.0999984741211,67.19000244140625,67.19000244140625,4713800
2025-12-19,Oil,USO,67.73999786376953,68.19999694824219,67.44000244140625,68.02999877929688,68.02999877929688,4003300
2025-12-22,Oil,USO,69.55999755859375,69.8499984741211,69.22000122070312,69.7300033569336,69.7300033569336,4491500
2025-12-23,Oil,USO,69.62000274658203,70.36000061035156,69.44999694824219,70.30000305175781,70.30000305175781,3517300
2025-12-24,Oil,USO,70.47000122070312,70.58000183105469,69.94000244140625,70.19999694824219,70.19999694824219,1596400
2025-12-26,Oil,USO,69.66000366210938,69.76000213623047,68.18000030517578,68.4800033569336,68.4800033569336,4224500
2025-12-29,Oil,USO,69.8499984741211,70.12999725341797,69.56999969482422,69.61000061035156,69.61000061035156,2758000
2025-12-30,Oil,USO,70.27999877929688,70.33000183105469,69.6500015258789,69.73999786376953,69.73999786376953,2324200
2025-12-31,Oil,USO,70.19999694824219,70.26000213623047,68.8499984741211,69.16000366210938,69.16000366210938,2218700
2026-01-02,Oil,USO,68.43000030517578,69.1500015258789,68.1500015258789,68.95999908447266,68.95999908447266,5012300
2026-01-05,Oil,USO,69.7300033569336,70.4000015258789,69.2300033569336,70.22000122070312,70.22000122070312,4987100
2026-01-06,Oil,USO,70.5999984741211,70.73999786376953,68.45999908447266,68.51000213623047,68.51000213623047,5432900
2026-01-07,Oil,USO,68.23999786376953,68.30999755859375,67.3499984741211,67.79000091552734,67.79000091552734,5317500
2026-01-08,Oil,USO,68.79000091552734,70.6500015258789,68.38999938964844,70.54000091552734,70.54000091552734,6558600
2026-01-09,Oil,USO,70.87999725341797,71.94000244140625,70.7699966430664,70.77999877929688,70.77999877929688,5925100
2026-01-12,Oil,USO,70.95999908447266,72.0,70.47000122070312,71.6500015258789,71.6500015258789,5703400
2026-01-13,Oil,USO,72.77999877929688,73.94000244140625,72.75,73.4800033569336,73.4800033569336,10694200
2026-01-14,Oil,USO,74.26000213623047,75.16000366210938,71.41000366210938,72.61000061035156,72.61000061035156,17618100
2026-01-15,Oil,USO,71.5999984741211,71.70999908447266,71.0,71.12999725341797,71.12999725341797,4748400
2026-01-16,Oil,USO,72.30000305175781,72.5199966430664,71.56999969482422,71.6500015258789,71.6500015258789,4492100
2026-01-20,Oil,USO,72.80000305175781,73.12999725341797,71.70999908447266,71.86000061035156,71.86000061035156,7577200
2026-01-21,Oil,USO,72.83999633789062,73.45999908447266,72.5999984741211,73.33999633789062,73.33999633789062,4291300
2026-01-22,Oil,USO,72.43000030517578,72.5,71.2699966430664,71.81999969482422,71.81999969482422,4973400
2026-01-23,Oil,USO,73.76000213623047,74.05000305175781,73.37999725341797,73.94999694824219,73.94999694824219,5427600
2026-01-26,Oil,USO,73.36000061035156,73.7699966430664,72.94000244140625,73.4800033569336,73.4800033569336,4486300
2026-01-27,Oil,USO,73.94999694824219,75.70999908447266,73.69000244140625,75.66000366210938,75.66000366210938,6164600
2026-01-28,Oil,USO,76.26000213623047,76.73999786376953,75.62999725341797,76.62000274658203,76.62000274658203,6508700
2026-01-29,Oil,USO,80.11000061035156,80.37999725341797,78.16999816894531,79.13999938964844,79.13999938964844,13188800
2026-01-30,Oil,USO,79.44000244140625,79.94999694824219,77.6500015258789,79.5199966430664,79.5199966430664,11586200
2026-02-02,Oil,USO,75.5,75.66999816894531,74.45999908447266,75.33000183105469,75.33000183105469,8544400
2026-02-03,Oil,USO,75.8499984741211,77.63999938964844,75.63999938964844,77.47000122070312,77.47000122070312,10887400
2026-02-04,Oil,USO,76.5199966430664,79.37000274658203,76.19999694824219,77.87999725341797,77.87999725341797,17514900
2026-02-05,Oil,USO,76.86000061035156,77.30999755859375,75.87999725341797,76.69000244140625,76.69000244140625,5989500
2026-02-06,Oil,USO,76.23999786376953,77.98999786376953,76.16999816894531,76.98999786376953,76.98999786376953,6661500
2026-02-09,Oil,USO,76.83000183105469,78.62999725341797,76.79000091552734,78.0199966430664,78.0199966430664,3201100
2026-02-10,Oil,USO,78.30000305175781,78.44000244140625,77.27999877929688,78.02999877929688,78.02999877929688,6542000
2026-02-11,Oil,USO,79.68000030517578,79.83000183105469,78.23999786376953,78.88999938964844,78.88999938964844,10313100
2026-02-12,Oil,USO,78.0,78.06999969482422,75.70999908447266,76.37999725341797,76.37999725341797,7442600
2026-02-13,Oil,USO,76.12000274658203,76.72000122070312,75.66000366210938,76.22000122070312,76.22000122070312,6172200
2026-02-17,Oil,USO,76.20999908447266,76.4800033569336,75.18000030517578,75.7300033569336,75.7300033569336,9329600
2026-02-18,Oil,USO,77.91999816894531,79.62999725341797,77.8499984741211,79.4000015258789,79.4000015258789,10251400
2026-02-19,Oil,USO,80.43000030517578,81.2699966430664,79.69000244140625,81.19000244140625,81.19000244140625,11768000
2026-02-20,Oil,USO,80.54000091552734,81.23999786376953,80.16999816894531,80.8499984741211,80.8499984741211,9427300
2026-02-23,Oil,USO,81.48999786376953,81.91999816894531,80.5,80.9000015258789,80.9000015258789,5941200
2026-02-24,Oil,USO,81.19000244140625,81.22000122070312,79.80000305175781,80.76000213623047,80.76000213623047,10649500
2026-02-25,Oil,USO,80.0999984741211,80.13999938964844,79.31999969482422,79.7300033569336,79.7300033569336,6547300
2026-02-26,Oil,USO,78.1500015258789,81.23999786376953,78.04000091552734,79.7699966430664,79.7699966430664,18725900
2026-02-27,Oil,USO,82.0,82.12000274658203,80.58000183105469,81.94999694824219,81.94999694824219,12164700
2026-03-02,Oil,USO,87.62000274658203,88.63999938964844,83.19999694824219,87.19000244140625,87.19000244140625,41780500
2026-03-03,Oil,USO,94.0999984741211,94.37000274658203,87.33000183105469,90.19999694824219,90.19999694824219,50397900
2026-03-04,Oil,USO,90.22000122070312,91.58999633789062,89.11000061035156,91.55999755859375,91.55999755859375,28457300
2026-03-05,Oil,USO,94.45999908447266,98.83000183105469,94.05999755859375,96.30999755859375,96.30999755859375,47311300
2026-03-06,Oil,USO,105.37999725341797,109.9800033569336,104.52999877929688,108.7699966430664,108.7699966430664,68722000
2026-03-09,Oil,USO,119.41999816894531,124.06999969482422,98.47000122070312,104.33000183105469,104.33000183105469,143771900
2026-03-10,Oil,USO,107.12999725341797,107.55999755859375,94.2300033569336,105.86000061035156,105.86000061035156,135401400
2026-03-11,Oil,USO,105.02999877929688,108.36000061035156,100.98999786376953,108.05000305175781,108.05000305175781,80928900
2026-03-12,Oil,USO,115.69000244140625,119.12999725341797,113.91000366210938,118.38999938964844,118.38999938964844,93641500
2026-03-13,Oil,USO,115.08000183105469,121.1500015258789,114.55999755859375,119.88999938964844,119.88999938964844,59716000
2026-03-16,Oil,USO,116.93000030517578,118.91000366210938,114.36000061035156,115.02999877929688,115.02999877929688,66869700
2026-03-17,Oil,USO,117.41999816894531,119.12999725341797,116.06999969482422,118.83999633789062,118.83999633789062,40127600
2026-03-18,Oil,USO,121.02999877929688,122.87000274658203,117.44999694824219,121.66999816894531,121.66999816894531,70647800
2026-03-19,Oil,USO,120.4000015258789,125.19000244140625,114.68000030517578,117.36000061035156,117.36000061035156,96157300
2026-03-20,Oil,USO,118.95999908447266,123.0199966430664,118.33000183105469,121.43000030517578,121.43000030517578,49738900
2026-03-23,Oil,USO,113.29000091552734,114.44999694824219,106.44999694824219,110.55999755859375,110.55999755859375,91139700
2026-03-24,Oil,USO,115.2300033569336,116.3499984741211,112.7699966430664,114.54000091552734,114.54000091552734,48623800
2026-03-25,Oil,USO,109.29000091552734,114.25,109.0199966430664,113.38999938964844,113.38999938964844,41976300
2026-03-26,Oil,USO,116.7300033569336,118.94000244140625,115.19999694824219,117.26000213623047,117.26000213623047,42398600
2026-03-27,Oil,USO,120.79000091552734,125.30000305175781,120.47000122070312,124.19999694824219,124.19999694824219,32843700
2026-03-30,Oil,USO,126.83999633789062,130.0800018310547,126.30999755859375,129.8300018310547,129.8300018310547,40484900
2026-03-31,Oil,USO,129.35000610351562,130.92999267578125,124.19999694824219,127.25,127.25,58856900
2026-04-01,Oil,USO,124.86000061035156,125.7300033569336,122.4800033569336,124.08999633789062,124.08999633789062,45287000
2026-04-02,Oil,USO,139.27000427246094,140.0,131.88999938964844,137.9199981689453,137.9199981689453,63983600
2026-04-06,Oil,USO,138.50999450683594,140.88999938964844,136.3800048828125,138.94000244140625,138.94000244140625,28315500
2026-04-07,Oil,USO,141.3300018310547,143.97999572753906,130.0,138.0800018310547,138.0800018310547,50936400
2026-04-08,Oil,USO,119.05999755859375,125.2300033569336,118.05999755859375,124.58000183105469,124.58000183105469,52449300
2026-04-09,Oil,USO,127.19000244140625,129.63999938964844,123.05999755859375,126.95999908447266,126.95999908447266,44214800
2026-04-10,Oil,USO,125.61000061035156,127.77999877929688,123.9800033569336,124.81999969482422,124.81999969482422,16178900
2026-04-13,Oil,USO,133.3699951171875,133.52999877929688,127.16000366210938,128.47000122070312,128.47000122070312,22427800
2026-04-14,Oil,USO,127.0999984741211,127.2300033569336,122.91000366210938,123.8499984741211,123.8499984741211,14735600
2026-04-15,Oil,USO,123.25,125.23999786376953,122.33000183105469,122.58999633789062,122.58999633789062,13952800
2026-04-16,Oil,USO,124.06999969482422,128.27999877929688,124.05000305175781,125.83999633789062,125.83999633789062,13470200
2026-04-17,Oil,USO,114.7300033569336,116.87000274658203,110.3499984741211,116.04000091552734,116.04000091552734,38315300
2026-04-20,Oil,USO,119.83999633789062,122.87999725341797,119.4000015258789,121.31999969482422,121.31999969482422,15244900
2026-04-21,Oil,USO,121.51000213623047,128.88999938964844,121.02999877929688,128.25,128.25,23309500
2026-04-22,Oil,USO,127.36000061035156,131.00999450683594,127.06999969482422,129.39999389648438,129.39999389648438,11894500
2026-04-23,Oil,USO,131.25999450683594,137.4600067138672,129.8699951171875,134.72000122070312,134.72000122070312,19181600
2026-04-24,Oil,USO,132.6300048828125,133.8699951171875,129.5500030517578,132.39999389648438,132.39999389648438,14228400
2026-04-27,Oil,USO,133.9600067138672,136.49000549316406,133.2100067138672,134.72000122070312,134.72000122070312,7019600
2026-04-28,Oil,USO,138.85000610351562,140.39999389648438,138.02000427246094,139.60000610351562,139.60000610351562,11944900
2026-04-29,Oil,USO,146.14999389648438,151.6300048828125,145.94000244140625,150.6300048828125,150.6300048828125,14903300
2026-04-30,Oil,USO,146.32000732421875,149.05999755859375,144.47999572753906,147.08999633789062,147.08999633789062,10614100
2026-05-01,Oil,USO,143.52999877929688,143.85000610351562,138.8000030517578,142.8000030517578,142.8000030517578,12798600
2026-05-04,Oil,USO,143.85000610351562,149.47000122070312,142.22999572753906,147.61000061035156,147.61000061035156,15170600
2026-05-05,Oil,USO,143.91000366210938,144.8000030517578,142.13999938964844,144.1699981689453,144.1699981689453,8551000
2026-05-06,Oil,USO,135.3300018310547,136.63999938964844,132.55999755859375,133.9499969482422,133.9499969482422,12535300
2026-05-07,Oil,USO,128.77000427246094,136.7899932861328,127.37999725341797,134.97000122070312,134.97000122070312,15902200
2026-05-08,Oil,USO,132.3699951171875,135.22000122070312,132.13999938964844,133.58999633789062,133.58999633789062,7739600
2026-05-11,Oil,USO,136.69000244140625,140.89999389648438,135.86000061035156,138.66000366210938,138.66000366210938,6252800
2026-05-12,Oil,USO,143.8300018310547,144.8000030517578,143.08999633789062,144.3000030517578,144.3000030517578,6109900
2026-05-13,Oil,USO,143.9199981689453,145.0,141.27000427246094,142.0399932861328,142.0399932861328,4719900
2026-05-14,Oil,USO,140.94000244140625,143.0,140.58999633789062,143.0,143.0,4656000
2026-05-15,Oil,USO,145.5500030517578,148.41000366210938,145.1699981689453,148.22999572753906,148.22999572753906,5588300
2026-05-18,Oil,USO,145.91000366210938,154.0800018310547,144.9600067138672,149.2899932861328,149.2899932861328,10817300
2026-05-19,Oil,USO,152.8800048828125,153.5,150.22000122070312,152.9600067138672,152.9600067138672,5514800
2026-05-20,Oil,USO,149.4499969482422,150.5399932861328,141.9600067138672,144.27000427246094,144.27000427246094,11573800
2026-05-21,Oil,USO,149.27000427246094,150.25999450683594,140.22999572753906,142.5399932861328,142.5399932861328,10203800
2026-05-22,Oil,USO,141.42999267578125,143.77999877929688,138.7100067138672,140.9199981689453,140.9199981689453,7541300
2026-05-26,Oil,USO,136.33999633789062,138.6999969482422,135.94000244140625,137.0,137.0,7574200
2026-05-27,Oil,USO,131.38999938964844,133.5800018310547,129.63999938964844,131.02999877929688,131.02999877929688,8423300
2026-05-28,Oil,USO,133.33999633789062,133.83999633789062,127.7699966430664,130.77999877929688,130.77999877929688,7533300
2026-05-29,Oil,USO,128.30999755859375,130.32000732421875,126.55000305175781,129.08999633789062,129.08999633789062,8226600
2026-06-01,Oil,USO,135.64999389648438,138.91000366210938,133.02000427246094,135.5,135.5,11053300
2026-06-02,Oil,USO,135.07000732421875,137.6699981689453,134.17999267578125,137.27000427246094,137.27000427246094,3831200
2026-06-03,Oil,USO,139.4600067138672,141.4199981689453,138.38999938964844,140.86000061035156,140.86000061035156,4766200
2026-06-04,Oil,USO,136.6699981689453,137.0500030517578,135.00999450683594,136.74000549316406,136.74000549316406,4192000
2026-06-05,Oil,USO,135.13999938964844,135.1999969482422,132.24000549316406,133.02000427246094,133.02000427246094,4653800
2026-06-08,Oil,USO,134.9499969482422,136.52999877929688,133.9499969482422,135.14999389648438,135.14999389648438,4564300
2026-06-09,Oil,USO,132.00999450683594,133.0399932861328,128.17999267578125,131.3000030517578,131.3000030517578,9321500
2026-06-10,Oil,USO,132.92999267578125,136.61000061035156,132.6300048828125,134.3000030517578,134.3000030517578,7519500
2026-06-11,Oil,USO,134.27000427246094,135.97999572753906,127.87000274658203,128.8300018310547,128.8300018310547,12187300
2026-06-12,Oil,USO,127.02999877929688,129.77000427246094,125.30000305175781,125.43000030517578,125.43000030517578,8521300
2026-06-15,Oil,USO,119.83999633789062,121.4800033569336,119.0199966430664,121.20999908447266,121.20999908447266,5839100
2026-06-16,Oil,USO,116.33999633789062,116.98999786376953,113.30999755859375,115.47000122070312,115.47000122070312,7728800
2026-06-17,Oil,USO,115.44000244140625,120.0,114.12999725341797,114.2300033569336,114.2300033569336,5504000
2026-06-18,Oil,USO,112.47000122070312,115.33000183105469,110.4800033569336,114.87000274658203,114.87000274658203,5560100
2026-06-22,Oil,USO,112.62999725341797,112.80999755859375,111.12999725341797,112.69000244140625,112.69000244140625,4524400
2026-06-23,Oil,USO,110.91999816894531,111.52999877929688,110.05999755859375,111.26000213623047,111.26000213623047,3153900
2026-06-24,Oil,USO,106.29000091552734,107.66000366210938,105.6500015258789,106.29000091552734,106.29000091552734,5035500
2026-06-25,Oil,USO,106.02999877929688,110.05000305175781,105.87000274658203,109.30999755859375,109.30999755859375,6186900
2026-06-26,Oil,USO,105.83000183105469,106.16999816894531,104.06999969482422,105.4800033569336,105.4800033569336,9624500
2026-06-29,Oil,USO,106.6500015258789,107.98999786376953,106.19000244140625,107.08000183105469,107.08000183105469,3173300
2026-06-30,Oil,USO,108.1500015258789,108.1500015258789,105.12000274658203,106.44000244140625,106.44000244140625,3736500
2026-07-01,Oil,USO,104.55000305175781,105.0,103.1500015258789,103.2699966430664,103.2699966430664,3111300
2026-07-02,Oil,USO,102.8499984741211,104.45999908447266,102.41999816894531,103.9800033569336,103.9800033569336,2203900
2026-07-06,Oil,USO,104.52999877929688,105.0199966430664,103.66000366210938,104.3499984741211,104.3499984741211,1635900
2026-07-07,Oil,USO,105.66999816894531,109.83999633789062,105.48999786376953,108.91999816894531,108.91999816894531,7307100
2026-07-08,Oil,USO,112.36000061035156,115.0,110.94999694824219,112.20999908447266,112.20999908447266,14148900
2026-07-09,Oil,USO,110.83999633789062,110.9000015258789,108.37999725341797,109.01000213623047,109.01000213623047,5521900
2026-07-10,Oil,USO,109.30999755859375,110.9000015258789,107.48999786376953,108.69999694824219,108.69999694824219,4488400
2026-07-13,Oil,USO,111.88999938964844,119.05000305175781,111.70999908447266,117.79000091552734,117.79000091552734,13024300
2026-07-14,Oil,USO,120.6500015258789,121.37000274658203,117.7300033569336,120.16999816894531,120.16999816894531,10211300
2026-07-15,Oil,USO,121.44999694824219,121.87000274658203,118.3499984741211,121.37999725341797,121.37999725341797,6332500
2026-07-16,Oil,USO,121.20999908447266,121.43000030517578,118.69999694824219,119.30000305175781,119.30000305175781,3993100
2026-07-17,Oil,USO,123.19999694824219,124.87999725341797,121.44999694824219,123.95999908447266,123.95999908447266,5953900
2026-07-20,Oil,USO,123.77999877929688,126.56999969482422,123.44000244140625,125.51000213623047,125.51000213623047,6696100
2026-07-21,Oil,USO,128.9199981689453,129.39999389648438,127.5,128.85000610351562,128.85000610351562,6079700
2026-07-22,Oil,USO,131.4199981689453,132.91000366210938,130.58999633789062,131.67999267578125,131.67999267578125,6708200
2026-07-23,Oil,USO,138.52000427246094,142.3300018310547,138.14999389648438,139.49000549316406,139.49000549316406,12732100
2026-07-24,Oil,USO,137.72000122070312,137.80999755859375,133.52999877929688,136.69000244140625,136.69000244140625,9036300
2026-07-27,Oil,USO,128.66000366210938,128.66000366210938,124.58000183105469,124.76000213623047,124.76000213623047,9422500
2026-07-28,Oil,USO,123.66999816894531,124.55000305175781,118.4800033569336,120.48999786376953,120.48999786376953,8187100
2026-07-29,Oil,USO,128.4600067138672,130.3000030517578,128.00999450683594,129.30999755859375,129.30999755859375,7865600
2026-07-30,Oil,USO,127.12000274658203,129.2100067138672,126.91000366210938,127.4800033569336,127.4800033569336,3744800
2026-07-31,Oil,USO,130.17999267578125,130.97999572753906,127.94999694824219,129.1699981689453,129.1699981689453,4676600
2026-08-03,Oil,USO,120.80000305175781,122.86000061035156,119.54000091552734,122.12000274658203,122.12000274658203,7297300
2026-08-04,Oil,USO,117.0,117.62000274658203,114.86000061035156,115.77999877929688,115.77999877929688,7619300
2026-08-05,Oil,USO,115.95999908447266,116.01000213623047,113.86000061035156,114.87999725341797,114.87999725341797,5345700
2026-08-06,Oil,USO,116.45999908447266,119.7300033569336,116.19000244140625,118.87000274658203,118.87000274658203,5341900
2026-08-07,Oil,USO,117.66999816894531,120.0999984741211,117.51000213623047,117.9800033569336,117.9800033569336,4510600
2026-08-10,Oil,USO,122.08999633789062,126.27999877929688,122.05999755859375,125.91999816894531,125.91999816894531,5180900
2026-08-11,Oil,USO,124.75,127.8499984741211,124.45999908447266,127.61000061035156,127.61000061035156,8426700
2026-08-12,Oil,USO,126.63999938964844,127.83000183105469,125.86000061035156,127.30000305175781,127.30000305175781,3612400
2026-08-13,Oil,USO,124.56999969482422,126.95999908447266,123.19000244140625,125.02999877929688,125.02999877929688,5059900
2026-08-14,Oil,USO,124.79000091552734,126.91999816894531,124.16999816894531,126.5999984741211,126.5999984741211,3831900
2026-07-01,KOSDAQ,^KQ11,924.0900268554688,955.4500122070312,905.8699951171875,929.3499755859375,929.3499755859375,601200
2026-07-02,KOSDAQ,^KQ11,904.530029296875,904.530029296875,863.739990234375,866.719970703125,866.719970703125,560600
2026-07-03,KOSDAQ,^KQ11,875.1799926757812,875.3900146484375,823.97998046875,868.4099731445312,868.4099731445312,601100
2026-07-06,KOSDAQ,^KQ11,866.4000244140625,872.1199951171875,825.72998046875,847.0700073242188,847.0700073242188,535100
2026-07-07,KOSDAQ,^KQ11,843.739990234375,866.5900268554688,812.7000122070312,831.22998046875,831.22998046875,543500
2026-07-08,KOSDAQ,^KQ11,816.3900146484375,823.3300170898438,778.7000122070312,785.0,785.0,571900
2026-07-09,KOSDAQ,^KQ11,792.989990234375,819.6900024414062,778.1699829101562,794.0,794.0,442800
2026-07-10,KOSDAQ,^KQ11,807.0,845.8800048828125,800.3900146484375,837.4299926757812,837.4299926757812,491000
2026-07-13,KOSDAQ,^KQ11,839.719970703125,867.3800048828125,797.3400268554688,799.3599853515625,799.3599853515625,523400
2026-07-14,KOSDAQ,^KQ11,797.1599731445312,802.530029296875,749.760009765625,783.97998046875,783.97998046875,551600
2026-07-15,KOSDAQ,^KQ11,805.7100219726562,831.6799926757812,805.5900268554688,829.4299926757812,829.4299926757812,497400
2026-07-16,KOSDAQ,^KQ11,813.3200073242188,816.469970703125,786.5900268554688,791.8400268554688,791.8400268554688,525800
2026-07-20,KOSDAQ,^KQ11,773.2100219726562,783.739990234375,747.0,749.6400146484375,749.6400146484375,528400
2026-07-21,KOSDAQ,^KQ11,750.0700073242188,758.3599853515625,730.8099975585938,753.3400268554688,753.3400268554688,498800
2026-07-22,KOSDAQ,^KQ11,772.4099731445312,789.22998046875,751.0900268554688,751.0900268554688,751.0900268554688,501100
2026-07-23,KOSDAQ,^KQ11,763.510009765625,790.280029296875,760.8300170898438,790.280029296875,790.280029296875,498600
2026-07-24,KOSDAQ,^KQ11,777.5,777.5,746.5,748.219970703125,748.219970703125,500200
2026-07-27,KOSDAQ,^KQ11,760.5399780273438,780.3900146484375,753.72998046875,764.8599853515625,764.8599853515625,414900
2026-07-28,KOSDAQ,^KQ11,742.1300048828125,742.1300048828125,697.4500122070312,705.8499755859375,705.8499755859375,506800
2026-07-29,KOSDAQ,^KQ11,713.7100219726562,719.3900146484375,630.989990234375,662.6799926757812,662.6799926757812,638200
2026-07-30,KOSDAQ,^KQ11,654.719970703125,677.1900024414062,642.9500122070312,644.780029296875,644.780029296875,456400
2026-07-31,KOSDAQ,^KQ11,666.469970703125,723.5599975585938,663.25,719.760009765625,719.760009765625,445900
2026-08-03,KOSDAQ,^KQ11,709.989990234375,757.5999755859375,705.0700073242188,737.3499755859375,737.3499755859375,431200
2026-08-04,KOSDAQ,^KQ11,748.1900024414062,780.8499755859375,748.1900024414062,780.719970703125,780.719970703125,477600
2026-08-05,KOSDAQ,^KQ11,794.9299926757812,803.489990234375,783.3200073242188,799.5900268554688,799.5900268554688,587500
2026-08-06,KOSDAQ,^KQ11,797.4400024414062,813.5399780273438,779.0800170898438,801.6699829101562,801.6699829101562,554400
2026-08-07,KOSDAQ,^KQ11,807.6199951171875,814.7999877929688,776.5999755859375,798.8099975585938,798.8099975585938,509900
2026-08-10,KOSDAQ,^KQ11,807.6599731445312,855.3800048828125,807.6599731445312,854.469970703125,854.469970703125,551900
2026-08-11,KOSDAQ,^KQ11,848.5900268554688,875.1599731445312,840.4500122070312,857.8400268554688,857.8400268554688,533100
2026-08-12,KOSDAQ,^KQ11,854.8499755859375,860.760009765625,839.8599853515625,858.9099731445312,858.9099731445312,562000
2026-08-13,KOSDAQ,^KQ11,863.1500244140625,870.9600219726562,853.0900268554688,861.3699951171875,861.3699951171875,685600
2026-08-14,KOSDAQ,^KQ11,868.0700073242188,879.2899780273438,845.4099731445312,864.6500244140625,864.6500244140625,698600
2026-07-01,VIX,^VIX,17.110000610351562,17.299999237060547,15.970000267028809,16.59000015258789,16.59000015258789,0
2026-07-02,VIX,^VIX,17.049999237060547,17.209999084472656,15.789999961853027,16.149999618530273,16.149999618530273,0
2026-07-06,VIX,^VIX,16.399999618530273,16.5,15.5600004196167,15.569999694824219,15.569999694824219,0
2026-07-07,VIX,^VIX,15.869999885559082,16.639999389648438,15.529999732971191,16.1299991607666,16.1299991607666,0
2026-07-08,VIX,^VIX,16.549999237060547,18.90999984741211,16.350000381469727,16.899999618530273,16.899999618530273,0
2026-07-09,VIX,^VIX,16.579999923706055,17.270000457763672,15.760000228881836,15.84000015258789,15.84000015258789,0
2026-07-10,VIX,^VIX,16.059999465942383,16.15999984741211,14.960000038146973,15.029999732971191,15.029999732971191,0
2026-07-13,VIX,^VIX,16.31999969482422,17.40999984741211,16.030000686645508,17.15999984741211,17.15999984741211,0
2026-07-14,VIX,^VIX,17.209999084472656,17.559999465942383,16.149999618530273,16.5,16.5,0
2026-07-15,VIX,^VIX,16.200000762939453,16.56999969482422,15.640000343322754,15.670000076293945,15.670000076293945,0
2026-07-16,VIX,^VIX,15.819999694824219,17.229999542236328,15.770000457763672,16.729999542236328,16.729999542236328,0
2026-07-17,VIX,^VIX,18.010000228881836,19.5,17.68000030517578,18.770000457763672,18.770000457763672,0
2026-07-20,VIX,^VIX,18.899999618530273,18.940000534057617,17.40999984741211,18.649999618530273,18.649999618530273,0
2026-07-21,VIX,^VIX,17.479999542236328,17.989999771118164,16.860000610351562,17.049999237060547,17.049999237060547,0
2026-07-22,VIX,^VIX,17.420000076293945,19.489999771118164,16.639999389648438,16.639999389648438,16.639999389648438,0
2026-07-23,VIX,^VIX,17.670000076293945,20.309999465942383,17.31999969482422,18.700000762939453,18.700000762939453,0
2026-07-24,VIX,^VIX,18.959999084472656,19.049999237060547,17.40999984741211,18.579999923706055,18.579999923706055,0
2026-07-27,VIX,^VIX,17.6200008392334,19.93000030517578,17.530000686645508,18.670000076293945,18.670000076293945,0
2026-07-28,VIX,^VIX,19.049999237060547,19.520000457763672,17.8799991607666,18.209999084472656,18.209999084472656,0
2026-07-29,VIX,^VIX,18.270000457763672,20.8799991607666,17.450000762939453,20.65999984741211,20.65999984741211,0
2026-07-30,VIX,^VIX,19.559999465942383,20.079999923706055,17.0,17.09000015258789,17.09000015258789,0
2026-07-31,VIX,^VIX,16.81999969482422,18.700000762939453,15.819999694824219,15.989999771118164,15.989999771118164,0
2026-08-03,VIX,^VIX,16.030000686645508,16.299999237060547,15.539999961853027,15.859999656677246,15.859999656677246,0
2026-08-04,VIX,^VIX,15.760000228881836,16.649999618530273,15.510000228881836,16.5,16.5,0
2026-08-05,VIX,^VIX,16.149999618530273,18.43000030517578,15.479999542236328,15.8100004196167,15.8100004196167,0
2026-08-06,VIX,^VIX,15.829999923706055,16.030000686645508,15.109999656677246,15.149999618530273,15.149999618530273,0
2026-08-07,VIX,^VIX,15.300000190734863,15.359999656677246,14.770000457763672,14.899999618530273,14.899999618530273,0
2026-08-10,VIX,^VIX,15.399999618530273,15.720000267028809,15.100000381469727,15.460000038146973,15.460000038146973,0
2026-08-11,VIX,^VIX,15.420000076293945,15.609999656677246,15.229999542236328,15.279999732971191,15.279999732971191,0
2026-08-12,VIX,^VIX,15.279999732971191,15.420000076293945,14.390000343322754,14.550000190734863,14.550000190734863,0
2026-08-13,VIX,^VIX,14.680000305175781,14.800000190734863,14.390000343322754,14.630000114440918,14.630000114440918,0
2026-08-14,VIX,^VIX,14.640000343322754,14.720000267028809,14.180000305175781,14.25,14.25,0
2026-07-01,SOXX,SOXX,616.8200073242188,622.8900146484375,597.8800048828125,599.7000122070312,599.7000122070312,9983000
2026-07-02,SOXX,SOXX,601.239990234375,608.1099853515625,554.9099731445312,566.3200073242188,566.3200073242188,16092600
2026-07-06,SOXX,SOXX,583.1500244140625,598.0,580.47998046875,581.510009765625,581.510009765625,8419400
2026-07-07,SOXX,SOXX,551.9299926757812,558.0599975585938,536.1199951171875,551.6900024414062,551.6900024414062,12285700
2026-07-08,SOXX,SOXX,544.6599731445312,564.5,543.8699951171875,562.030029296875,562.030029296875,7195400
2026-07-09,SOXX,SOXX,589.5,594.989990234375,579.1400146484375,581.7000122070312,581.7000122070312,10026200
2026-07-10,SOXX,SOXX,571.989990234375,585.7899780273438,566.6699829101562,581.3400268554688,581.3400268554688,5861000
2026-07-13,SOXX,SOXX,563.5800170898438,566.6500244140625,550.260009765625,553.6099853515625,553.6099853515625,8307000
2026-07-14,SOXX,SOXX,580.510009765625,580.6699829101562,560.239990234375,567.9199829101562,567.9199829101562,7372300
2026-07-15,SOXX,SOXX,575.1199951171875,575.8800048828125,538.530029296875,555.27001953125,555.27001953125,10199600
2026-07-16,SOXX,SOXX,539.0499877929688,545.5499877929688,525.4299926757812,530.5,530.5,10343300
2026-07-17,SOXX,SOXX,508.54998779296875,533.1900024414062,498.5400085449219,521.8099975585938,521.8099975585938,15576800
2026-07-20,SOXX,SOXX,534.0,539.5399780273438,522.8400268554688,524.1400146484375,524.1400146484375,6533100
2026-07-21,SOXX,SOXX,549.0999755859375,555.1599731445312,540.1500244140625,552.6900024414062,552.6900024414062,10079700
2026-07-22,SOXX,SOXX,538.75,561.1799926757812,538.719970703125,555.52001953125,555.52001953125,6268400
2026-07-23,SOXX,SOXX,545.5,558.0900268554688,543.7899780273438,551.239990234375,551.239990234375,6689500
2026-07-24,SOXX,SOXX,544.3599853515625,548.0,522.2100219726562,527.010009765625,527.010009765625,10952000
2026-07-27,SOXX,SOXX,532.6400146484375,534.3099975585938,500.0,516.22998046875,516.22998046875,13472800
2026-07-28,SOXX,SOXX,496.739990234375,498.4800109863281,480.5,491.4599914550781,491.4599914550781,14904200
2026-07-29,SOXX,SOXX,488.6499938964844,496.05999755859375,464.0799865722656,465.0,465.0,18817200
2026-07-30,SOXX,SOXX,491.57000732421875,509.9800109863281,488.010009765625,504.5299987792969,504.5299987792969,17477800
2026-07-31,SOXX,SOXX,527.0999755859375,532.6699829101562,501.29998779296875,504.8900146484375,504.8900146484375,13113700
2026-08-03,SOXX,SOXX,491.9200134277344,510.95001220703125,485.7099914550781,507.67999267578125,507.67999267578125,10302000
2026-08-04,SOXX,SOXX,529.3099975585938,545.3900146484375,526.5700073242188,542.2100219726562,542.2100219726562,10898600
2026-08-05,SOXX,SOXX,536.4000244140625,547.5700073242188,528.8800048828125,530.7000122070312,530.7000122070312,9649300
2026-08-06,SOXX,SOXX,522.6599731445312,542.5599975585938,516.4099731445312,532.52001953125,532.52001953125,7654700
2026-08-07,SOXX,SOXX,545.2000122070312,547.9000244140625,531.27001953125,543.27001953125,543.27001953125,5262600
2026-08-10,SOXX,SOXX,545.8499755859375,547.219970703125,529.3900146484375,529.3900146484375,529.3900146484375,8763500
2026-08-11,SOXX,SOXX,537.9099731445312,539.0499877929688,530.0999755859375,534.2000122070312,534.2000122070312,7176100
2026-08-12,SOXX,SOXX,553.4000244140625,554.1099853515625,546.469970703125,546.6099853515625,546.6099853515625,7723600
2026-08-13,SOXX,SOXX,547.1400146484375,562.25,546.4000244140625,550.739990234375,550.739990234375,5940700
2026-08-14,SOXX,SOXX,549.5800170898438,552.8900146484375,542.9299926757812,550.4199829101562,550.4199829101562,4302100
2026-07-01,Energy,XLE,53.04999923706055,53.439998626708984,52.619998931884766,52.810001373291016,52.810001373291016,33662700
2026-07-02,Energy,XLE,53.2400016784668,53.650001525878906,52.90999984741211,53.220001220703125,53.220001220703125,28525600
2026-07-06,Energy,XLE,53.060001373291016,53.54999923706055,53.0,53.130001068115234,53.130001068115234,24735300
2026-07-07,Energy,XLE,53.61000061035156,54.81999969482422,53.599998474121094,54.63999938964844,54.63999938964844,41833600
2026-07-08,Energy,XLE,55.459999084472656,56.040000915527344,54.869998931884766,55.599998474121094,55.599998474121094,39741400
2026-07-09,Energy,XLE,55.279998779296875,55.47999954223633,54.72999954223633,54.81999969482422,54.81999969482422,21770700
2026-07-10,Energy,XLE,55.08000183105469,55.2400016784668,54.36000061035156,55.08000183105469,55.08000183105469,22974700
2026-07-13,Energy,XLE,55.86000061035156,56.970001220703125,55.86000061035156,56.7400016784668,56.7400016784668,41200900
2026-07-14,Energy,XLE,57.0,57.220001220703125,56.290000915527344,56.95000076293945,56.95000076293945,32579000
2026-07-15,Energy,XLE,56.939998626708984,57.040000915527344,55.7599983215332,56.5,56.5,33184200
2026-07-16,Energy,XLE,56.65999984741211,57.29999923706055,56.599998474121094,57.02000045776367,57.02000045776367,27477000
2026-07-17,Energy,XLE,57.95000076293945,58.119998931884766,57.279998779296875,57.68000030517578,57.68000030517578,31397800
2026-07-20,Energy,XLE,57.560001373291016,58.38999938964844,57.40999984741211,57.939998626708984,57.939998626708984,27329300
2026-07-21,Energy,XLE,58.15999984741211,58.529998779296875,57.83000183105469,58.5,58.5,20315700
2026-07-22,Energy,XLE,59.27000045776367,59.52000045776367,58.900001525878906,59.20000076293945,59.20000076293945,29548600
2026-07-23,Energy,XLE,60.2400016784668,60.380001068115234,59.27000045776367,59.380001068115234,59.380001068115234,35838600
2026-07-24,Energy,XLE,59.400001525878906,60.45000076293945,59.400001525878906,59.619998931884766,59.619998931884766,34181900
2026-07-27,Energy,XLE,58.40999984741211,59.279998779296875,58.22999954223633,58.36000061035156,58.36000061035156,33819500
2026-07-28,Energy,XLE,58.40999984741211,58.790000915527344,57.25,57.56999969482422,57.56999969482422,27800800
2026-07-29,Energy,XLE,59.08000183105469,59.29999923706055,58.41999816894531,58.650001525878906,58.650001525878906,34166800
2026-07-30,Energy,XLE,58.08000183105469,59.11000061035156,58.02000045776367,58.959999084472656,58.959999084472656,23045700
2026-07-31,Energy,XLE,58.93000030517578,59.689998626708984,58.31999969482422,59.54999923706055,59.54999923706055,23556500
2026-08-03,Energy,XLE,58.689998626708984,59.33000183105469,58.15999984741211,58.790000915527344,58.790000915527344,26038400
2026-08-04,Energy,XLE,57.70000076293945,58.720001220703125,57.130001068115234,58.52000045776367,58.52000045776367,37661500
2026-08-05,Energy,XLE,58.77000045776367,58.97999954223633,57.209999084472656,57.310001373291016,57.310001373291016,33213500
2026-08-06,Energy,XLE,58.38999938964844,58.560001373291016,57.58000183105469,58.15999984741211,58.15999984741211,25084300
2026-08-07,Energy,XLE,57.529998779296875,58.04999923706055,57.11000061035156,57.5,57.5,21092700
2026-08-10,Energy,XLE,58.189998626708984,60.209999084472656,58.099998474121094,60.18000030517578,60.18000030517578,33677800
2026-08-11,Energy,XLE,59.9900016784668,61.08000183105469,59.9900016784668,60.93000030517578,60.93000030517578,22400800
2026-08-12,Energy,XLE,60.470001220703125,61.16999816894531,60.34000015258789,61.029998779296875,61.029998779296875,22584200
2026-08-13,Energy,XLE,60.52000045776367,61.130001068115234,60.22999954223633,61.060001373291016,61.060001373291016,20703600
2026-08-14,Energy,XLE,61.369998931884766,62.11000061035156,61.25,61.90999984741211,61.90999984741211,22759600
2026-07-01,Financials,XLF,53.83000183105469,55.08000183105469,53.75,54.779998779296875,54.779998779296875,47809800
2026-07-02,Financials,XLF,55.279998779296875,55.63999938964844,55.0099983215332,55.619998931884766,55.619998931884766,46246100
2026-07-06,Financials,XLF,55.849998474121094,56.15999984741211,55.58000183105469,56.13999938964844,56.13999938964844,32043700
2026-07-07,Financials,XLF,56.310001373291016,56.59000015258789,56.0099983215332,56.04999923706055,56.04999923706055,27116500
2026-07-08,Financials,XLF,55.790000915527344,55.79999923706055,54.95000076293945,54.970001220703125,54.970001220703125,41648100
2026-07-09,Financials,XLF,55.06999969482422,55.689998626708984,54.970001220703125,55.540000915527344,55.540000915527344,26542000
2026-07-10,Financials,XLF,55.9900016784668,56.029998779296875,55.36000061035156,55.709999084472656,55.709999084472656,24046300
2026-07-13,Financials,XLF,55.97999954223633,56.15999984741211,55.61000061035156,56.06999969482422,56.06999969482422,33391000
2026-07-14,Financials,XLF,55.599998474121094,56.79999923706055,55.59000015258789,56.18000030517578,56.18000030517578,43208800
2026-07-15,Financials,XLF,56.29999923706055,56.81999969482422,56.18000030517578,56.560001373291016,56.560001373291016,49425400
2026-07-16,Financials,XLF,56.7599983215332,56.84000015258789,56.38999938964844,56.75,56.75,27591200
2026-07-17,Financials,XLF,56.43000030517578,56.939998626708984,56.119998931884766,56.2599983215332,56.2599983215332,42881800
2026-07-20,Financials,XLF,56.29999923706055,56.380001068115234,55.88999938964844,56.040000915527344,56.040000915527344,38162600
2026-07-21,Financials,XLF,55.9900016784668,56.34000015258789,55.720001220703125,56.11000061035156,56.11000061035156,26399000
2026-07-22,Financials,XLF,56.13999938964844,56.279998779296875,55.90999984741211,56.04999923706055,56.04999923706055,25430900
2026-07-23,Financials,XLF,55.68000030517578,55.86000061035156,55.45000076293945,55.83000183105469,55.83000183105469,24311000
2026-07-24,Financials,XLF,55.83000183105469,56.380001068115234,55.689998626708984,56.310001373291016,56.310001373291016,32212900
2026-07-27,Financials,XLF,56.7599983215332,57.130001068115234,56.59000015258789,56.880001068115234,56.880001068115234,29805900
2026-07-28,Financials,XLF,57.130001068115234,57.599998474121094,56.95000076293945,57.599998474121094,57.599998474121094,34204400
2026-07-29,Financials,XLF,57.290000915527344,57.470001220703125,56.59000015258789,56.68000030517578,56.68000030517578,49038800
2026-07-30,Financials,XLF,56.81999969482422,57.04999923706055,56.18000030517578,57.0,57.0,33184200
2026-07-31,Financials,XLF,56.810001373291016,57.119998931884766,56.689998626708984,56.939998626708984,56.939998626708984,32543500
2026-08-03,Financials,XLF,57.290000915527344,57.54999923706055,57.0,57.380001068115234,57.380001068115234,31019400
2026-08-04,Financials,XLF,57.220001220703125,58.02000045776367,57.189998626708984,57.880001068115234,57.880001068115234,31466100
2026-08-05,Financials,XLF,58.18000030517578,58.40999984741211,57.79999923706055,58.0,58.0,34275600
2026-08-06,Financials,XLF,58.380001068115234,58.380001068115234,57.59000015258789,57.810001373291016,57.810001373291016,27704200
2026-08-07,Financials,XLF,57.61000061035156,57.790000915527344,57.34000015258789,57.599998474121094,57.599998474121094,20816700
2026-08-10,Financials,XLF,57.540000915527344,58.02000045776367,57.459999084472656,57.810001373291016,57.810001373291016,26070800
2026-08-11,Financials,XLF,57.779998779296875,58.099998474121094,57.720001220703125,57.79999923706055,57.79999923706055,19797000
2026-08-12,Financials,XLF,57.83000183105469,58.0,57.68000030517578,57.91999816894531,57.91999816894531,18531700
2026-08-13,Financials,XLF,58.189998626708984,58.310001373291016,57.75,58.2599983215332,58.2599983215332,23193500
2026-08-14,Financials,XLF,58.220001220703125,58.290000915527344,58.060001373291016,58.15999984741211,58.15999984741211,28127600
2026-07-01,Health Care,XLV,159.61000061035156,159.9600067138672,158.5,159.5399932861328,159.5399932861328,10123700
2026-07-02,Health Care,XLV,160.6699981689453,163.85000610351562,160.3800048828125,163.74000549316406,163.74000549316406,14719400
2026-07-06,Health Care,XLV,163.1999969482422,163.4499969482422,160.25,161.9600067138672,161.9600067138672,16123400
2026-07-07,Health Care,XLV,164.75,165.61000061035156,163.8800048828125,164.44000244140625,164.44000244140625,12143500
2026-07-08,Health Care,XLV,163.4199981689453,163.99000549316406,162.25999450683594,162.3000030517578,162.3000030517578,9287900
2026-07-09,Health Care,XLV,161.8000030517578,163.4199981689453,161.36000061035156,162.1699981689453,162.1699981689453,9576400
2026-07-10,Health Care,XLV,162.47999572753906,162.66000366210938,160.24000549316406,160.83999633789062,160.83999633789062,9497100
2026-07-13,Health Care,XLV,160.97000122070312,162.24000549316406,160.32000732421875,161.41000366210938,161.41000366210938,6873000
2026-07-14,Health Care,XLV,159.77999877929688,160.0800018310547,157.77999877929688,158.2899932861328,158.2899932861328,11523000
2026-07-15,Health Care,XLV,157.3800048828125,159.35000610351562,157.25,158.2899932861328,158.2899932861328,10885300
2026-07-16,Health Care,XLV,160.35000610351562,162.63999938964844,159.94000244140625,161.8000030517578,161.8000030517578,11819000
2026-07-17,Health Care,XLV,161.80999755859375,164.0,160.8800048828125,161.08999633789062,161.08999633789062,9166500
2026-07-20,Health Care,XLV,161.0,161.49000549316406,159.17999267578125,159.25,159.25,6635300
2026-07-21,Health Care,XLV,157.52999877929688,160.3699951171875,157.22999572753906,160.25,160.25,6594900
2026-07-22,Health Care,XLV,160.97000122070312,160.97000122070312,158.9499969482422,159.42999267578125,159.42999267578125,5599500
2026-07-23,Health Care,XLV,159.89999389648438,161.61000061035156,159.32000732421875,161.44000244140625,161.44000244140625,6448200
2026-07-24,Health Care,XLV,162.47000122070312,163.25,161.5800018310547,162.57000732421875,162.57000732421875,7647900
2026-07-27,Health Care,XLV,163.00999450683594,164.57000732421875,162.35000610351562,163.39999389648438,163.39999389648438,8056000
2026-07-28,Health Care,XLV,165.99000549316406,168.52999877929688,165.75,167.25999450683594,167.25999450683594,12774800
2026-07-29,Health Care,XLV,167.14999389648438,168.16000366210938,165.77000427246094,166.24000549316406,166.24000549316406,11656900
2026-07-30,Health Care,XLV,163.25,163.9499969482422,161.86000061035156,163.52000427246094,163.52000427246094,12475200
2026-07-31,Health Care,XLV,162.30999755859375,163.22999572753906,160.72999572753906,162.5500030517578,162.5500030517578,9604900
2026-08-03,Health Care,XLV,163.6300048828125,164.72999572753906,161.35000610351562,162.24000549316406,162.24000549316406,10986300
2026-08-04,Health Care,XLV,162.0,162.49000549316406,160.97000122070312,162.10000610351562,162.10000610351562,15129600
2026-08-05,Health Care,XLV,163.63999938964844,165.35000610351562,162.6199951171875,164.16000366210938,164.16000366210938,15216000
2026-08-06,Health Care,XLV,166.13999938964844,167.02000427246094,163.02999877929688,164.4499969482422,164.4499969482422,9435100
2026-08-07,Health Care,XLV,163.9199981689453,165.77000427246094,162.9199981689453,165.67999267578125,165.67999267578125,7971800
2026-08-10,Health Care,XLV,165.67999267578125,168.5,165.5500030517578,168.44000244140625,168.44000244140625,6995900
2026-08-11,Health Care,XLV,168.27999877929688,169.66000366210938,167.63999938964844,168.00999450683594,168.00999450683594,6680900
2026-08-12,Health Care,XLV,166.4199981689453,168.8800048828125,165.75999450683594,168.44000244140625,168.44000244140625,7138300
2026-08-13,Health Care,XLV,169.49000549316406,169.7100067138672,167.83999633789062,168.3800048828125,168.3800048828125,6730100
2026-08-14,Health Care,XLV,167.66000366210938,167.77000427246094,166.4499969482422,167.3699951171875,167.3699951171875,5020700
2026-07-01,Consumer,XLY,117.77999877929688,119.16000366210938,116.9000015258789,118.08999633789062,118.08999633789062,9864300
2026-07-02,Consumer,XLY,118.62999725341797,119.20999908447266,116.58000183105469,117.12000274658203,117.12000274658203,10882400
2026-07-06,Consumer,XLY,117.52999877929688,118.19000244140625,116.0999984741211,118.01000213623047,118.01000213623047,9063600
2026-07-07,Consumer,XLY,118.91999816894531,119.12000274658203,117.11000061035156,117.38999938964844,117.38999938964844,9191400
2026-07-08,Consumer,XLY,116.30999755859375,116.31999969482422,114.44000244140625,115.30000305175781,115.30000305175781,15042700
2026-07-09,Consumer,XLY,114.72000122070312,116.87999725341797,114.55000305175781,116.8499984741211,116.8499984741211,8521800
2026-07-10,Consumer,XLY,117.58999633789062,117.88999938964844,116.4800033569336,117.23999786376953,117.23999786376953,5971500
2026-07-13,Consumer,XLY,117.19999694824219,117.5199966430664,115.62000274658203,116.04000091552734,116.04000091552734,5984800
2026-07-14,Consumer,XLY,116.01000213623047,116.4000015258789,115.45999908447266,115.9000015258789,115.9000015258789,6669300
2026-07-15,Consumer,XLY,116.45999908447266,117.80999755859375,116.45999908447266,117.0,117.0,9073000
2026-07-16,Consumer,XLY,117.12000274658203,118.22000122070312,116.86000061035156,117.33999633789062,117.33999633789062,6057000
2026-07-17,Consumer,XLY,115.91000366210938,116.87000274658203,115.31999969482422,115.44000244140625,115.44000244140625,10275100
2026-07-20,Consumer,XLY,116.22000122070312,116.22000122070312,114.37999725341797,114.61000061035156,114.61000061035156,7804500
2026-07-21,Consumer,XLY,114.63999938964844,115.16999816894531,114.27999877929688,114.87000274658203,114.87000274658203,6557800
2026-07-22,Consumer,XLY,114.9000015258789,115.2300033569336,113.81999969482422,114.0199966430664,114.0199966430664,7106000
2026-07-23,Consumer,XLY,110.4800033569336,110.58999633789062,108.29000091552734,108.76000213623047,108.76000213623047,12650300
2026-07-24,Consumer,XLY,109.0999984741211,109.94000244140625,108.6500015258789,109.41000366210938,109.41000366210938,8210700
2026-07-27,Consumer,XLY,110.87000274658203,111.36000061035156,110.30000305175781,110.83999633789062,110.83999633789062,6979100
2026-07-28,Consumer,XLY,111.66000366210938,112.52999877929688,111.25,112.4800033569336,112.4800033569336,6017900
2026-07-29,Consumer,XLY,111.94999694824219,113.58999633789062,111.44000244140625,111.61000061035156,111.61000061035156,7534100
2026-07-30,Consumer,XLY,112.16999816894531,112.80000305175781,111.45999908447266,112.38999938964844,112.38999938964844,8074000
2026-07-31,Consumer,XLY,115.44000244140625,116.38999938964844,114.97000122070312,116.08999633789062,116.08999633789062,13158000
2026-08-03,Consumer,XLY,117.63999938964844,119.12000274658203,117.63999938964844,118.20999908447266,118.20999908447266,10041500
2026-08-04,Consumer,XLY,117.52999877929688,118.56999969482422,117.12000274658203,118.29000091552734,118.29000091552734,10500800
2026-08-05,Consumer,XLY,119.27999877929688,119.63999938964844,118.06999969482422,118.63999938964844,118.63999938964844,6117400
2026-08-06,Consumer,XLY,118.61000061035156,118.80000305175781,117.70999908447266,118.0999984741211,118.0999984741211,4827900
2026-08-07,Consumer,XLY,118.5199966430664,120.44000244140625,118.5,119.86000061035156,119.86000061035156,5077300
2026-08-10,Consumer,XLY,119.2300033569336,119.86000061035156,118.86000061035156,119.66999816894531,119.66999816894531,4466100
2026-08-11,Consumer,XLY,119.66999816894531,119.95999908447266,119.11000061035156,119.23999786376953,119.23999786376953,3788600
2026-08-12,Consumer,XLY,119.31999969482422,119.31999969482422,117.55000305175781,117.88999938964844,117.88999938964844,4486900
2026-08-13,Consumer,XLY,118.04000091552734,118.93000030517578,117.88999938964844,118.44999694824219,118.44999694824219,4521100
2026-08-14,Consumer,XLY,118.47000122070312,119.18000030517578,118.08999633789062,118.19999694824219,118.19999694824219,3839300
2026-07-01,Industrials,XLI,184.3699951171875,185.64999389648438,182.72000122070312,183.36000061035156,183.36000061035156,8112800
2026-07-02,Industrials,XLI,184.7100067138672,185.47999572753906,181.91000366210938,183.91000366210938,183.91000366210938,6530800
2026-07-06,Industrials,XLI,184.6999969482422,186.4499969482422,184.6999969482422,185.55999755859375,185.55999755859375,6701800
2026-07-07,Industrials,XLI,184.5399932861328,184.9199981689453,180.66000366210938,182.3800048828125,182.3800048828125,7721500
2026-07-08,Industrials,XLI,180.75999450683594,181.88999938964844,179.0800018310547,180.4199981689453,180.4199981689453,7333300
2026-07-09,Industrials,XLI,182.42999267578125,182.75,180.72999572753906,181.11000061035156,181.11000061035156,5381900
2026-07-10,Industrials,XLI,181.14999389648438,182.5800018310547,180.16000366210938,181.9199981689453,181.9199981689453,5315600
2026-07-13,Industrials,XLI,181.52000427246094,182.17999267578125,179.8000030517578,180.3699951171875,180.3699951171875,5384700
2026-07-14,Industrials,XLI,181.6699981689453,182.50999450683594,179.86000061035156,180.4499969482422,180.4499969482422,6672800
2026-07-15,Industrials,XLI,180.77999877929688,181.02000427246094,177.77999877929688,180.05999755859375,180.05999755859375,7491300
2026-07-16,Industrials,XLI,178.7899932861328,180.55999755859375,178.5500030517578,180.14999389648438,180.14999389648438,6093200
2026-07-17,Industrials,XLI,178.25999450683594,181.4600067138672,177.60000610351562,179.41000366210938,179.41000366210938,8061700
2026-07-20,Industrials,XLI,180.61000061035156,181.27000427246094,177.58999633789062,178.1199951171875,178.1199951171875,6044600
2026-07-21,Industrials,XLI,179.50999450683594,179.94000244140625,177.75999450683594,178.66000366210938,178.66000366210938,4836000
2026-07-22,Industrials,XLI,178.1999969482422,179.83999633789062,178.13999938964844,178.85000610351562,178.85000610351562,4350100
2026-07-23,Industrials,XLI,179.08999633789062,182.97999572753906,179.08999633789062,181.94000244140625,181.94000244140625,8556000
2026-07-24,Industrials,XLI,181.9199981689453,183.89999389648438,181.74000549316406,182.66000366210938,182.66000366210938,5507700
2026-07-27,Industrials,XLI,183.6199951171875,184.4199981689453,180.83999633789062,183.1999969482422,183.1999969482422,6193700
2026-07-28,Industrials,XLI,182.6300048828125,182.9499969482422,181.44000244140625,182.49000549316406,182.49000549316406,5707200
2026-07-29,Industrials,XLI,181.0,181.44000244140625,176.35000610351562,176.66000366210938,176.66000366210938,9505200
2026-07-30,Industrials,XLI,178.92999267578125,179.10000610351562,175.9600067138672,178.38999938964844,178.38999938964844,7367000
2026-07-31,Industrials,XLI,180.5,180.9199981689453,177.88999938964844,179.83999633789062,179.83999633789062,7206200
2026-08-03,Industrials,XLI,180.4600067138672,183.35000610351562,180.10000610351562,183.16000366210938,183.16000366210938,8814000
2026-08-04,Industrials,XLI,185.63999938964844,186.8699951171875,183.27999877929688,186.39999389648438,186.39999389648438,10498000
2026-08-05,Industrials,XLI,186.5800018310547,188.19000244140625,185.99000549316406,186.35000610351562,186.35000610351562,5641100
2026-08-06,Industrials,XLI,186.6999969482422,187.4600067138672,184.5,184.75999450683594,184.75999450683594,5520400
2026-08-07,Industrials,XLI,185.4499969482422,185.8699951171875,183.99000549316406,185.17999267578125,185.17999267578125,6170200
2026-08-10,Industrials,XLI,185.92999267578125,185.92999267578125,184.3699951171875,184.60000610351562,184.60000610351562,3438400
2026-08-11,Industrials,XLI,185.0800018310547,187.25999450683594,185.02999877929688,185.6999969482422,185.6999969482422,4893700
2026-08-12,Industrials,XLI,187.1699981689453,187.41000366210938,185.14999389648438,185.8800048828125,185.8800048828125,4052000
2026-08-13,Industrials,XLI,186.47999572753906,186.6699981689453,184.74000549316406,185.7899932861328,185.7899932861328,4942500
2026-08-14,Industrials,XLI,186.17999267578125,186.8800048828125,185.60000610351562,186.50999450683594,186.50999450683594,3590300
